solid OpenSCAD_Model
  facet normal -0.707107 -0.707107 0
    outer loop
      vertex 33.5 26.5 0
      vertex 32 28 3
      vertex 32 28 0
    endloop
  endfacet
  facet normal -0.707107 -0.707107 0
    outer loop
      vertex 32 28 3
      vertex 33.5 26.5 0
      vertex 33.5 26.5 3
    endloop
  endfacet
  facet normal 1 -0 0
    outer loop
      vertex 18.5 25.5 3
      vertex 18.5 26.5 0
      vertex 18.5 26.5 3
    endloop
  endfacet
  facet normal 1 0 0
    outer loop
      vertex 18.5 26.5 0
      vertex 18.5 25.5 3
      vertex 18.5 25.5 0
    endloop
  endfacet
  facet normal -1 0 0
    outer loop
      vertex 33.5 25.5 0
      vertex 33.5 26.5 3
      vertex 33.5 26.5 0
    endloop
  endfacet
  facet normal -1 -0 0
    outer loop
      vertex 33.5 26.5 3
      vertex 33.5 25.5 0
      vertex 33.5 25.5 3
    endloop
  endfacet
  facet normal 0 -1 0
    outer loop
      vertex 20 28 0
      vertex 32 28 3
      vertex 20 28 3
    endloop
  endfacet
  facet normal 0 -1 -0
    outer loop
      vertex 32 28 3
      vertex 20 28 0
      vertex 32 28 0
    endloop
  endfacet
  facet normal 0.707107 0.707107 0
    outer loop
      vertex 20 24 3
      vertex 18.5 25.5 0
      vertex 18.5 25.5 3
    endloop
  endfacet
  facet normal 0.707107 0.707107 0
    outer loop
      vertex 18.5 25.5 0
      vertex 20 24 3
      vertex 20 24 0
    endloop
  endfacet
  facet normal -0.707107 0.707107 0
    outer loop
      vertex 32 24 0
      vertex 33.5 25.5 3
      vertex 33.5 25.5 0
    endloop
  endfacet
  facet normal -0.707107 0.707107 0
    outer loop
      vertex 33.5 25.5 3
      vertex 32 24 0
      vertex 32 24 3
    endloop
  endfacet
  facet normal 0.707107 -0.707107 0
    outer loop
      vertex 18.5 26.5 3
      vertex 20 28 0
      vertex 20 28 3
    endloop
  endfacet
  facet normal 0.707107 -0.707107 0
    outer loop
      vertex 20 28 0
      vertex 18.5 26.5 3
      vertex 18.5 26.5 0
    endloop
  endfacet
  facet normal 0 1 -0
    outer loop
      vertex 32 24 0
      vertex 20 24 3
      vertex 32 24 3
    endloop
  endfacet
  facet normal 0 1 0
    outer loop
      vertex 20 24 3
      vertex 32 24 0
      vertex 20 24 0
    endloop
  endfacet
  facet normal -0.707107 0.707107 0
    outer loop
      vertex 32 35 0
      vertex 33.5 36.5 3
      vertex 33.5 36.5 0
    endloop
  endfacet
  facet normal -0.707107 0.707107 0
    outer loop
      vertex 33.5 36.5 3
      vertex 32 35 0
      vertex 32 35 3
    endloop
  endfacet
  facet normal -0.707107 -0.707107 0
    outer loop
      vertex 33.5 37.5 0
      vertex 32 39 3
      vertex 32 39 0
    endloop
  endfacet
  facet normal -0.707107 -0.707107 0
    outer loop
      vertex 32 39 3
      vertex 33.5 37.5 0
      vertex 33.5 37.5 3
    endloop
  endfacet
  facet normal 1 -0 0
    outer loop
      vertex 18.5 36.5 3
      vertex 18.5 37.5 0
      vertex 18.5 37.5 3
    endloop
  endfacet
  facet normal 1 0 0
    outer loop
      vertex 18.5 37.5 0
      vertex 18.5 36.5 3
      vertex 18.5 36.5 0
    endloop
  endfacet
  facet normal -1 0 0
    outer loop
      vertex 33.5 36.5 0
      vertex 33.5 37.5 3
      vertex 33.5 37.5 0
    endloop
  endfacet
  facet normal -1 -0 0
    outer loop
      vertex 33.5 37.5 3
      vertex 33.5 36.5 0
      vertex 33.5 36.5 3
    endloop
  endfacet
  facet normal 0 -1 0
    outer loop
      vertex 20 39 0
      vertex 32 39 3
      vertex 20 39 3
    endloop
  endfacet
  facet normal 0 -1 -0
    outer loop
      vertex 32 39 3
      vertex 20 39 0
      vertex 32 39 0
    endloop
  endfacet
  facet normal 0.707107 0.707107 0
    outer loop
      vertex 20 35 3
      vertex 18.5 36.5 0
      vertex 18.5 36.5 3
    endloop
  endfacet
  facet normal 0.707107 0.707107 0
    outer loop
      vertex 18.5 36.5 0
      vertex 20 35 3
      vertex 20 35 0
    endloop
  endfacet
  facet normal 0.707107 -0.707107 0
    outer loop
      vertex 18.5 37.5 3
      vertex 20 39 0
      vertex 20 39 3
    endloop
  endfacet
  facet normal 0.707107 -0.707107 0
    outer loop
      vertex 20 39 0
      vertex 18.5 37.5 3
      vertex 18.5 37.5 0
    endloop
  endfacet
  facet normal 0 1 -0
    outer loop
      vertex 32 35 0
      vertex 20 35 3
      vertex 32 35 3
    endloop
  endfacet
  facet normal 0 1 0
    outer loop
      vertex 20 35 3
      vertex 32 35 0
      vertex 20 35 0
    endloop
  endfacet
  facet normal -0.707107 -0.707107 0
    outer loop
      vertex 33.5 48.5 0
      vertex 32 50 3
      vertex 32 50 0
    endloop
  endfacet
  facet normal -0.707107 -0.707107 0
    outer loop
      vertex 32 50 3
      vertex 33.5 48.5 0
      vertex 33.5 48.5 3
    endloop
  endfacet
  facet normal 1 -0 0
    outer loop
      vertex 18.5 47.5 3
      vertex 18.5 48.5 0
      vertex 18.5 48.5 3
    endloop
  endfacet
  facet normal 1 0 0
    outer loop
      vertex 18.5 48.5 0
      vertex 18.5 47.5 3
      vertex 18.5 47.5 0
    endloop
  endfacet
  facet normal -1 0 0
    outer loop
      vertex 33.5 47.5 0
      vertex 33.5 48.5 3
      vertex 33.5 48.5 0
    endloop
  endfacet
  facet normal -1 -0 0
    outer loop
      vertex 33.5 48.5 3
      vertex 33.5 47.5 0
      vertex 33.5 47.5 3
    endloop
  endfacet
  facet normal 0 -1 0
    outer loop
      vertex 20 50 0
      vertex 32 50 3
      vertex 20 50 3
    endloop
  endfacet
  facet normal 0 -1 -0
    outer loop
      vertex 32 50 3
      vertex 20 50 0
      vertex 32 50 0
    endloop
  endfacet
  facet normal 0.707107 0.707107 0
    outer loop
      vertex 20 46 3
      vertex 18.5 47.5 0
      vertex 18.5 47.5 3
    endloop
  endfacet
  facet normal 0.707107 0.707107 0
    outer loop
      vertex 18.5 47.5 0
      vertex 20 46 3
      vertex 20 46 0
    endloop
  endfacet
  facet normal -0.707107 0.707107 0
    outer loop
      vertex 32 46 0
      vertex 33.5 47.5 3
      vertex 33.5 47.5 0
    endloop
  endfacet
  facet normal -0.707107 0.707107 0
    outer loop
      vertex 33.5 47.5 3
      vertex 32 46 0
      vertex 32 46 3
    endloop
  endfacet
  facet normal 0.707107 -0.707107 0
    outer loop
      vertex 18.5 48.5 3
      vertex 20 50 0
      vertex 20 50 3
    endloop
  endfacet
  facet normal 0.707107 -0.707107 0
    outer loop
      vertex 20 50 0
      vertex 18.5 48.5 3
      vertex 18.5 48.5 0
    endloop
  endfacet
  facet normal 0 1 -0
    outer loop
      vertex 32 46 0
      vertex 20 46 3
      vertex 32 46 3
    endloop
  endfacet
  facet normal 0 1 0
    outer loop
      vertex 20 46 3
      vertex 32 46 0
      vertex 20 46 0
    endloop
  endfacet
  facet normal -0.707107 -0.707107 0
    outer loop
      vertex 33.5 59.5 0
      vertex 32 61 3
      vertex 32 61 0
    endloop
  endfacet
  facet normal -0.707107 -0.707107 0
    outer loop
      vertex 32 61 3
      vertex 33.5 59.5 0
      vertex 33.5 59.5 3
    endloop
  endfacet
  facet normal 1 -0 0
    outer loop
      vertex 18.5 58.5 3
      vertex 18.5 59.5 0
      vertex 18.5 59.5 3
    endloop
  endfacet
  facet normal 1 0 0
    outer loop
      vertex 18.5 59.5 0
      vertex 18.5 58.5 3
      vertex 18.5 58.5 0
    endloop
  endfacet
  facet normal -1 0 0
    outer loop
      vertex 33.5 58.5 0
      vertex 33.5 59.5 3
      vertex 33.5 59.5 0
    endloop
  endfacet
  facet normal -1 -0 0
    outer loop
      vertex 33.5 59.5 3
      vertex 33.5 58.5 0
      vertex 33.5 58.5 3
    endloop
  endfacet
  facet normal 0 -1 0
    outer loop
      vertex 20 61 0
      vertex 32 61 3
      vertex 20 61 3
    endloop
  endfacet
  facet normal 0 -1 -0
    outer loop
      vertex 32 61 3
      vertex 20 61 0
      vertex 32 61 0
    endloop
  endfacet
  facet normal 0.707107 0.707107 0
    outer loop
      vertex 20 57 3
      vertex 18.5 58.5 0
      vertex 18.5 58.5 3
    endloop
  endfacet
  facet normal 0.707107 0.707107 0
    outer loop
      vertex 18.5 58.5 0
      vertex 20 57 3
      vertex 20 57 0
    endloop
  endfacet
  facet normal -0.707107 0.707107 0
    outer loop
      vertex 32 57 0
      vertex 33.5 58.5 3
      vertex 33.5 58.5 0
    endloop
  endfacet
  facet normal -0.707107 0.707107 0
    outer loop
      vertex 33.5 58.5 3
      vertex 32 57 0
      vertex 32 57 3
    endloop
  endfacet
  facet normal 0.707107 -0.707107 0
    outer loop
      vertex 18.5 59.5 3
      vertex 20 61 0
      vertex 20 61 3
    endloop
  endfacet
  facet normal 0.707107 -0.707107 0
    outer loop
      vertex 20 61 0
      vertex 18.5 59.5 3
      vertex 18.5 59.5 0
    endloop
  endfacet
  facet normal 0 1 -0
    outer loop
      vertex 32 57 0
      vertex 20 57 3
      vertex 32 57 3
    endloop
  endfacet
  facet normal 0 1 0
    outer loop
      vertex 20 57 3
      vertex 32 57 0
      vertex 20 57 0
    endloop
  endfacet
  facet normal -0.707107 0.707107 0
    outer loop
      vertex 32 68 0
      vertex 33.5 69.5 3
      vertex 33.5 69.5 0
    endloop
  endfacet
  facet normal -0.707107 0.707107 0
    outer loop
      vertex 33.5 69.5 3
      vertex 32 68 0
      vertex 32 68 3
    endloop
  endfacet
  facet normal -0.707107 -0.707107 0
    outer loop
      vertex 33.5 70.5 0
      vertex 32 72 3
      vertex 32 72 0
    endloop
  endfacet
  facet normal -0.707107 -0.707107 0
    outer loop
      vertex 32 72 3
      vertex 33.5 70.5 0
      vertex 33.5 70.5 3
    endloop
  endfacet
  facet normal 1 -0 0
    outer loop
      vertex 18.5 69.5 3
      vertex 18.5 70.5 0
      vertex 18.5 70.5 3
    endloop
  endfacet
  facet normal 1 0 0
    outer loop
      vertex 18.5 70.5 0
      vertex 18.5 69.5 3
      vertex 18.5 69.5 0
    endloop
  endfacet
  facet normal -1 0 0
    outer loop
      vertex 33.5 69.5 0
      vertex 33.5 70.5 3
      vertex 33.5 70.5 0
    endloop
  endfacet
  facet normal -1 -0 0
    outer loop
      vertex 33.5 70.5 3
      vertex 33.5 69.5 0
      vertex 33.5 69.5 3
    endloop
  endfacet
  facet normal 0 -1 0
    outer loop
      vertex 20 72 0
      vertex 32 72 3
      vertex 20 72 3
    endloop
  endfacet
  facet normal 0 -1 -0
    outer loop
      vertex 32 72 3
      vertex 20 72 0
      vertex 32 72 0
    endloop
  endfacet
  facet normal 0.707107 0.707107 0
    outer loop
      vertex 20 68 3
      vertex 18.5 69.5 0
      vertex 18.5 69.5 3
    endloop
  endfacet
  facet normal 0.707107 0.707107 0
    outer loop
      vertex 18.5 69.5 0
      vertex 20 68 3
      vertex 20 68 0
    endloop
  endfacet
  facet normal 0.707107 -0.707107 0
    outer loop
      vertex 18.5 70.5 3
      vertex 20 72 0
      vertex 20 72 3
    endloop
  endfacet
  facet normal 0.707107 -0.707107 0
    outer loop
      vertex 20 72 0
      vertex 18.5 70.5 3
      vertex 18.5 70.5 0
    endloop
  endfacet
  facet normal 0 1 -0
    outer loop
      vertex 32 68 0
      vertex 20 68 3
      vertex 32 68 3
    endloop
  endfacet
  facet normal 0 1 0
    outer loop
      vertex 20 68 3
      vertex 32 68 0
      vertex 20 68 0
    endloop
  endfacet
  facet normal -0.707107 0.707107 0
    outer loop
      vertex 32 79 0
      vertex 33.5 80.5 3
      vertex 33.5 80.5 0
    endloop
  endfacet
  facet normal -0.707107 0.707107 0
    outer loop
      vertex 33.5 80.5 3
      vertex 32 79 0
      vertex 32 79 3
    endloop
  endfacet
  facet normal -0.707107 -0.707107 0
    outer loop
      vertex 33.5 81.5 0
      vertex 32 83 3
      vertex 32 83 0
    endloop
  endfacet
  facet normal -0.707107 -0.707107 0
    outer loop
      vertex 32 83 3
      vertex 33.5 81.5 0
      vertex 33.5 81.5 3
    endloop
  endfacet
  facet normal 1 -0 0
    outer loop
      vertex 18.5 80.5 3
      vertex 18.5 81.5 0
      vertex 18.5 81.5 3
    endloop
  endfacet
  facet normal 1 0 0
    outer loop
      vertex 18.5 81.5 0
      vertex 18.5 80.5 3
      vertex 18.5 80.5 0
    endloop
  endfacet
  facet normal -1 0 0
    outer loop
      vertex 33.5 80.5 0
      vertex 33.5 81.5 3
      vertex 33.5 81.5 0
    endloop
  endfacet
  facet normal -1 -0 0
    outer loop
      vertex 33.5 81.5 3
      vertex 33.5 80.5 0
      vertex 33.5 80.5 3
    endloop
  endfacet
  facet normal 0 -1 0
    outer loop
      vertex 20 83 0
      vertex 32 83 3
      vertex 20 83 3
    endloop
  endfacet
  facet normal 0 -1 -0
    outer loop
      vertex 32 83 3
      vertex 20 83 0
      vertex 32 83 0
    endloop
  endfacet
  facet normal 0.707107 0.707107 0
    outer loop
      vertex 20 79 3
      vertex 18.5 80.5 0
      vertex 18.5 80.5 3
    endloop
  endfacet
  facet normal 0.707107 0.707107 0
    outer loop
      vertex 18.5 80.5 0
      vertex 20 79 3
      vertex 20 79 0
    endloop
  endfacet
  facet normal 0.707107 -0.707107 0
    outer loop
      vertex 18.5 81.5 3
      vertex 20 83 0
      vertex 20 83 3
    endloop
  endfacet
  facet normal 0.707107 -0.707107 0
    outer loop
      vertex 20 83 0
      vertex 18.5 81.5 3
      vertex 18.5 81.5 0
    endloop
  endfacet
  facet normal 0 1 -0
    outer loop
      vertex 32 79 0
      vertex 20 79 3
      vertex 32 79 3
    endloop
  endfacet
  facet normal 0 1 0
    outer loop
      vertex 20 79 3
      vertex 32 79 0
      vertex 20 79 0
    endloop
  endfacet
  facet normal -0.707107 0.707107 0
    outer loop
      vertex 32 90 0
      vertex 33.5 91.5 3
      vertex 33.5 91.5 0
    endloop
  endfacet
  facet normal -0.707107 0.707107 0
    outer loop
      vertex 33.5 91.5 3
      vertex 32 90 0
      vertex 32 90 3
    endloop
  endfacet
  facet normal -0.707107 -0.707107 0
    outer loop
      vertex 33.5 92.5 0
      vertex 32 94 3
      vertex 32 94 0
    endloop
  endfacet
  facet normal -0.707107 -0.707107 0
    outer loop
      vertex 32 94 3
      vertex 33.5 92.5 0
      vertex 33.5 92.5 3
    endloop
  endfacet
  facet normal 1 -0 0
    outer loop
      vertex 18.5 91.5 3
      vertex 18.5 92.5 0
      vertex 18.5 92.5 3
    endloop
  endfacet
  facet normal 1 0 0
    outer loop
      vertex 18.5 92.5 0
      vertex 18.5 91.5 3
      vertex 18.5 91.5 0
    endloop
  endfacet
  facet normal -1 0 0
    outer loop
      vertex 33.5 91.5 0
      vertex 33.5 92.5 3
      vertex 33.5 92.5 0
    endloop
  endfacet
  facet normal -1 -0 0
    outer loop
      vertex 33.5 92.5 3
      vertex 33.5 91.5 0
      vertex 33.5 91.5 3
    endloop
  endfacet
  facet normal 0 -1 0
    outer loop
      vertex 20 94 0
      vertex 32 94 3
      vertex 20 94 3
    endloop
  endfacet
  facet normal 0 -1 -0
    outer loop
      vertex 32 94 3
      vertex 20 94 0
      vertex 32 94 0
    endloop
  endfacet
  facet normal 0.707107 0.707107 0
    outer loop
      vertex 20 90 3
      vertex 18.5 91.5 0
      vertex 18.5 91.5 3
    endloop
  endfacet
  facet normal 0.707107 0.707107 0
    outer loop
      vertex 18.5 91.5 0
      vertex 20 90 3
      vertex 20 90 0
    endloop
  endfacet
  facet normal 0.707107 -0.707107 0
    outer loop
      vertex 18.5 92.5 3
      vertex 20 94 0
      vertex 20 94 3
    endloop
  endfacet
  facet normal 0.707107 -0.707107 0
    outer loop
      vertex 20 94 0
      vertex 18.5 92.5 3
      vertex 18.5 92.5 0
    endloop
  endfacet
  facet normal 0 1 -0
    outer loop
      vertex 32 90 0
      vertex 20 90 3
      vertex 32 90 3
    endloop
  endfacet
  facet normal 0 1 0
    outer loop
      vertex 20 90 3
      vertex 32 90 0
      vertex 20 90 0
    endloop
  endfacet
  facet normal -0.707107 0.707107 0
    outer loop
      vertex 32 101 0
      vertex 33.5 102.5 3
      vertex 33.5 102.5 0
    endloop
  endfacet
  facet normal -0.707107 0.707107 0
    outer loop
      vertex 33.5 102.5 3
      vertex 32 101 0
      vertex 32 101 3
    endloop
  endfacet
  facet normal -0.707107 -0.707107 0
    outer loop
      vertex 33.5 103.5 0
      vertex 32 105 3
      vertex 32 105 0
    endloop
  endfacet
  facet normal -0.707107 -0.707107 0
    outer loop
      vertex 32 105 3
      vertex 33.5 103.5 0
      vertex 33.5 103.5 3
    endloop
  endfacet
  facet normal 1 -0 0
    outer loop
      vertex 18.5 102.5 3
      vertex 18.5 103.5 0
      vertex 18.5 103.5 3
    endloop
  endfacet
  facet normal 1 0 0
    outer loop
      vertex 18.5 103.5 0
      vertex 18.5 102.5 3
      vertex 18.5 102.5 0
    endloop
  endfacet
  facet normal -1 0 0
    outer loop
      vertex 33.5 102.5 0
      vertex 33.5 103.5 3
      vertex 33.5 103.5 0
    endloop
  endfacet
  facet normal -1 -0 0
    outer loop
      vertex 33.5 103.5 3
      vertex 33.5 102.5 0
      vertex 33.5 102.5 3
    endloop
  endfacet
  facet normal 0 -1 0
    outer loop
      vertex 20 105 0
      vertex 32 105 3
      vertex 20 105 3
    endloop
  endfacet
  facet normal 0 -1 -0
    outer loop
      vertex 32 105 3
      vertex 20 105 0
      vertex 32 105 0
    endloop
  endfacet
  facet normal 0.707107 0.707107 0
    outer loop
      vertex 20 101 3
      vertex 18.5 102.5 0
      vertex 18.5 102.5 3
    endloop
  endfacet
  facet normal 0.707107 0.707107 0
    outer loop
      vertex 18.5 102.5 0
      vertex 20 101 3
      vertex 20 101 0
    endloop
  endfacet
  facet normal 0.707107 -0.707107 0
    outer loop
      vertex 18.5 103.5 3
      vertex 20 105 0
      vertex 20 105 3
    endloop
  endfacet
  facet normal 0.707107 -0.707107 0
    outer loop
      vertex 20 105 0
      vertex 18.5 103.5 3
      vertex 18.5 103.5 0
    endloop
  endfacet
  facet normal 0 1 -0
    outer loop
      vertex 32 101 0
      vertex 20 101 3
      vertex 32 101 3
    endloop
  endfacet
  facet normal 0 1 0
    outer loop
      vertex 20 101 3
      vertex 32 101 0
      vertex 20 101 0
    endloop
  endfacet
  facet normal -0.707107 0.707107 0
    outer loop
      vertex 32 112 0
      vertex 33.5 113.5 3
      vertex 33.5 113.5 0
    endloop
  endfacet
  facet normal -0.707107 0.707107 0
    outer loop
      vertex 33.5 113.5 3
      vertex 32 112 0
      vertex 32 112 3
    endloop
  endfacet
  facet normal -0.707107 -0.707107 0
    outer loop
      vertex 33.5 114.5 0
      vertex 32 116 3
      vertex 32 116 0
    endloop
  endfacet
  facet normal -0.707107 -0.707107 0
    outer loop
      vertex 32 116 3
      vertex 33.5 114.5 0
      vertex 33.5 114.5 3
    endloop
  endfacet
  facet normal 1 -0 0
    outer loop
      vertex 18.5 113.5 3
      vertex 18.5 114.5 0
      vertex 18.5 114.5 3
    endloop
  endfacet
  facet normal 1 0 0
    outer loop
      vertex 18.5 114.5 0
      vertex 18.5 113.5 3
      vertex 18.5 113.5 0
    endloop
  endfacet
  facet normal -1 0 0
    outer loop
      vertex 33.5 113.5 0
      vertex 33.5 114.5 3
      vertex 33.5 114.5 0
    endloop
  endfacet
  facet normal -1 -0 0
    outer loop
      vertex 33.5 114.5 3
      vertex 33.5 113.5 0
      vertex 33.5 113.5 3
    endloop
  endfacet
  facet normal 0 -1 0
    outer loop
      vertex 20 116 0
      vertex 32 116 3
      vertex 20 116 3
    endloop
  endfacet
  facet normal 0 -1 -0
    outer loop
      vertex 32 116 3
      vertex 20 116 0
      vertex 32 116 0
    endloop
  endfacet
  facet normal 0.707107 0.707107 0
    outer loop
      vertex 20 112 3
      vertex 18.5 113.5 0
      vertex 18.5 113.5 3
    endloop
  endfacet
  facet normal 0.707107 0.707107 0
    outer loop
      vertex 18.5 113.5 0
      vertex 20 112 3
      vertex 20 112 0
    endloop
  endfacet
  facet normal 0.707107 -0.707107 0
    outer loop
      vertex 18.5 114.5 3
      vertex 20 116 0
      vertex 20 116 3
    endloop
  endfacet
  facet normal 0.707107 -0.707107 0
    outer loop
      vertex 20 116 0
      vertex 18.5 114.5 3
      vertex 18.5 114.5 0
    endloop
  endfacet
  facet normal 0 1 -0
    outer loop
      vertex 32 112 0
      vertex 20 112 3
      vertex 32 112 3
    endloop
  endfacet
  facet normal 0 1 0
    outer loop
      vertex 20 112 3
      vertex 32 112 0
      vertex 20 112 0
    endloop
  endfacet
  facet normal -0.707107 0.707107 0
    outer loop
      vertex 32 123 0
      vertex 33.5 124.5 3
      vertex 33.5 124.5 0
    endloop
  endfacet
  facet normal -0.707107 0.707107 0
    outer loop
      vertex 33.5 124.5 3
      vertex 32 123 0
      vertex 32 123 3
    endloop
  endfacet
  facet normal -0.707107 -0.707107 0
    outer loop
      vertex 33.5 125.5 0
      vertex 32 127 3
      vertex 32 127 0
    endloop
  endfacet
  facet normal -0.707107 -0.707107 0
    outer loop
      vertex 32 127 3
      vertex 33.5 125.5 0
      vertex 33.5 125.5 3
    endloop
  endfacet
  facet normal 1 -0 0
    outer loop
      vertex 18.5 124.5 3
      vertex 18.5 125.5 0
      vertex 18.5 125.5 3
    endloop
  endfacet
  facet normal 1 0 0
    outer loop
      vertex 18.5 125.5 0
      vertex 18.5 124.5 3
      vertex 18.5 124.5 0
    endloop
  endfacet
  facet normal -1 0 0
    outer loop
      vertex 33.5 124.5 0
      vertex 33.5 125.5 3
      vertex 33.5 125.5 0
    endloop
  endfacet
  facet normal -1 -0 0
    outer loop
      vertex 33.5 125.5 3
      vertex 33.5 124.5 0
      vertex 33.5 124.5 3
    endloop
  endfacet
  facet normal 0 -1 0
    outer loop
      vertex 20 127 0
      vertex 32 127 3
      vertex 20 127 3
    endloop
  endfacet
  facet normal 0 -1 -0
    outer loop
      vertex 32 127 3
      vertex 20 127 0
      vertex 32 127 0
    endloop
  endfacet
  facet normal 0.707107 0.707107 0
    outer loop
      vertex 20 123 3
      vertex 18.5 124.5 0
      vertex 18.5 124.5 3
    endloop
  endfacet
  facet normal 0.707107 0.707107 0
    outer loop
      vertex 18.5 124.5 0
      vertex 20 123 3
      vertex 20 123 0
    endloop
  endfacet
  facet normal 0.707107 -0.707107 0
    outer loop
      vertex 18.5 125.5 3
      vertex 20 127 0
      vertex 20 127 3
    endloop
  endfacet
  facet normal 0.707107 -0.707107 0
    outer loop
      vertex 20 127 0
      vertex 18.5 125.5 3
      vertex 18.5 125.5 0
    endloop
  endfacet
  facet normal 0 1 -0
    outer loop
      vertex 32 123 0
      vertex 20 123 3
      vertex 32 123 3
    endloop
  endfacet
  facet normal 0 1 0
    outer loop
      vertex 20 123 3
      vertex 32 123 0
      vertex 20 123 0
    endloop
  endfacet
  facet normal -0.707107 -0.707107 0
    outer loop
      vertex 57.5 26.5 0
      vertex 56 28 3
      vertex 56 28 0
    endloop
  endfacet
  facet normal -0.707107 -0.707107 0
    outer loop
      vertex 56 28 3
      vertex 57.5 26.5 0
      vertex 57.5 26.5 3
    endloop
  endfacet
  facet normal 1 -0 0
    outer loop
      vertex 42.5 25.5 3
      vertex 42.5 26.5 0
      vertex 42.5 26.5 3
    endloop
  endfacet
  facet normal 1 0 0
    outer loop
      vertex 42.5 26.5 0
      vertex 42.5 25.5 3
      vertex 42.5 25.5 0
    endloop
  endfacet
  facet normal -1 0 0
    outer loop
      vertex 57.5 25.5 0
      vertex 57.5 26.5 3
      vertex 57.5 26.5 0
    endloop
  endfacet
  facet normal -1 -0 0
    outer loop
      vertex 57.5 26.5 3
      vertex 57.5 25.5 0
      vertex 57.5 25.5 3
    endloop
  endfacet
  facet normal 0 -1 0
    outer loop
      vertex 44 28 0
      vertex 56 28 3
      vertex 44 28 3
    endloop
  endfacet
  facet normal 0 -1 -0
    outer loop
      vertex 56 28 3
      vertex 44 28 0
      vertex 56 28 0
    endloop
  endfacet
  facet normal 0.707107 0.707107 0
    outer loop
      vertex 44 24 3
      vertex 42.5 25.5 0
      vertex 42.5 25.5 3
    endloop
  endfacet
  facet normal 0.707107 0.707107 0
    outer loop
      vertex 42.5 25.5 0
      vertex 44 24 3
      vertex 44 24 0
    endloop
  endfacet
  facet normal -0.707107 0.707107 0
    outer loop
      vertex 56 24 0
      vertex 57.5 25.5 3
      vertex 57.5 25.5 0
    endloop
  endfacet
  facet normal -0.707107 0.707107 0
    outer loop
      vertex 57.5 25.5 3
      vertex 56 24 0
      vertex 56 24 3
    endloop
  endfacet
  facet normal 0.707107 -0.707107 0
    outer loop
      vertex 42.5 26.5 3
      vertex 44 28 0
      vertex 44 28 3
    endloop
  endfacet
  facet normal 0.707107 -0.707107 0
    outer loop
      vertex 44 28 0
      vertex 42.5 26.5 3
      vertex 42.5 26.5 0
    endloop
  endfacet
  facet normal 0 1 -0
    outer loop
      vertex 56 24 0
      vertex 44 24 3
      vertex 56 24 3
    endloop
  endfacet
  facet normal 0 1 0
    outer loop
      vertex 44 24 3
      vertex 56 24 0
      vertex 44 24 0
    endloop
  endfacet
  facet normal -0.707107 0.707107 0
    outer loop
      vertex 56 35 0
      vertex 57.5 36.5 3
      vertex 57.5 36.5 0
    endloop
  endfacet
  facet normal -0.707107 0.707107 0
    outer loop
      vertex 57.5 36.5 3
      vertex 56 35 0
      vertex 56 35 3
    endloop
  endfacet
  facet normal -0.707107 -0.707107 0
    outer loop
      vertex 57.5 37.5 0
      vertex 56 39 3
      vertex 56 39 0
    endloop
  endfacet
  facet normal -0.707107 -0.707107 0
    outer loop
      vertex 56 39 3
      vertex 57.5 37.5 0
      vertex 57.5 37.5 3
    endloop
  endfacet
  facet normal 1 -0 0
    outer loop
      vertex 42.5 36.5 3
      vertex 42.5 37.5 0
      vertex 42.5 37.5 3
    endloop
  endfacet
  facet normal 1 0 0
    outer loop
      vertex 42.5 37.5 0
      vertex 42.5 36.5 3
      vertex 42.5 36.5 0
    endloop
  endfacet
  facet normal -1 0 0
    outer loop
      vertex 57.5 36.5 0
      vertex 57.5 37.5 3
      vertex 57.5 37.5 0
    endloop
  endfacet
  facet normal -1 -0 0
    outer loop
      vertex 57.5 37.5 3
      vertex 57.5 36.5 0
      vertex 57.5 36.5 3
    endloop
  endfacet
  facet normal 0 -1 0
    outer loop
      vertex 44 39 0
      vertex 56 39 3
      vertex 44 39 3
    endloop
  endfacet
  facet normal 0 -1 -0
    outer loop
      vertex 56 39 3
      vertex 44 39 0
      vertex 56 39 0
    endloop
  endfacet
  facet normal 0.707107 0.707107 0
    outer loop
      vertex 44 35 3
      vertex 42.5 36.5 0
      vertex 42.5 36.5 3
    endloop
  endfacet
  facet normal 0.707107 0.707107 0
    outer loop
      vertex 42.5 36.5 0
      vertex 44 35 3
      vertex 44 35 0
    endloop
  endfacet
  facet normal 0.707107 -0.707107 0
    outer loop
      vertex 42.5 37.5 3
      vertex 44 39 0
      vertex 44 39 3
    endloop
  endfacet
  facet normal 0.707107 -0.707107 0
    outer loop
      vertex 44 39 0
      vertex 42.5 37.5 3
      vertex 42.5 37.5 0
    endloop
  endfacet
  facet normal 0 1 -0
    outer loop
      vertex 56 35 0
      vertex 44 35 3
      vertex 56 35 3
    endloop
  endfacet
  facet normal 0 1 0
    outer loop
      vertex 44 35 3
      vertex 56 35 0
      vertex 44 35 0
    endloop
  endfacet
  facet normal -0.707107 -0.707107 0
    outer loop
      vertex 57.5 48.5 0
      vertex 56 50 3
      vertex 56 50 0
    endloop
  endfacet
  facet normal -0.707107 -0.707107 0
    outer loop
      vertex 56 50 3
      vertex 57.5 48.5 0
      vertex 57.5 48.5 3
    endloop
  endfacet
  facet normal 1 -0 0
    outer loop
      vertex 42.5 47.5 3
      vertex 42.5 48.5 0
      vertex 42.5 48.5 3
    endloop
  endfacet
  facet normal 1 0 0
    outer loop
      vertex 42.5 48.5 0
      vertex 42.5 47.5 3
      vertex 42.5 47.5 0
    endloop
  endfacet
  facet normal -1 0 0
    outer loop
      vertex 57.5 47.5 0
      vertex 57.5 48.5 3
      vertex 57.5 48.5 0
    endloop
  endfacet
  facet normal -1 -0 0
    outer loop
      vertex 57.5 48.5 3
      vertex 57.5 47.5 0
      vertex 57.5 47.5 3
    endloop
  endfacet
  facet normal 0 -1 0
    outer loop
      vertex 44 50 0
      vertex 56 50 3
      vertex 44 50 3
    endloop
  endfacet
  facet normal 0 -1 -0
    outer loop
      vertex 56 50 3
      vertex 44 50 0
      vertex 56 50 0
    endloop
  endfacet
  facet normal 0.707107 0.707107 0
    outer loop
      vertex 44 46 3
      vertex 42.5 47.5 0
      vertex 42.5 47.5 3
    endloop
  endfacet
  facet normal 0.707107 0.707107 0
    outer loop
      vertex 42.5 47.5 0
      vertex 44 46 3
      vertex 44 46 0
    endloop
  endfacet
  facet normal -0.707107 0.707107 0
    outer loop
      vertex 56 46 0
      vertex 57.5 47.5 3
      vertex 57.5 47.5 0
    endloop
  endfacet
  facet normal -0.707107 0.707107 0
    outer loop
      vertex 57.5 47.5 3
      vertex 56 46 0
      vertex 56 46 3
    endloop
  endfacet
  facet normal 0.707107 -0.707107 0
    outer loop
      vertex 42.5 48.5 3
      vertex 44 50 0
      vertex 44 50 3
    endloop
  endfacet
  facet normal 0.707107 -0.707107 0
    outer loop
      vertex 44 50 0
      vertex 42.5 48.5 3
      vertex 42.5 48.5 0
    endloop
  endfacet
  facet normal 0 1 -0
    outer loop
      vertex 56 46 0
      vertex 44 46 3
      vertex 56 46 3
    endloop
  endfacet
  facet normal 0 1 0
    outer loop
      vertex 44 46 3
      vertex 56 46 0
      vertex 44 46 0
    endloop
  endfacet
  facet normal -0.707107 -0.707107 0
    outer loop
      vertex 57.5 59.5 0
      vertex 56 61 3
      vertex 56 61 0
    endloop
  endfacet
  facet normal -0.707107 -0.707107 0
    outer loop
      vertex 56 61 3
      vertex 57.5 59.5 0
      vertex 57.5 59.5 3
    endloop
  endfacet
  facet normal 1 -0 0
    outer loop
      vertex 42.5 58.5 3
      vertex 42.5 59.5 0
      vertex 42.5 59.5 3
    endloop
  endfacet
  facet normal 1 0 0
    outer loop
      vertex 42.5 59.5 0
      vertex 42.5 58.5 3
      vertex 42.5 58.5 0
    endloop
  endfacet
  facet normal -1 0 0
    outer loop
      vertex 57.5 58.5 0
      vertex 57.5 59.5 3
      vertex 57.5 59.5 0
    endloop
  endfacet
  facet normal -1 -0 0
    outer loop
      vertex 57.5 59.5 3
      vertex 57.5 58.5 0
      vertex 57.5 58.5 3
    endloop
  endfacet
  facet normal 0 -1 0
    outer loop
      vertex 44 61 0
      vertex 56 61 3
      vertex 44 61 3
    endloop
  endfacet
  facet normal 0 -1 -0
    outer loop
      vertex 56 61 3
      vertex 44 61 0
      vertex 56 61 0
    endloop
  endfacet
  facet normal 0.707107 0.707107 0
    outer loop
      vertex 44 57 3
      vertex 42.5 58.5 0
      vertex 42.5 58.5 3
    endloop
  endfacet
  facet normal 0.707107 0.707107 0
    outer loop
      vertex 42.5 58.5 0
      vertex 44 57 3
      vertex 44 57 0
    endloop
  endfacet
  facet normal -0.707107 0.707107 0
    outer loop
      vertex 56 57 0
      vertex 57.5 58.5 3
      vertex 57.5 58.5 0
    endloop
  endfacet
  facet normal -0.707107 0.707107 0
    outer loop
      vertex 57.5 58.5 3
      vertex 56 57 0
      vertex 56 57 3
    endloop
  endfacet
  facet normal 0.707107 -0.707107 0
    outer loop
      vertex 42.5 59.5 3
      vertex 44 61 0
      vertex 44 61 3
    endloop
  endfacet
  facet normal 0.707107 -0.707107 0
    outer loop
      vertex 44 61 0
      vertex 42.5 59.5 3
      vertex 42.5 59.5 0
    endloop
  endfacet
  facet normal 0 1 -0
    outer loop
      vertex 56 57 0
      vertex 44 57 3
      vertex 56 57 3
    endloop
  endfacet
  facet normal 0 1 0
    outer loop
      vertex 44 57 3
      vertex 56 57 0
      vertex 44 57 0
    endloop
  endfacet
  facet normal -0.707107 0.707107 0
    outer loop
      vertex 56 68 0
      vertex 57.5 69.5 3
      vertex 57.5 69.5 0
    endloop
  endfacet
  facet normal -0.707107 0.707107 0
    outer loop
      vertex 57.5 69.5 3
      vertex 56 68 0
      vertex 56 68 3
    endloop
  endfacet
  facet normal -0.707107 -0.707107 0
    outer loop
      vertex 57.5 70.5 0
      vertex 56 72 3
      vertex 56 72 0
    endloop
  endfacet
  facet normal -0.707107 -0.707107 0
    outer loop
      vertex 56 72 3
      vertex 57.5 70.5 0
      vertex 57.5 70.5 3
    endloop
  endfacet
  facet normal 1 -0 0
    outer loop
      vertex 42.5 69.5 3
      vertex 42.5 70.5 0
      vertex 42.5 70.5 3
    endloop
  endfacet
  facet normal 1 0 0
    outer loop
      vertex 42.5 70.5 0
      vertex 42.5 69.5 3
      vertex 42.5 69.5 0
    endloop
  endfacet
  facet normal -1 0 0
    outer loop
      vertex 57.5 69.5 0
      vertex 57.5 70.5 3
      vertex 57.5 70.5 0
    endloop
  endfacet
  facet normal -1 -0 0
    outer loop
      vertex 57.5 70.5 3
      vertex 57.5 69.5 0
      vertex 57.5 69.5 3
    endloop
  endfacet
  facet normal 0 -1 0
    outer loop
      vertex 44 72 0
      vertex 56 72 3
      vertex 44 72 3
    endloop
  endfacet
  facet normal 0 -1 -0
    outer loop
      vertex 56 72 3
      vertex 44 72 0
      vertex 56 72 0
    endloop
  endfacet
  facet normal 0.707107 0.707107 0
    outer loop
      vertex 44 68 3
      vertex 42.5 69.5 0
      vertex 42.5 69.5 3
    endloop
  endfacet
  facet normal 0.707107 0.707107 0
    outer loop
      vertex 42.5 69.5 0
      vertex 44 68 3
      vertex 44 68 0
    endloop
  endfacet
  facet normal 0.707107 -0.707107 0
    outer loop
      vertex 42.5 70.5 3
      vertex 44 72 0
      vertex 44 72 3
    endloop
  endfacet
  facet normal 0.707107 -0.707107 0
    outer loop
      vertex 44 72 0
      vertex 42.5 70.5 3
      vertex 42.5 70.5 0
    endloop
  endfacet
  facet normal 0 1 -0
    outer loop
      vertex 56 68 0
      vertex 44 68 3
      vertex 56 68 3
    endloop
  endfacet
  facet normal 0 1 0
    outer loop
      vertex 44 68 3
      vertex 56 68 0
      vertex 44 68 0
    endloop
  endfacet
  facet normal -0.707107 -0.707107 0
    outer loop
      vertex 57.5 81.5 0
      vertex 56 83 3
      vertex 56 83 0
    endloop
  endfacet
  facet normal -0.707107 -0.707107 0
    outer loop
      vertex 56 83 3
      vertex 57.5 81.5 0
      vertex 57.5 81.5 3
    endloop
  endfacet
  facet normal 1 -0 0
    outer loop
      vertex 42.5 80.5 3
      vertex 42.5 81.5 0
      vertex 42.5 81.5 3
    endloop
  endfacet
  facet normal 1 0 0
    outer loop
      vertex 42.5 81.5 0
      vertex 42.5 80.5 3
      vertex 42.5 80.5 0
    endloop
  endfacet
  facet normal -1 0 0
    outer loop
      vertex 57.5 80.5 0
      vertex 57.5 81.5 3
      vertex 57.5 81.5 0
    endloop
  endfacet
  facet normal -1 -0 0
    outer loop
      vertex 57.5 81.5 3
      vertex 57.5 80.5 0
      vertex 57.5 80.5 3
    endloop
  endfacet
  facet normal 0 -1 0
    outer loop
      vertex 44 83 0
      vertex 56 83 3
      vertex 44 83 3
    endloop
  endfacet
  facet normal 0 -1 -0
    outer loop
      vertex 56 83 3
      vertex 44 83 0
      vertex 56 83 0
    endloop
  endfacet
  facet normal 0.707107 0.707107 0
    outer loop
      vertex 44 79 3
      vertex 42.5 80.5 0
      vertex 42.5 80.5 3
    endloop
  endfacet
  facet normal 0.707107 0.707107 0
    outer loop
      vertex 42.5 80.5 0
      vertex 44 79 3
      vertex 44 79 0
    endloop
  endfacet
  facet normal -0.707107 0.707107 0
    outer loop
      vertex 56 79 0
      vertex 57.5 80.5 3
      vertex 57.5 80.5 0
    endloop
  endfacet
  facet normal -0.707107 0.707107 0
    outer loop
      vertex 57.5 80.5 3
      vertex 56 79 0
      vertex 56 79 3
    endloop
  endfacet
  facet normal 0.707107 -0.707107 0
    outer loop
      vertex 42.5 81.5 3
      vertex 44 83 0
      vertex 44 83 3
    endloop
  endfacet
  facet normal 0.707107 -0.707107 0
    outer loop
      vertex 44 83 0
      vertex 42.5 81.5 3
      vertex 42.5 81.5 0
    endloop
  endfacet
  facet normal 0 1 -0
    outer loop
      vertex 56 79 0
      vertex 44 79 3
      vertex 56 79 3
    endloop
  endfacet
  facet normal 0 1 0
    outer loop
      vertex 44 79 3
      vertex 56 79 0
      vertex 44 79 0
    endloop
  endfacet
  facet normal -0.707107 0.707107 0
    outer loop
      vertex 56 90 0
      vertex 57.5 91.5 3
      vertex 57.5 91.5 0
    endloop
  endfacet
  facet normal -0.707107 0.707107 0
    outer loop
      vertex 57.5 91.5 3
      vertex 56 90 0
      vertex 56 90 3
    endloop
  endfacet
  facet normal -0.707107 -0.707107 0
    outer loop
      vertex 57.5 92.5 0
      vertex 56 94 3
      vertex 56 94 0
    endloop
  endfacet
  facet normal -0.707107 -0.707107 0
    outer loop
      vertex 56 94 3
      vertex 57.5 92.5 0
      vertex 57.5 92.5 3
    endloop
  endfacet
  facet normal 1 -0 0
    outer loop
      vertex 42.5 91.5 3
      vertex 42.5 92.5 0
      vertex 42.5 92.5 3
    endloop
  endfacet
  facet normal 1 0 0
    outer loop
      vertex 42.5 92.5 0
      vertex 42.5 91.5 3
      vertex 42.5 91.5 0
    endloop
  endfacet
  facet normal -1 0 0
    outer loop
      vertex 57.5 91.5 0
      vertex 57.5 92.5 3
      vertex 57.5 92.5 0
    endloop
  endfacet
  facet normal -1 -0 0
    outer loop
      vertex 57.5 92.5 3
      vertex 57.5 91.5 0
      vertex 57.5 91.5 3
    endloop
  endfacet
  facet normal 0 -1 0
    outer loop
      vertex 44 94 0
      vertex 56 94 3
      vertex 44 94 3
    endloop
  endfacet
  facet normal 0 -1 -0
    outer loop
      vertex 56 94 3
      vertex 44 94 0
      vertex 56 94 0
    endloop
  endfacet
  facet normal 0.707107 0.707107 0
    outer loop
      vertex 44 90 3
      vertex 42.5 91.5 0
      vertex 42.5 91.5 3
    endloop
  endfacet
  facet normal 0.707107 0.707107 0
    outer loop
      vertex 42.5 91.5 0
      vertex 44 90 3
      vertex 44 90 0
    endloop
  endfacet
  facet normal 0.707107 -0.707107 0
    outer loop
      vertex 42.5 92.5 3
      vertex 44 94 0
      vertex 44 94 3
    endloop
  endfacet
  facet normal 0.707107 -0.707107 0
    outer loop
      vertex 44 94 0
      vertex 42.5 92.5 3
      vertex 42.5 92.5 0
    endloop
  endfacet
  facet normal 0 1 -0
    outer loop
      vertex 56 90 0
      vertex 44 90 3
      vertex 56 90 3
    endloop
  endfacet
  facet normal 0 1 0
    outer loop
      vertex 44 90 3
      vertex 56 90 0
      vertex 44 90 0
    endloop
  endfacet
  facet normal -0.707107 0.707107 0
    outer loop
      vertex 56 101 0
      vertex 57.5 102.5 3
      vertex 57.5 102.5 0
    endloop
  endfacet
  facet normal -0.707107 0.707107 0
    outer loop
      vertex 57.5 102.5 3
      vertex 56 101 0
      vertex 56 101 3
    endloop
  endfacet
  facet normal -0.707107 -0.707107 0
    outer loop
      vertex 57.5 103.5 0
      vertex 56 105 3
      vertex 56 105 0
    endloop
  endfacet
  facet normal -0.707107 -0.707107 0
    outer loop
      vertex 56 105 3
      vertex 57.5 103.5 0
      vertex 57.5 103.5 3
    endloop
  endfacet
  facet normal 1 -0 0
    outer loop
      vertex 42.5 102.5 3
      vertex 42.5 103.5 0
      vertex 42.5 103.5 3
    endloop
  endfacet
  facet normal 1 0 0
    outer loop
      vertex 42.5 103.5 0
      vertex 42.5 102.5 3
      vertex 42.5 102.5 0
    endloop
  endfacet
  facet normal -1 0 0
    outer loop
      vertex 57.5 102.5 0
      vertex 57.5 103.5 3
      vertex 57.5 103.5 0
    endloop
  endfacet
  facet normal -1 -0 0
    outer loop
      vertex 57.5 103.5 3
      vertex 57.5 102.5 0
      vertex 57.5 102.5 3
    endloop
  endfacet
  facet normal 0 -1 0
    outer loop
      vertex 44 105 0
      vertex 56 105 3
      vertex 44 105 3
    endloop
  endfacet
  facet normal 0 -1 -0
    outer loop
      vertex 56 105 3
      vertex 44 105 0
      vertex 56 105 0
    endloop
  endfacet
  facet normal 0.707107 0.707107 0
    outer loop
      vertex 44 101 3
      vertex 42.5 102.5 0
      vertex 42.5 102.5 3
    endloop
  endfacet
  facet normal 0.707107 0.707107 0
    outer loop
      vertex 42.5 102.5 0
      vertex 44 101 3
      vertex 44 101 0
    endloop
  endfacet
  facet normal 0.707107 -0.707107 0
    outer loop
      vertex 42.5 103.5 3
      vertex 44 105 0
      vertex 44 105 3
    endloop
  endfacet
  facet normal 0.707107 -0.707107 0
    outer loop
      vertex 44 105 0
      vertex 42.5 103.5 3
      vertex 42.5 103.5 0
    endloop
  endfacet
  facet normal 0 1 -0
    outer loop
      vertex 56 101 0
      vertex 44 101 3
      vertex 56 101 3
    endloop
  endfacet
  facet normal 0 1 0
    outer loop
      vertex 44 101 3
      vertex 56 101 0
      vertex 44 101 0
    endloop
  endfacet
  facet normal -0.707107 -0.707107 0
    outer loop
      vertex 57.5 114.5 0
      vertex 56 116 3
      vertex 56 116 0
    endloop
  endfacet
  facet normal -0.707107 -0.707107 0
    outer loop
      vertex 56 116 3
      vertex 57.5 114.5 0
      vertex 57.5 114.5 3
    endloop
  endfacet
  facet normal 1 -0 0
    outer loop
      vertex 42.5 113.5 3
      vertex 42.5 114.5 0
      vertex 42.5 114.5 3
    endloop
  endfacet
  facet normal 1 0 0
    outer loop
      vertex 42.5 114.5 0
      vertex 42.5 113.5 3
      vertex 42.5 113.5 0
    endloop
  endfacet
  facet normal -1 0 0
    outer loop
      vertex 57.5 113.5 0
      vertex 57.5 114.5 3
      vertex 57.5 114.5 0
    endloop
  endfacet
  facet normal -1 -0 0
    outer loop
      vertex 57.5 114.5 3
      vertex 57.5 113.5 0
      vertex 57.5 113.5 3
    endloop
  endfacet
  facet normal 0 -1 0
    outer loop
      vertex 44 116 0
      vertex 56 116 3
      vertex 44 116 3
    endloop
  endfacet
  facet normal 0 -1 -0
    outer loop
      vertex 56 116 3
      vertex 44 116 0
      vertex 56 116 0
    endloop
  endfacet
  facet normal 0.707107 0.707107 0
    outer loop
      vertex 44 112 3
      vertex 42.5 113.5 0
      vertex 42.5 113.5 3
    endloop
  endfacet
  facet normal 0.707107 0.707107 0
    outer loop
      vertex 42.5 113.5 0
      vertex 44 112 3
      vertex 44 112 0
    endloop
  endfacet
  facet normal -0.707107 0.707107 0
    outer loop
      vertex 56 112 0
      vertex 57.5 113.5 3
      vertex 57.5 113.5 0
    endloop
  endfacet
  facet normal -0.707107 0.707107 0
    outer loop
      vertex 57.5 113.5 3
      vertex 56 112 0
      vertex 56 112 3
    endloop
  endfacet
  facet normal 0.707107 -0.707107 0
    outer loop
      vertex 42.5 114.5 3
      vertex 44 116 0
      vertex 44 116 3
    endloop
  endfacet
  facet normal 0.707107 -0.707107 0
    outer loop
      vertex 44 116 0
      vertex 42.5 114.5 3
      vertex 42.5 114.5 0
    endloop
  endfacet
  facet normal 0 1 -0
    outer loop
      vertex 56 112 0
      vertex 44 112 3
      vertex 56 112 3
    endloop
  endfacet
  facet normal 0 1 0
    outer loop
      vertex 44 112 3
      vertex 56 112 0
      vertex 44 112 0
    endloop
  endfacet
  facet normal -0.707107 0.707107 0
    outer loop
      vertex 56 123 0
      vertex 57.5 124.5 3
      vertex 57.5 124.5 0
    endloop
  endfacet
  facet normal -0.707107 0.707107 0
    outer loop
      vertex 57.5 124.5 3
      vertex 56 123 0
      vertex 56 123 3
    endloop
  endfacet
  facet normal -0.707107 -0.707107 0
    outer loop
      vertex 57.5 125.5 0
      vertex 56 127 3
      vertex 56 127 0
    endloop
  endfacet
  facet normal -0.707107 -0.707107 0
    outer loop
      vertex 56 127 3
      vertex 57.5 125.5 0
      vertex 57.5 125.5 3
    endloop
  endfacet
  facet normal 1 -0 0
    outer loop
      vertex 42.5 124.5 3
      vertex 42.5 125.5 0
      vertex 42.5 125.5 3
    endloop
  endfacet
  facet normal 1 0 0
    outer loop
      vertex 42.5 125.5 0
      vertex 42.5 124.5 3
      vertex 42.5 124.5 0
    endloop
  endfacet
  facet normal -1 0 0
    outer loop
      vertex 57.5 124.5 0
      vertex 57.5 125.5 3
      vertex 57.5 125.5 0
    endloop
  endfacet
  facet normal -1 -0 0
    outer loop
      vertex 57.5 125.5 3
      vertex 57.5 124.5 0
      vertex 57.5 124.5 3
    endloop
  endfacet
  facet normal 0 -1 0
    outer loop
      vertex 44 127 0
      vertex 56 127 3
      vertex 44 127 3
    endloop
  endfacet
  facet normal 0 -1 -0
    outer loop
      vertex 56 127 3
      vertex 44 127 0
      vertex 56 127 0
    endloop
  endfacet
  facet normal 0.707107 0.707107 0
    outer loop
      vertex 44 123 3
      vertex 42.5 124.5 0
      vertex 42.5 124.5 3
    endloop
  endfacet
  facet normal 0.707107 0.707107 0
    outer loop
      vertex 42.5 124.5 0
      vertex 44 123 3
      vertex 44 123 0
    endloop
  endfacet
  facet normal 0.707107 -0.707107 0
    outer loop
      vertex 42.5 125.5 3
      vertex 44 127 0
      vertex 44 127 3
    endloop
  endfacet
  facet normal 0.707107 -0.707107 0
    outer loop
      vertex 44 127 0
      vertex 42.5 125.5 3
      vertex 42.5 125.5 0
    endloop
  endfacet
  facet normal 0 1 -0
    outer loop
      vertex 56 123 0
      vertex 44 123 3
      vertex 56 123 3
    endloop
  endfacet
  facet normal 0 1 0
    outer loop
      vertex 44 123 3
      vertex 56 123 0
      vertex 44 123 0
    endloop
  endfacet
  facet normal -0.707107 -0.707107 0
    outer loop
      vertex 81.5 26.5 0
      vertex 80 28 3
      vertex 80 28 0
    endloop
  endfacet
  facet normal -0.707107 -0.707107 0
    outer loop
      vertex 80 28 3
      vertex 81.5 26.5 0
      vertex 81.5 26.5 3
    endloop
  endfacet
  facet normal 1 -0 0
    outer loop
      vertex 66.5 25.5 3
      vertex 66.5 26.5 0
      vertex 66.5 26.5 3
    endloop
  endfacet
  facet normal 1 0 0
    outer loop
      vertex 66.5 26.5 0
      vertex 66.5 25.5 3
      vertex 66.5 25.5 0
    endloop
  endfacet
  facet normal -1 0 0
    outer loop
      vertex 81.5 25.5 0
      vertex 81.5 26.5 3
      vertex 81.5 26.5 0
    endloop
  endfacet
  facet normal -1 -0 0
    outer loop
      vertex 81.5 26.5 3
      vertex 81.5 25.5 0
      vertex 81.5 25.5 3
    endloop
  endfacet
  facet normal 0 -1 0
    outer loop
      vertex 68 28 0
      vertex 80 28 3
      vertex 68 28 3
    endloop
  endfacet
  facet normal 0 -1 -0
    outer loop
      vertex 80 28 3
      vertex 68 28 0
      vertex 80 28 0
    endloop
  endfacet
  facet normal 0.707107 0.707107 0
    outer loop
      vertex 68 24 3
      vertex 66.5 25.5 0
      vertex 66.5 25.5 3
    endloop
  endfacet
  facet normal 0.707107 0.707107 0
    outer loop
      vertex 66.5 25.5 0
      vertex 68 24 3
      vertex 68 24 0
    endloop
  endfacet
  facet normal -0.707107 0.707107 0
    outer loop
      vertex 80 24 0
      vertex 81.5 25.5 3
      vertex 81.5 25.5 0
    endloop
  endfacet
  facet normal -0.707107 0.707107 0
    outer loop
      vertex 81.5 25.5 3
      vertex 80 24 0
      vertex 80 24 3
    endloop
  endfacet
  facet normal 0.707107 -0.707107 0
    outer loop
      vertex 66.5 26.5 3
      vertex 68 28 0
      vertex 68 28 3
    endloop
  endfacet
  facet normal 0.707107 -0.707107 0
    outer loop
      vertex 68 28 0
      vertex 66.5 26.5 3
      vertex 66.5 26.5 0
    endloop
  endfacet
  facet normal 0 1 -0
    outer loop
      vertex 80 24 0
      vertex 68 24 3
      vertex 80 24 3
    endloop
  endfacet
  facet normal 0 1 0
    outer loop
      vertex 68 24 3
      vertex 80 24 0
      vertex 68 24 0
    endloop
  endfacet
  facet normal -0.707107 -0.707107 0
    outer loop
      vertex 81.5 37.5 0
      vertex 80 39 3
      vertex 80 39 0
    endloop
  endfacet
  facet normal -0.707107 -0.707107 0
    outer loop
      vertex 80 39 3
      vertex 81.5 37.5 0
      vertex 81.5 37.5 3
    endloop
  endfacet
  facet normal 1 -0 0
    outer loop
      vertex 66.5 36.5 3
      vertex 66.5 37.5 0
      vertex 66.5 37.5 3
    endloop
  endfacet
  facet normal 1 0 0
    outer loop
      vertex 66.5 37.5 0
      vertex 66.5 36.5 3
      vertex 66.5 36.5 0
    endloop
  endfacet
  facet normal -1 0 0
    outer loop
      vertex 81.5 36.5 0
      vertex 81.5 37.5 3
      vertex 81.5 37.5 0
    endloop
  endfacet
  facet normal -1 -0 0
    outer loop
      vertex 81.5 37.5 3
      vertex 81.5 36.5 0
      vertex 81.5 36.5 3
    endloop
  endfacet
  facet normal 0 -1 0
    outer loop
      vertex 68 39 0
      vertex 80 39 3
      vertex 68 39 3
    endloop
  endfacet
  facet normal 0 -1 -0
    outer loop
      vertex 80 39 3
      vertex 68 39 0
      vertex 80 39 0
    endloop
  endfacet
  facet normal 0.707107 0.707107 0
    outer loop
      vertex 68 35 3
      vertex 66.5 36.5 0
      vertex 66.5 36.5 3
    endloop
  endfacet
  facet normal 0.707107 0.707107 0
    outer loop
      vertex 66.5 36.5 0
      vertex 68 35 3
      vertex 68 35 0
    endloop
  endfacet
  facet normal -0.707107 0.707107 0
    outer loop
      vertex 80 35 0
      vertex 81.5 36.5 3
      vertex 81.5 36.5 0
    endloop
  endfacet
  facet normal -0.707107 0.707107 0
    outer loop
      vertex 81.5 36.5 3
      vertex 80 35 0
      vertex 80 35 3
    endloop
  endfacet
  facet normal 0.707107 -0.707107 0
    outer loop
      vertex 66.5 37.5 3
      vertex 68 39 0
      vertex 68 39 3
    endloop
  endfacet
  facet normal 0.707107 -0.707107 0
    outer loop
      vertex 68 39 0
      vertex 66.5 37.5 3
      vertex 66.5 37.5 0
    endloop
  endfacet
  facet normal 0 1 -0
    outer loop
      vertex 80 35 0
      vertex 68 35 3
      vertex 80 35 3
    endloop
  endfacet
  facet normal 0 1 0
    outer loop
      vertex 68 35 3
      vertex 80 35 0
      vertex 68 35 0
    endloop
  endfacet
  facet normal -0.707107 0.707107 0
    outer loop
      vertex 80 46 0
      vertex 81.5 47.5 3
      vertex 81.5 47.5 0
    endloop
  endfacet
  facet normal -0.707107 0.707107 0
    outer loop
      vertex 81.5 47.5 3
      vertex 80 46 0
      vertex 80 46 3
    endloop
  endfacet
  facet normal -0.707107 -0.707107 0
    outer loop
      vertex 81.5 48.5 0
      vertex 80 50 3
      vertex 80 50 0
    endloop
  endfacet
  facet normal -0.707107 -0.707107 0
    outer loop
      vertex 80 50 3
      vertex 81.5 48.5 0
      vertex 81.5 48.5 3
    endloop
  endfacet
  facet normal 1 -0 0
    outer loop
      vertex 66.5 47.5 3
      vertex 66.5 48.5 0
      vertex 66.5 48.5 3
    endloop
  endfacet
  facet normal 1 0 0
    outer loop
      vertex 66.5 48.5 0
      vertex 66.5 47.5 3
      vertex 66.5 47.5 0
    endloop
  endfacet
  facet normal -1 0 0
    outer loop
      vertex 81.5 47.5 0
      vertex 81.5 48.5 3
      vertex 81.5 48.5 0
    endloop
  endfacet
  facet normal -1 -0 0
    outer loop
      vertex 81.5 48.5 3
      vertex 81.5 47.5 0
      vertex 81.5 47.5 3
    endloop
  endfacet
  facet normal 0 -1 0
    outer loop
      vertex 68 50 0
      vertex 80 50 3
      vertex 68 50 3
    endloop
  endfacet
  facet normal 0 -1 -0
    outer loop
      vertex 80 50 3
      vertex 68 50 0
      vertex 80 50 0
    endloop
  endfacet
  facet normal 0.707107 0.707107 0
    outer loop
      vertex 68 46 3
      vertex 66.5 47.5 0
      vertex 66.5 47.5 3
    endloop
  endfacet
  facet normal 0.707107 0.707107 0
    outer loop
      vertex 66.5 47.5 0
      vertex 68 46 3
      vertex 68 46 0
    endloop
  endfacet
  facet normal 0.707107 -0.707107 0
    outer loop
      vertex 66.5 48.5 3
      vertex 68 50 0
      vertex 68 50 3
    endloop
  endfacet
  facet normal 0.707107 -0.707107 0
    outer loop
      vertex 68 50 0
      vertex 66.5 48.5 3
      vertex 66.5 48.5 0
    endloop
  endfacet
  facet normal 0 1 -0
    outer loop
      vertex 80 46 0
      vertex 68 46 3
      vertex 80 46 3
    endloop
  endfacet
  facet normal 0 1 0
    outer loop
      vertex 68 46 3
      vertex 80 46 0
      vertex 68 46 0
    endloop
  endfacet
  facet normal -0.707107 -0.707107 0
    outer loop
      vertex 81.5 59.5 0
      vertex 80 61 3
      vertex 80 61 0
    endloop
  endfacet
  facet normal -0.707107 -0.707107 0
    outer loop
      vertex 80 61 3
      vertex 81.5 59.5 0
      vertex 81.5 59.5 3
    endloop
  endfacet
  facet normal 1 -0 0
    outer loop
      vertex 66.5 58.5 3
      vertex 66.5 59.5 0
      vertex 66.5 59.5 3
    endloop
  endfacet
  facet normal 1 0 0
    outer loop
      vertex 66.5 59.5 0
      vertex 66.5 58.5 3
      vertex 66.5 58.5 0
    endloop
  endfacet
  facet normal -1 0 0
    outer loop
      vertex 81.5 58.5 0
      vertex 81.5 59.5 3
      vertex 81.5 59.5 0
    endloop
  endfacet
  facet normal -1 -0 0
    outer loop
      vertex 81.5 59.5 3
      vertex 81.5 58.5 0
      vertex 81.5 58.5 3
    endloop
  endfacet
  facet normal 0 -1 0
    outer loop
      vertex 68 61 0
      vertex 80 61 3
      vertex 68 61 3
    endloop
  endfacet
  facet normal 0 -1 -0
    outer loop
      vertex 80 61 3
      vertex 68 61 0
      vertex 80 61 0
    endloop
  endfacet
  facet normal 0.707107 0.707107 0
    outer loop
      vertex 68 57 3
      vertex 66.5 58.5 0
      vertex 66.5 58.5 3
    endloop
  endfacet
  facet normal 0.707107 0.707107 0
    outer loop
      vertex 66.5 58.5 0
      vertex 68 57 3
      vertex 68 57 0
    endloop
  endfacet
  facet normal -0.707107 0.707107 0
    outer loop
      vertex 80 57 0
      vertex 81.5 58.5 3
      vertex 81.5 58.5 0
    endloop
  endfacet
  facet normal -0.707107 0.707107 0
    outer loop
      vertex 81.5 58.5 3
      vertex 80 57 0
      vertex 80 57 3
    endloop
  endfacet
  facet normal 0.707107 -0.707107 0
    outer loop
      vertex 66.5 59.5 3
      vertex 68 61 0
      vertex 68 61 3
    endloop
  endfacet
  facet normal 0.707107 -0.707107 0
    outer loop
      vertex 68 61 0
      vertex 66.5 59.5 3
      vertex 66.5 59.5 0
    endloop
  endfacet
  facet normal 0 1 -0
    outer loop
      vertex 80 57 0
      vertex 68 57 3
      vertex 80 57 3
    endloop
  endfacet
  facet normal 0 1 0
    outer loop
      vertex 68 57 3
      vertex 80 57 0
      vertex 68 57 0
    endloop
  endfacet
  facet normal -0.707107 0.707107 0
    outer loop
      vertex 80 68 0
      vertex 81.5 69.5 3
      vertex 81.5 69.5 0
    endloop
  endfacet
  facet normal -0.707107 0.707107 0
    outer loop
      vertex 81.5 69.5 3
      vertex 80 68 0
      vertex 80 68 3
    endloop
  endfacet
  facet normal -0.707107 -0.707107 0
    outer loop
      vertex 81.5 70.5 0
      vertex 80 72 3
      vertex 80 72 0
    endloop
  endfacet
  facet normal -0.707107 -0.707107 0
    outer loop
      vertex 80 72 3
      vertex 81.5 70.5 0
      vertex 81.5 70.5 3
    endloop
  endfacet
  facet normal 1 -0 0
    outer loop
      vertex 66.5 69.5 3
      vertex 66.5 70.5 0
      vertex 66.5 70.5 3
    endloop
  endfacet
  facet normal 1 0 0
    outer loop
      vertex 66.5 70.5 0
      vertex 66.5 69.5 3
      vertex 66.5 69.5 0
    endloop
  endfacet
  facet normal -1 0 0
    outer loop
      vertex 81.5 69.5 0
      vertex 81.5 70.5 3
      vertex 81.5 70.5 0
    endloop
  endfacet
  facet normal -1 -0 0
    outer loop
      vertex 81.5 70.5 3
      vertex 81.5 69.5 0
      vertex 81.5 69.5 3
    endloop
  endfacet
  facet normal 0 -1 0
    outer loop
      vertex 68 72 0
      vertex 80 72 3
      vertex 68 72 3
    endloop
  endfacet
  facet normal 0 -1 -0
    outer loop
      vertex 80 72 3
      vertex 68 72 0
      vertex 80 72 0
    endloop
  endfacet
  facet normal 0.707107 0.707107 0
    outer loop
      vertex 68 68 3
      vertex 66.5 69.5 0
      vertex 66.5 69.5 3
    endloop
  endfacet
  facet normal 0.707107 0.707107 0
    outer loop
      vertex 66.5 69.5 0
      vertex 68 68 3
      vertex 68 68 0
    endloop
  endfacet
  facet normal 0.707107 -0.707107 0
    outer loop
      vertex 66.5 70.5 3
      vertex 68 72 0
      vertex 68 72 3
    endloop
  endfacet
  facet normal 0.707107 -0.707107 0
    outer loop
      vertex 68 72 0
      vertex 66.5 70.5 3
      vertex 66.5 70.5 0
    endloop
  endfacet
  facet normal 0 1 -0
    outer loop
      vertex 80 68 0
      vertex 68 68 3
      vertex 80 68 3
    endloop
  endfacet
  facet normal 0 1 0
    outer loop
      vertex 68 68 3
      vertex 80 68 0
      vertex 68 68 0
    endloop
  endfacet
  facet normal -0.707107 0.707107 0
    outer loop
      vertex 80 79 0
      vertex 81.5 80.5 3
      vertex 81.5 80.5 0
    endloop
  endfacet
  facet normal -0.707107 0.707107 0
    outer loop
      vertex 81.5 80.5 3
      vertex 80 79 0
      vertex 80 79 3
    endloop
  endfacet
  facet normal -0.707107 -0.707107 0
    outer loop
      vertex 81.5 81.5 0
      vertex 80 83 3
      vertex 80 83 0
    endloop
  endfacet
  facet normal -0.707107 -0.707107 0
    outer loop
      vertex 80 83 3
      vertex 81.5 81.5 0
      vertex 81.5 81.5 3
    endloop
  endfacet
  facet normal 1 -0 0
    outer loop
      vertex 66.5 80.5 3
      vertex 66.5 81.5 0
      vertex 66.5 81.5 3
    endloop
  endfacet
  facet normal 1 0 0
    outer loop
      vertex 66.5 81.5 0
      vertex 66.5 80.5 3
      vertex 66.5 80.5 0
    endloop
  endfacet
  facet normal -1 0 0
    outer loop
      vertex 81.5 80.5 0
      vertex 81.5 81.5 3
      vertex 81.5 81.5 0
    endloop
  endfacet
  facet normal -1 -0 0
    outer loop
      vertex 81.5 81.5 3
      vertex 81.5 80.5 0
      vertex 81.5 80.5 3
    endloop
  endfacet
  facet normal 0 -1 0
    outer loop
      vertex 68 83 0
      vertex 80 83 3
      vertex 68 83 3
    endloop
  endfacet
  facet normal 0 -1 -0
    outer loop
      vertex 80 83 3
      vertex 68 83 0
      vertex 80 83 0
    endloop
  endfacet
  facet normal 0.707107 0.707107 0
    outer loop
      vertex 68 79 3
      vertex 66.5 80.5 0
      vertex 66.5 80.5 3
    endloop
  endfacet
  facet normal 0.707107 0.707107 0
    outer loop
      vertex 66.5 80.5 0
      vertex 68 79 3
      vertex 68 79 0
    endloop
  endfacet
  facet normal 0.707107 -0.707107 0
    outer loop
      vertex 66.5 81.5 3
      vertex 68 83 0
      vertex 68 83 3
    endloop
  endfacet
  facet normal 0.707107 -0.707107 0
    outer loop
      vertex 68 83 0
      vertex 66.5 81.5 3
      vertex 66.5 81.5 0
    endloop
  endfacet
  facet normal 0 1 -0
    outer loop
      vertex 80 79 0
      vertex 68 79 3
      vertex 80 79 3
    endloop
  endfacet
  facet normal 0 1 0
    outer loop
      vertex 68 79 3
      vertex 80 79 0
      vertex 68 79 0
    endloop
  endfacet
  facet normal -0.707107 0.707107 0
    outer loop
      vertex 80 90 0
      vertex 81.5 91.5 3
      vertex 81.5 91.5 0
    endloop
  endfacet
  facet normal -0.707107 0.707107 0
    outer loop
      vertex 81.5 91.5 3
      vertex 80 90 0
      vertex 80 90 3
    endloop
  endfacet
  facet normal -0.707107 -0.707107 0
    outer loop
      vertex 81.5 92.5 0
      vertex 80 94 3
      vertex 80 94 0
    endloop
  endfacet
  facet normal -0.707107 -0.707107 0
    outer loop
      vertex 80 94 3
      vertex 81.5 92.5 0
      vertex 81.5 92.5 3
    endloop
  endfacet
  facet normal 1 -0 0
    outer loop
      vertex 66.5 91.5 3
      vertex 66.5 92.5 0
      vertex 66.5 92.5 3
    endloop
  endfacet
  facet normal 1 0 0
    outer loop
      vertex 66.5 92.5 0
      vertex 66.5 91.5 3
      vertex 66.5 91.5 0
    endloop
  endfacet
  facet normal -1 0 0
    outer loop
      vertex 81.5 91.5 0
      vertex 81.5 92.5 3
      vertex 81.5 92.5 0
    endloop
  endfacet
  facet normal -1 -0 0
    outer loop
      vertex 81.5 92.5 3
      vertex 81.5 91.5 0
      vertex 81.5 91.5 3
    endloop
  endfacet
  facet normal 0 -1 0
    outer loop
      vertex 68 94 0
      vertex 80 94 3
      vertex 68 94 3
    endloop
  endfacet
  facet normal 0 -1 -0
    outer loop
      vertex 80 94 3
      vertex 68 94 0
      vertex 80 94 0
    endloop
  endfacet
  facet normal 0.707107 0.707107 0
    outer loop
      vertex 68 90 3
      vertex 66.5 91.5 0
      vertex 66.5 91.5 3
    endloop
  endfacet
  facet normal 0.707107 0.707107 0
    outer loop
      vertex 66.5 91.5 0
      vertex 68 90 3
      vertex 68 90 0
    endloop
  endfacet
  facet normal 0.707107 -0.707107 0
    outer loop
      vertex 66.5 92.5 3
      vertex 68 94 0
      vertex 68 94 3
    endloop
  endfacet
  facet normal 0.707107 -0.707107 0
    outer loop
      vertex 68 94 0
      vertex 66.5 92.5 3
      vertex 66.5 92.5 0
    endloop
  endfacet
  facet normal 0 1 -0
    outer loop
      vertex 80 90 0
      vertex 68 90 3
      vertex 80 90 3
    endloop
  endfacet
  facet normal 0 1 0
    outer loop
      vertex 68 90 3
      vertex 80 90 0
      vertex 68 90 0
    endloop
  endfacet
  facet normal -0.707107 0.707107 0
    outer loop
      vertex 80 101 0
      vertex 81.5 102.5 3
      vertex 81.5 102.5 0
    endloop
  endfacet
  facet normal -0.707107 0.707107 0
    outer loop
      vertex 81.5 102.5 3
      vertex 80 101 0
      vertex 80 101 3
    endloop
  endfacet
  facet normal -0.707107 -0.707107 0
    outer loop
      vertex 81.5 103.5 0
      vertex 80 105 3
      vertex 80 105 0
    endloop
  endfacet
  facet normal -0.707107 -0.707107 0
    outer loop
      vertex 80 105 3
      vertex 81.5 103.5 0
      vertex 81.5 103.5 3
    endloop
  endfacet
  facet normal 1 -0 0
    outer loop
      vertex 66.5 102.5 3
      vertex 66.5 103.5 0
      vertex 66.5 103.5 3
    endloop
  endfacet
  facet normal 1 0 0
    outer loop
      vertex 66.5 103.5 0
      vertex 66.5 102.5 3
      vertex 66.5 102.5 0
    endloop
  endfacet
  facet normal -1 0 0
    outer loop
      vertex 81.5 102.5 0
      vertex 81.5 103.5 3
      vertex 81.5 103.5 0
    endloop
  endfacet
  facet normal -1 -0 0
    outer loop
      vertex 81.5 103.5 3
      vertex 81.5 102.5 0
      vertex 81.5 102.5 3
    endloop
  endfacet
  facet normal 0 -1 0
    outer loop
      vertex 68 105 0
      vertex 80 105 3
      vertex 68 105 3
    endloop
  endfacet
  facet normal 0 -1 -0
    outer loop
      vertex 80 105 3
      vertex 68 105 0
      vertex 80 105 0
    endloop
  endfacet
  facet normal 0.707107 0.707107 0
    outer loop
      vertex 68 101 3
      vertex 66.5 102.5 0
      vertex 66.5 102.5 3
    endloop
  endfacet
  facet normal 0.707107 0.707107 0
    outer loop
      vertex 66.5 102.5 0
      vertex 68 101 3
      vertex 68 101 0
    endloop
  endfacet
  facet normal 0.707107 -0.707107 0
    outer loop
      vertex 66.5 103.5 3
      vertex 68 105 0
      vertex 68 105 3
    endloop
  endfacet
  facet normal 0.707107 -0.707107 0
    outer loop
      vertex 68 105 0
      vertex 66.5 103.5 3
      vertex 66.5 103.5 0
    endloop
  endfacet
  facet normal 0 1 -0
    outer loop
      vertex 80 101 0
      vertex 68 101 3
      vertex 80 101 3
    endloop
  endfacet
  facet normal 0 1 0
    outer loop
      vertex 68 101 3
      vertex 80 101 0
      vertex 68 101 0
    endloop
  endfacet
  facet normal -0.707107 0.707107 0
    outer loop
      vertex 80 112 0
      vertex 81.5 113.5 3
      vertex 81.5 113.5 0
    endloop
  endfacet
  facet normal -0.707107 0.707107 0
    outer loop
      vertex 81.5 113.5 3
      vertex 80 112 0
      vertex 80 112 3
    endloop
  endfacet
  facet normal -0.707107 -0.707107 0
    outer loop
      vertex 81.5 114.5 0
      vertex 80 116 3
      vertex 80 116 0
    endloop
  endfacet
  facet normal -0.707107 -0.707107 0
    outer loop
      vertex 80 116 3
      vertex 81.5 114.5 0
      vertex 81.5 114.5 3
    endloop
  endfacet
  facet normal 1 -0 0
    outer loop
      vertex 66.5 113.5 3
      vertex 66.5 114.5 0
      vertex 66.5 114.5 3
    endloop
  endfacet
  facet normal 1 0 0
    outer loop
      vertex 66.5 114.5 0
      vertex 66.5 113.5 3
      vertex 66.5 113.5 0
    endloop
  endfacet
  facet normal -1 0 0
    outer loop
      vertex 81.5 113.5 0
      vertex 81.5 114.5 3
      vertex 81.5 114.5 0
    endloop
  endfacet
  facet normal -1 -0 0
    outer loop
      vertex 81.5 114.5 3
      vertex 81.5 113.5 0
      vertex 81.5 113.5 3
    endloop
  endfacet
  facet normal 0 -1 0
    outer loop
      vertex 68 116 0
      vertex 80 116 3
      vertex 68 116 3
    endloop
  endfacet
  facet normal 0 -1 -0
    outer loop
      vertex 80 116 3
      vertex 68 116 0
      vertex 80 116 0
    endloop
  endfacet
  facet normal 0.707107 0.707107 0
    outer loop
      vertex 68 112 3
      vertex 66.5 113.5 0
      vertex 66.5 113.5 3
    endloop
  endfacet
  facet normal 0.707107 0.707107 0
    outer loop
      vertex 66.5 113.5 0
      vertex 68 112 3
      vertex 68 112 0
    endloop
  endfacet
  facet normal 0.707107 -0.707107 0
    outer loop
      vertex 66.5 114.5 3
      vertex 68 116 0
      vertex 68 116 3
    endloop
  endfacet
  facet normal 0.707107 -0.707107 0
    outer loop
      vertex 68 116 0
      vertex 66.5 114.5 3
      vertex 66.5 114.5 0
    endloop
  endfacet
  facet normal 0 1 -0
    outer loop
      vertex 80 112 0
      vertex 68 112 3
      vertex 80 112 3
    endloop
  endfacet
  facet normal 0 1 0
    outer loop
      vertex 68 112 3
      vertex 80 112 0
      vertex 68 112 0
    endloop
  endfacet
  facet normal -0.707107 0.707107 0
    outer loop
      vertex 80 123 0
      vertex 81.5 124.5 3
      vertex 81.5 124.5 0
    endloop
  endfacet
  facet normal -0.707107 0.707107 0
    outer loop
      vertex 81.5 124.5 3
      vertex 80 123 0
      vertex 80 123 3
    endloop
  endfacet
  facet normal -0.707107 -0.707107 0
    outer loop
      vertex 81.5 125.5 0
      vertex 80 127 3
      vertex 80 127 0
    endloop
  endfacet
  facet normal -0.707107 -0.707107 0
    outer loop
      vertex 80 127 3
      vertex 81.5 125.5 0
      vertex 81.5 125.5 3
    endloop
  endfacet
  facet normal 1 -0 0
    outer loop
      vertex 66.5 124.5 3
      vertex 66.5 125.5 0
      vertex 66.5 125.5 3
    endloop
  endfacet
  facet normal 1 0 0
    outer loop
      vertex 66.5 125.5 0
      vertex 66.5 124.5 3
      vertex 66.5 124.5 0
    endloop
  endfacet
  facet normal -1 0 0
    outer loop
      vertex 81.5 124.5 0
      vertex 81.5 125.5 3
      vertex 81.5 125.5 0
    endloop
  endfacet
  facet normal -1 -0 0
    outer loop
      vertex 81.5 125.5 3
      vertex 81.5 124.5 0
      vertex 81.5 124.5 3
    endloop
  endfacet
  facet normal 0 -1 0
    outer loop
      vertex 68 127 0
      vertex 80 127 3
      vertex 68 127 3
    endloop
  endfacet
  facet normal 0 -1 -0
    outer loop
      vertex 80 127 3
      vertex 68 127 0
      vertex 80 127 0
    endloop
  endfacet
  facet normal 0.707107 0.707107 0
    outer loop
      vertex 68 123 3
      vertex 66.5 124.5 0
      vertex 66.5 124.5 3
    endloop
  endfacet
  facet normal 0.707107 0.707107 0
    outer loop
      vertex 66.5 124.5 0
      vertex 68 123 3
      vertex 68 123 0
    endloop
  endfacet
  facet normal 0.707107 -0.707107 0
    outer loop
      vertex 66.5 125.5 3
      vertex 68 127 0
      vertex 68 127 3
    endloop
  endfacet
  facet normal 0.707107 -0.707107 0
    outer loop
      vertex 68 127 0
      vertex 66.5 125.5 3
      vertex 66.5 125.5 0
    endloop
  endfacet
  facet normal 0 1 -0
    outer loop
      vertex 80 123 0
      vertex 68 123 3
      vertex 80 123 3
    endloop
  endfacet
  facet normal 0 1 0
    outer loop
      vertex 68 123 3
      vertex 80 123 0
      vertex 68 123 0
    endloop
  endfacet
  facet normal -0.707107 0.707107 0
    outer loop
      vertex 104 24 0
      vertex 105.5 25.5 3
      vertex 105.5 25.5 0
    endloop
  endfacet
  facet normal -0.707107 0.707107 0
    outer loop
      vertex 105.5 25.5 3
      vertex 104 24 0
      vertex 104 24 3
    endloop
  endfacet
  facet normal -0.707107 -0.707107 0
    outer loop
      vertex 105.5 26.5 0
      vertex 104 28 3
      vertex 104 28 0
    endloop
  endfacet
  facet normal -0.707107 -0.707107 0
    outer loop
      vertex 104 28 3
      vertex 105.5 26.5 0
      vertex 105.5 26.5 3
    endloop
  endfacet
  facet normal 1 -0 0
    outer loop
      vertex 90.5 25.5 3
      vertex 90.5 26.5 0
      vertex 90.5 26.5 3
    endloop
  endfacet
  facet normal 1 0 0
    outer loop
      vertex 90.5 26.5 0
      vertex 90.5 25.5 3
      vertex 90.5 25.5 0
    endloop
  endfacet
  facet normal -1 0 0
    outer loop
      vertex 105.5 25.5 0
      vertex 105.5 26.5 3
      vertex 105.5 26.5 0
    endloop
  endfacet
  facet normal -1 -0 0
    outer loop
      vertex 105.5 26.5 3
      vertex 105.5 25.5 0
      vertex 105.5 25.5 3
    endloop
  endfacet
  facet normal 0 -1 0
    outer loop
      vertex 92 28 0
      vertex 104 28 3
      vertex 92 28 3
    endloop
  endfacet
  facet normal 0 -1 -0
    outer loop
      vertex 104 28 3
      vertex 92 28 0
      vertex 104 28 0
    endloop
  endfacet
  facet normal 0.707107 0.707107 0
    outer loop
      vertex 92 24 3
      vertex 90.5 25.5 0
      vertex 90.5 25.5 3
    endloop
  endfacet
  facet normal 0.707107 0.707107 0
    outer loop
      vertex 90.5 25.5 0
      vertex 92 24 3
      vertex 92 24 0
    endloop
  endfacet
  facet normal 0.707107 -0.707107 0
    outer loop
      vertex 90.5 26.5 3
      vertex 92 28 0
      vertex 92 28 3
    endloop
  endfacet
  facet normal 0.707107 -0.707107 0
    outer loop
      vertex 92 28 0
      vertex 90.5 26.5 3
      vertex 90.5 26.5 0
    endloop
  endfacet
  facet normal 0 1 -0
    outer loop
      vertex 104 24 0
      vertex 92 24 3
      vertex 104 24 3
    endloop
  endfacet
  facet normal 0 1 0
    outer loop
      vertex 92 24 3
      vertex 104 24 0
      vertex 92 24 0
    endloop
  endfacet
  facet normal -0.707107 -0.707107 0
    outer loop
      vertex 105.5 37.5 0
      vertex 104 39 3
      vertex 104 39 0
    endloop
  endfacet
  facet normal -0.707107 -0.707107 0
    outer loop
      vertex 104 39 3
      vertex 105.5 37.5 0
      vertex 105.5 37.5 3
    endloop
  endfacet
  facet normal 1 -0 0
    outer loop
      vertex 90.5 36.5 3
      vertex 90.5 37.5 0
      vertex 90.5 37.5 3
    endloop
  endfacet
  facet normal 1 0 0
    outer loop
      vertex 90.5 37.5 0
      vertex 90.5 36.5 3
      vertex 90.5 36.5 0
    endloop
  endfacet
  facet normal -1 0 0
    outer loop
      vertex 105.5 36.5 0
      vertex 105.5 37.5 3
      vertex 105.5 37.5 0
    endloop
  endfacet
  facet normal -1 -0 0
    outer loop
      vertex 105.5 37.5 3
      vertex 105.5 36.5 0
      vertex 105.5 36.5 3
    endloop
  endfacet
  facet normal 0 -1 0
    outer loop
      vertex 92 39 0
      vertex 104 39 3
      vertex 92 39 3
    endloop
  endfacet
  facet normal 0 -1 -0
    outer loop
      vertex 104 39 3
      vertex 92 39 0
      vertex 104 39 0
    endloop
  endfacet
  facet normal 0.707107 0.707107 0
    outer loop
      vertex 92 35 3
      vertex 90.5 36.5 0
      vertex 90.5 36.5 3
    endloop
  endfacet
  facet normal 0.707107 0.707107 0
    outer loop
      vertex 90.5 36.5 0
      vertex 92 35 3
      vertex 92 35 0
    endloop
  endfacet
  facet normal -0.707107 0.707107 0
    outer loop
      vertex 104 35 0
      vertex 105.5 36.5 3
      vertex 105.5 36.5 0
    endloop
  endfacet
  facet normal -0.707107 0.707107 0
    outer loop
      vertex 105.5 36.5 3
      vertex 104 35 0
      vertex 104 35 3
    endloop
  endfacet
  facet normal 0.707107 -0.707107 0
    outer loop
      vertex 90.5 37.5 3
      vertex 92 39 0
      vertex 92 39 3
    endloop
  endfacet
  facet normal 0.707107 -0.707107 0
    outer loop
      vertex 92 39 0
      vertex 90.5 37.5 3
      vertex 90.5 37.5 0
    endloop
  endfacet
  facet normal 0 1 -0
    outer loop
      vertex 104 35 0
      vertex 92 35 3
      vertex 104 35 3
    endloop
  endfacet
  facet normal 0 1 0
    outer loop
      vertex 92 35 3
      vertex 104 35 0
      vertex 92 35 0
    endloop
  endfacet
  facet normal -0.707107 -0.707107 0
    outer loop
      vertex 105.5 48.5 0
      vertex 104 50 3
      vertex 104 50 0
    endloop
  endfacet
  facet normal -0.707107 -0.707107 0
    outer loop
      vertex 104 50 3
      vertex 105.5 48.5 0
      vertex 105.5 48.5 3
    endloop
  endfacet
  facet normal 1 -0 0
    outer loop
      vertex 90.5 47.5 3
      vertex 90.5 48.5 0
      vertex 90.5 48.5 3
    endloop
  endfacet
  facet normal 1 0 0
    outer loop
      vertex 90.5 48.5 0
      vertex 90.5 47.5 3
      vertex 90.5 47.5 0
    endloop
  endfacet
  facet normal -1 0 0
    outer loop
      vertex 105.5 47.5 0
      vertex 105.5 48.5 3
      vertex 105.5 48.5 0
    endloop
  endfacet
  facet normal -1 -0 0
    outer loop
      vertex 105.5 48.5 3
      vertex 105.5 47.5 0
      vertex 105.5 47.5 3
    endloop
  endfacet
  facet normal 0 -1 0
    outer loop
      vertex 92 50 0
      vertex 104 50 3
      vertex 92 50 3
    endloop
  endfacet
  facet normal 0 -1 -0
    outer loop
      vertex 104 50 3
      vertex 92 50 0
      vertex 104 50 0
    endloop
  endfacet
  facet normal 0.707107 0.707107 0
    outer loop
      vertex 92 46 3
      vertex 90.5 47.5 0
      vertex 90.5 47.5 3
    endloop
  endfacet
  facet normal 0.707107 0.707107 0
    outer loop
      vertex 90.5 47.5 0
      vertex 92 46 3
      vertex 92 46 0
    endloop
  endfacet
  facet normal -0.707107 0.707107 0
    outer loop
      vertex 104 46 0
      vertex 105.5 47.5 3
      vertex 105.5 47.5 0
    endloop
  endfacet
  facet normal -0.707107 0.707107 0
    outer loop
      vertex 105.5 47.5 3
      vertex 104 46 0
      vertex 104 46 3
    endloop
  endfacet
  facet normal 0.707107 -0.707107 0
    outer loop
      vertex 90.5 48.5 3
      vertex 92 50 0
      vertex 92 50 3
    endloop
  endfacet
  facet normal 0.707107 -0.707107 0
    outer loop
      vertex 92 50 0
      vertex 90.5 48.5 3
      vertex 90.5 48.5 0
    endloop
  endfacet
  facet normal 0 1 -0
    outer loop
      vertex 104 46 0
      vertex 92 46 3
      vertex 104 46 3
    endloop
  endfacet
  facet normal 0 1 0
    outer loop
      vertex 92 46 3
      vertex 104 46 0
      vertex 92 46 0
    endloop
  endfacet
  facet normal -0.707107 0.707107 0
    outer loop
      vertex 104 57 0
      vertex 105.5 58.5 3
      vertex 105.5 58.5 0
    endloop
  endfacet
  facet normal -0.707107 0.707107 0
    outer loop
      vertex 105.5 58.5 3
      vertex 104 57 0
      vertex 104 57 3
    endloop
  endfacet
  facet normal -0.707107 -0.707107 0
    outer loop
      vertex 105.5 59.5 0
      vertex 104 61 3
      vertex 104 61 0
    endloop
  endfacet
  facet normal -0.707107 -0.707107 0
    outer loop
      vertex 104 61 3
      vertex 105.5 59.5 0
      vertex 105.5 59.5 3
    endloop
  endfacet
  facet normal 1 -0 0
    outer loop
      vertex 90.5 58.5 3
      vertex 90.5 59.5 0
      vertex 90.5 59.5 3
    endloop
  endfacet
  facet normal 1 0 0
    outer loop
      vertex 90.5 59.5 0
      vertex 90.5 58.5 3
      vertex 90.5 58.5 0
    endloop
  endfacet
  facet normal -1 0 0
    outer loop
      vertex 105.5 58.5 0
      vertex 105.5 59.5 3
      vertex 105.5 59.5 0
    endloop
  endfacet
  facet normal -1 -0 0
    outer loop
      vertex 105.5 59.5 3
      vertex 105.5 58.5 0
      vertex 105.5 58.5 3
    endloop
  endfacet
  facet normal 0 -1 0
    outer loop
      vertex 92 61 0
      vertex 104 61 3
      vertex 92 61 3
    endloop
  endfacet
  facet normal 0 -1 -0
    outer loop
      vertex 104 61 3
      vertex 92 61 0
      vertex 104 61 0
    endloop
  endfacet
  facet normal 0.707107 0.707107 0
    outer loop
      vertex 92 57 3
      vertex 90.5 58.5 0
      vertex 90.5 58.5 3
    endloop
  endfacet
  facet normal 0.707107 0.707107 0
    outer loop
      vertex 90.5 58.5 0
      vertex 92 57 3
      vertex 92 57 0
    endloop
  endfacet
  facet normal 0.707107 -0.707107 0
    outer loop
      vertex 90.5 59.5 3
      vertex 92 61 0
      vertex 92 61 3
    endloop
  endfacet
  facet normal 0.707107 -0.707107 0
    outer loop
      vertex 92 61 0
      vertex 90.5 59.5 3
      vertex 90.5 59.5 0
    endloop
  endfacet
  facet normal 0 1 -0
    outer loop
      vertex 104 57 0
      vertex 92 57 3
      vertex 104 57 3
    endloop
  endfacet
  facet normal 0 1 0
    outer loop
      vertex 92 57 3
      vertex 104 57 0
      vertex 92 57 0
    endloop
  endfacet
  facet normal -0.707107 -0.707107 0
    outer loop
      vertex 105.5 70.5 0
      vertex 104 72 3
      vertex 104 72 0
    endloop
  endfacet
  facet normal -0.707107 -0.707107 0
    outer loop
      vertex 104 72 3
      vertex 105.5 70.5 0
      vertex 105.5 70.5 3
    endloop
  endfacet
  facet normal 1 -0 0
    outer loop
      vertex 90.5 69.5 3
      vertex 90.5 70.5 0
      vertex 90.5 70.5 3
    endloop
  endfacet
  facet normal 1 0 0
    outer loop
      vertex 90.5 70.5 0
      vertex 90.5 69.5 3
      vertex 90.5 69.5 0
    endloop
  endfacet
  facet normal -1 0 0
    outer loop
      vertex 105.5 69.5 0
      vertex 105.5 70.5 3
      vertex 105.5 70.5 0
    endloop
  endfacet
  facet normal -1 -0 0
    outer loop
      vertex 105.5 70.5 3
      vertex 105.5 69.5 0
      vertex 105.5 69.5 3
    endloop
  endfacet
  facet normal 0 -1 0
    outer loop
      vertex 92 72 0
      vertex 104 72 3
      vertex 92 72 3
    endloop
  endfacet
  facet normal 0 -1 -0
    outer loop
      vertex 104 72 3
      vertex 92 72 0
      vertex 104 72 0
    endloop
  endfacet
  facet normal 0.707107 0.707107 0
    outer loop
      vertex 92 68 3
      vertex 90.5 69.5 0
      vertex 90.5 69.5 3
    endloop
  endfacet
  facet normal 0.707107 0.707107 0
    outer loop
      vertex 90.5 69.5 0
      vertex 92 68 3
      vertex 92 68 0
    endloop
  endfacet
  facet normal -0.707107 0.707107 0
    outer loop
      vertex 104 68 0
      vertex 105.5 69.5 3
      vertex 105.5 69.5 0
    endloop
  endfacet
  facet normal -0.707107 0.707107 0
    outer loop
      vertex 105.5 69.5 3
      vertex 104 68 0
      vertex 104 68 3
    endloop
  endfacet
  facet normal 0.707107 -0.707107 0
    outer loop
      vertex 90.5 70.5 3
      vertex 92 72 0
      vertex 92 72 3
    endloop
  endfacet
  facet normal 0.707107 -0.707107 0
    outer loop
      vertex 92 72 0
      vertex 90.5 70.5 3
      vertex 90.5 70.5 0
    endloop
  endfacet
  facet normal 0 1 -0
    outer loop
      vertex 104 68 0
      vertex 92 68 3
      vertex 104 68 3
    endloop
  endfacet
  facet normal 0 1 0
    outer loop
      vertex 92 68 3
      vertex 104 68 0
      vertex 92 68 0
    endloop
  endfacet
  facet normal -0.707107 -0.707107 0
    outer loop
      vertex 105.5 81.5 0
      vertex 104 83 3
      vertex 104 83 0
    endloop
  endfacet
  facet normal -0.707107 -0.707107 0
    outer loop
      vertex 104 83 3
      vertex 105.5 81.5 0
      vertex 105.5 81.5 3
    endloop
  endfacet
  facet normal 1 -0 0
    outer loop
      vertex 90.5 80.5 3
      vertex 90.5 81.5 0
      vertex 90.5 81.5 3
    endloop
  endfacet
  facet normal 1 0 0
    outer loop
      vertex 90.5 81.5 0
      vertex 90.5 80.5 3
      vertex 90.5 80.5 0
    endloop
  endfacet
  facet normal -1 0 0
    outer loop
      vertex 105.5 80.5 0
      vertex 105.5 81.5 3
      vertex 105.5 81.5 0
    endloop
  endfacet
  facet normal -1 -0 0
    outer loop
      vertex 105.5 81.5 3
      vertex 105.5 80.5 0
      vertex 105.5 80.5 3
    endloop
  endfacet
  facet normal 0 -1 0
    outer loop
      vertex 92 83 0
      vertex 104 83 3
      vertex 92 83 3
    endloop
  endfacet
  facet normal 0 -1 -0
    outer loop
      vertex 104 83 3
      vertex 92 83 0
      vertex 104 83 0
    endloop
  endfacet
  facet normal 0.707107 0.707107 0
    outer loop
      vertex 92 79 3
      vertex 90.5 80.5 0
      vertex 90.5 80.5 3
    endloop
  endfacet
  facet normal 0.707107 0.707107 0
    outer loop
      vertex 90.5 80.5 0
      vertex 92 79 3
      vertex 92 79 0
    endloop
  endfacet
  facet normal -0.707107 0.707107 0
    outer loop
      vertex 104 79 0
      vertex 105.5 80.5 3
      vertex 105.5 80.5 0
    endloop
  endfacet
  facet normal -0.707107 0.707107 0
    outer loop
      vertex 105.5 80.5 3
      vertex 104 79 0
      vertex 104 79 3
    endloop
  endfacet
  facet normal 0.707107 -0.707107 0
    outer loop
      vertex 90.5 81.5 3
      vertex 92 83 0
      vertex 92 83 3
    endloop
  endfacet
  facet normal 0.707107 -0.707107 0
    outer loop
      vertex 92 83 0
      vertex 90.5 81.5 3
      vertex 90.5 81.5 0
    endloop
  endfacet
  facet normal 0 1 -0
    outer loop
      vertex 104 79 0
      vertex 92 79 3
      vertex 104 79 3
    endloop
  endfacet
  facet normal 0 1 0
    outer loop
      vertex 92 79 3
      vertex 104 79 0
      vertex 92 79 0
    endloop
  endfacet
  facet normal -0.707107 0.707107 0
    outer loop
      vertex 104 90 0
      vertex 105.5 91.5 3
      vertex 105.5 91.5 0
    endloop
  endfacet
  facet normal -0.707107 0.707107 0
    outer loop
      vertex 105.5 91.5 3
      vertex 104 90 0
      vertex 104 90 3
    endloop
  endfacet
  facet normal -0.707107 -0.707107 0
    outer loop
      vertex 105.5 92.5 0
      vertex 104 94 3
      vertex 104 94 0
    endloop
  endfacet
  facet normal -0.707107 -0.707107 0
    outer loop
      vertex 104 94 3
      vertex 105.5 92.5 0
      vertex 105.5 92.5 3
    endloop
  endfacet
  facet normal 1 -0 0
    outer loop
      vertex 90.5 91.5 3
      vertex 90.5 92.5 0
      vertex 90.5 92.5 3
    endloop
  endfacet
  facet normal 1 0 0
    outer loop
      vertex 90.5 92.5 0
      vertex 90.5 91.5 3
      vertex 90.5 91.5 0
    endloop
  endfacet
  facet normal -1 0 0
    outer loop
      vertex 105.5 91.5 0
      vertex 105.5 92.5 3
      vertex 105.5 92.5 0
    endloop
  endfacet
  facet normal -1 -0 0
    outer loop
      vertex 105.5 92.5 3
      vertex 105.5 91.5 0
      vertex 105.5 91.5 3
    endloop
  endfacet
  facet normal 0 -1 0
    outer loop
      vertex 92 94 0
      vertex 104 94 3
      vertex 92 94 3
    endloop
  endfacet
  facet normal 0 -1 -0
    outer loop
      vertex 104 94 3
      vertex 92 94 0
      vertex 104 94 0
    endloop
  endfacet
  facet normal 0.707107 0.707107 0
    outer loop
      vertex 92 90 3
      vertex 90.5 91.5 0
      vertex 90.5 91.5 3
    endloop
  endfacet
  facet normal 0.707107 0.707107 0
    outer loop
      vertex 90.5 91.5 0
      vertex 92 90 3
      vertex 92 90 0
    endloop
  endfacet
  facet normal 0.707107 -0.707107 0
    outer loop
      vertex 90.5 92.5 3
      vertex 92 94 0
      vertex 92 94 3
    endloop
  endfacet
  facet normal 0.707107 -0.707107 0
    outer loop
      vertex 92 94 0
      vertex 90.5 92.5 3
      vertex 90.5 92.5 0
    endloop
  endfacet
  facet normal 0 1 -0
    outer loop
      vertex 104 90 0
      vertex 92 90 3
      vertex 104 90 3
    endloop
  endfacet
  facet normal 0 1 0
    outer loop
      vertex 92 90 3
      vertex 104 90 0
      vertex 92 90 0
    endloop
  endfacet
  facet normal -0.707107 0.707107 0
    outer loop
      vertex 104 101 0
      vertex 105.5 102.5 3
      vertex 105.5 102.5 0
    endloop
  endfacet
  facet normal -0.707107 0.707107 0
    outer loop
      vertex 105.5 102.5 3
      vertex 104 101 0
      vertex 104 101 3
    endloop
  endfacet
  facet normal -0.707107 -0.707107 0
    outer loop
      vertex 105.5 103.5 0
      vertex 104 105 3
      vertex 104 105 0
    endloop
  endfacet
  facet normal -0.707107 -0.707107 0
    outer loop
      vertex 104 105 3
      vertex 105.5 103.5 0
      vertex 105.5 103.5 3
    endloop
  endfacet
  facet normal 1 -0 0
    outer loop
      vertex 90.5 102.5 3
      vertex 90.5 103.5 0
      vertex 90.5 103.5 3
    endloop
  endfacet
  facet normal 1 0 0
    outer loop
      vertex 90.5 103.5 0
      vertex 90.5 102.5 3
      vertex 90.5 102.5 0
    endloop
  endfacet
  facet normal -1 0 0
    outer loop
      vertex 105.5 102.5 0
      vertex 105.5 103.5 3
      vertex 105.5 103.5 0
    endloop
  endfacet
  facet normal -1 -0 0
    outer loop
      vertex 105.5 103.5 3
      vertex 105.5 102.5 0
      vertex 105.5 102.5 3
    endloop
  endfacet
  facet normal 0 -1 0
    outer loop
      vertex 92 105 0
      vertex 104 105 3
      vertex 92 105 3
    endloop
  endfacet
  facet normal 0 -1 -0
    outer loop
      vertex 104 105 3
      vertex 92 105 0
      vertex 104 105 0
    endloop
  endfacet
  facet normal 0.707107 0.707107 0
    outer loop
      vertex 92 101 3
      vertex 90.5 102.5 0
      vertex 90.5 102.5 3
    endloop
  endfacet
  facet normal 0.707107 0.707107 0
    outer loop
      vertex 90.5 102.5 0
      vertex 92 101 3
      vertex 92 101 0
    endloop
  endfacet
  facet normal 0.707107 -0.707107 0
    outer loop
      vertex 90.5 103.5 3
      vertex 92 105 0
      vertex 92 105 3
    endloop
  endfacet
  facet normal 0.707107 -0.707107 0
    outer loop
      vertex 92 105 0
      vertex 90.5 103.5 3
      vertex 90.5 103.5 0
    endloop
  endfacet
  facet normal 0 1 -0
    outer loop
      vertex 104 101 0
      vertex 92 101 3
      vertex 104 101 3
    endloop
  endfacet
  facet normal 0 1 0
    outer loop
      vertex 92 101 3
      vertex 104 101 0
      vertex 92 101 0
    endloop
  endfacet
  facet normal -0.707107 -0.707107 0
    outer loop
      vertex 105.5 114.5 0
      vertex 104 116 3
      vertex 104 116 0
    endloop
  endfacet
  facet normal -0.707107 -0.707107 0
    outer loop
      vertex 104 116 3
      vertex 105.5 114.5 0
      vertex 105.5 114.5 3
    endloop
  endfacet
  facet normal 1 -0 0
    outer loop
      vertex 90.5 113.5 3
      vertex 90.5 114.5 0
      vertex 90.5 114.5 3
    endloop
  endfacet
  facet normal 1 0 0
    outer loop
      vertex 90.5 114.5 0
      vertex 90.5 113.5 3
      vertex 90.5 113.5 0
    endloop
  endfacet
  facet normal -1 0 0
    outer loop
      vertex 105.5 113.5 0
      vertex 105.5 114.5 3
      vertex 105.5 114.5 0
    endloop
  endfacet
  facet normal -1 -0 0
    outer loop
      vertex 105.5 114.5 3
      vertex 105.5 113.5 0
      vertex 105.5 113.5 3
    endloop
  endfacet
  facet normal 0 -1 0
    outer loop
      vertex 92 116 0
      vertex 104 116 3
      vertex 92 116 3
    endloop
  endfacet
  facet normal 0 -1 -0
    outer loop
      vertex 104 116 3
      vertex 92 116 0
      vertex 104 116 0
    endloop
  endfacet
  facet normal 0.707107 0.707107 0
    outer loop
      vertex 92 112 3
      vertex 90.5 113.5 0
      vertex 90.5 113.5 3
    endloop
  endfacet
  facet normal 0.707107 0.707107 0
    outer loop
      vertex 90.5 113.5 0
      vertex 92 112 3
      vertex 92 112 0
    endloop
  endfacet
  facet normal -0.707107 0.707107 0
    outer loop
      vertex 104 112 0
      vertex 105.5 113.5 3
      vertex 105.5 113.5 0
    endloop
  endfacet
  facet normal -0.707107 0.707107 0
    outer loop
      vertex 105.5 113.5 3
      vertex 104 112 0
      vertex 104 112 3
    endloop
  endfacet
  facet normal 0.707107 -0.707107 0
    outer loop
      vertex 90.5 114.5 3
      vertex 92 116 0
      vertex 92 116 3
    endloop
  endfacet
  facet normal 0.707107 -0.707107 0
    outer loop
      vertex 92 116 0
      vertex 90.5 114.5 3
      vertex 90.5 114.5 0
    endloop
  endfacet
  facet normal 0 1 -0
    outer loop
      vertex 104 112 0
      vertex 92 112 3
      vertex 104 112 3
    endloop
  endfacet
  facet normal 0 1 0
    outer loop
      vertex 92 112 3
      vertex 104 112 0
      vertex 92 112 0
    endloop
  endfacet
  facet normal -0.707107 -0.707107 0
    outer loop
      vertex 105.5 125.5 0
      vertex 104 127 3
      vertex 104 127 0
    endloop
  endfacet
  facet normal -0.707107 -0.707107 0
    outer loop
      vertex 104 127 3
      vertex 105.5 125.5 0
      vertex 105.5 125.5 3
    endloop
  endfacet
  facet normal 1 -0 0
    outer loop
      vertex 90.5 124.5 3
      vertex 90.5 125.5 0
      vertex 90.5 125.5 3
    endloop
  endfacet
  facet normal 1 0 0
    outer loop
      vertex 90.5 125.5 0
      vertex 90.5 124.5 3
      vertex 90.5 124.5 0
    endloop
  endfacet
  facet normal -1 0 0
    outer loop
      vertex 105.5 124.5 0
      vertex 105.5 125.5 3
      vertex 105.5 125.5 0
    endloop
  endfacet
  facet normal -1 -0 0
    outer loop
      vertex 105.5 125.5 3
      vertex 105.5 124.5 0
      vertex 105.5 124.5 3
    endloop
  endfacet
  facet normal 0 -1 0
    outer loop
      vertex 92 127 0
      vertex 104 127 3
      vertex 92 127 3
    endloop
  endfacet
  facet normal 0 -1 -0
    outer loop
      vertex 104 127 3
      vertex 92 127 0
      vertex 104 127 0
    endloop
  endfacet
  facet normal 0.707107 0.707107 0
    outer loop
      vertex 92 123 3
      vertex 90.5 124.5 0
      vertex 90.5 124.5 3
    endloop
  endfacet
  facet normal 0.707107 0.707107 0
    outer loop
      vertex 90.5 124.5 0
      vertex 92 123 3
      vertex 92 123 0
    endloop
  endfacet
  facet normal -0.707107 0.707107 0
    outer loop
      vertex 104 123 0
      vertex 105.5 124.5 3
      vertex 105.5 124.5 0
    endloop
  endfacet
  facet normal -0.707107 0.707107 0
    outer loop
      vertex 105.5 124.5 3
      vertex 104 123 0
      vertex 104 123 3
    endloop
  endfacet
  facet normal 0.707107 -0.707107 0
    outer loop
      vertex 90.5 125.5 3
      vertex 92 127 0
      vertex 92 127 3
    endloop
  endfacet
  facet normal 0.707107 -0.707107 0
    outer loop
      vertex 92 127 0
      vertex 90.5 125.5 3
      vertex 90.5 125.5 0
    endloop
  endfacet
  facet normal 0 1 -0
    outer loop
      vertex 104 123 0
      vertex 92 123 3
      vertex 104 123 3
    endloop
  endfacet
  facet normal 0 1 0
    outer loop
      vertex 92 123 3
      vertex 104 123 0
      vertex 92 123 0
    endloop
  endfacet
  facet normal -0.707107 -0.707107 0
    outer loop
      vertex 129.5 26.5 0
      vertex 128 28 3
      vertex 128 28 0
    endloop
  endfacet
  facet normal -0.707107 -0.707107 0
    outer loop
      vertex 128 28 3
      vertex 129.5 26.5 0
      vertex 129.5 26.5 3
    endloop
  endfacet
  facet normal 1 -0 0
    outer loop
      vertex 114.5 25.5 3
      vertex 114.5 26.5 0
      vertex 114.5 26.5 3
    endloop
  endfacet
  facet normal 1 0 0
    outer loop
      vertex 114.5 26.5 0
      vertex 114.5 25.5 3
      vertex 114.5 25.5 0
    endloop
  endfacet
  facet normal -1 0 0
    outer loop
      vertex 129.5 25.5 0
      vertex 129.5 26.5 3
      vertex 129.5 26.5 0
    endloop
  endfacet
  facet normal -1 -0 0
    outer loop
      vertex 129.5 26.5 3
      vertex 129.5 25.5 0
      vertex 129.5 25.5 3
    endloop
  endfacet
  facet normal 0 -1 0
    outer loop
      vertex 116 28 0
      vertex 128 28 3
      vertex 116 28 3
    endloop
  endfacet
  facet normal 0 -1 -0
    outer loop
      vertex 128 28 3
      vertex 116 28 0
      vertex 128 28 0
    endloop
  endfacet
  facet normal 0.707107 0.707107 0
    outer loop
      vertex 116 24 3
      vertex 114.5 25.5 0
      vertex 114.5 25.5 3
    endloop
  endfacet
  facet normal 0.707107 0.707107 0
    outer loop
      vertex 114.5 25.5 0
      vertex 116 24 3
      vertex 116 24 0
    endloop
  endfacet
  facet normal -0.707107 0.707107 0
    outer loop
      vertex 128 24 0
      vertex 129.5 25.5 3
      vertex 129.5 25.5 0
    endloop
  endfacet
  facet normal -0.707107 0.707107 0
    outer loop
      vertex 129.5 25.5 3
      vertex 128 24 0
      vertex 128 24 3
    endloop
  endfacet
  facet normal 0.707107 -0.707107 0
    outer loop
      vertex 114.5 26.5 3
      vertex 116 28 0
      vertex 116 28 3
    endloop
  endfacet
  facet normal 0.707107 -0.707107 0
    outer loop
      vertex 116 28 0
      vertex 114.5 26.5 3
      vertex 114.5 26.5 0
    endloop
  endfacet
  facet normal 0 1 -0
    outer loop
      vertex 128 24 0
      vertex 116 24 3
      vertex 128 24 3
    endloop
  endfacet
  facet normal 0 1 0
    outer loop
      vertex 116 24 3
      vertex 128 24 0
      vertex 116 24 0
    endloop
  endfacet
  facet normal -0.707107 -0.707107 0
    outer loop
      vertex 129.5 37.5 0
      vertex 128 39 3
      vertex 128 39 0
    endloop
  endfacet
  facet normal -0.707107 -0.707107 0
    outer loop
      vertex 128 39 3
      vertex 129.5 37.5 0
      vertex 129.5 37.5 3
    endloop
  endfacet
  facet normal 1 -0 0
    outer loop
      vertex 114.5 36.5 3
      vertex 114.5 37.5 0
      vertex 114.5 37.5 3
    endloop
  endfacet
  facet normal 1 0 0
    outer loop
      vertex 114.5 37.5 0
      vertex 114.5 36.5 3
      vertex 114.5 36.5 0
    endloop
  endfacet
  facet normal -1 0 0
    outer loop
      vertex 129.5 36.5 0
      vertex 129.5 37.5 3
      vertex 129.5 37.5 0
    endloop
  endfacet
  facet normal -1 -0 0
    outer loop
      vertex 129.5 37.5 3
      vertex 129.5 36.5 0
      vertex 129.5 36.5 3
    endloop
  endfacet
  facet normal 0 -1 0
    outer loop
      vertex 116 39 0
      vertex 128 39 3
      vertex 116 39 3
    endloop
  endfacet
  facet normal 0 -1 -0
    outer loop
      vertex 128 39 3
      vertex 116 39 0
      vertex 128 39 0
    endloop
  endfacet
  facet normal 0.707107 0.707107 0
    outer loop
      vertex 116 35 3
      vertex 114.5 36.5 0
      vertex 114.5 36.5 3
    endloop
  endfacet
  facet normal 0.707107 0.707107 0
    outer loop
      vertex 114.5 36.5 0
      vertex 116 35 3
      vertex 116 35 0
    endloop
  endfacet
  facet normal -0.707107 0.707107 0
    outer loop
      vertex 128 35 0
      vertex 129.5 36.5 3
      vertex 129.5 36.5 0
    endloop
  endfacet
  facet normal -0.707107 0.707107 0
    outer loop
      vertex 129.5 36.5 3
      vertex 128 35 0
      vertex 128 35 3
    endloop
  endfacet
  facet normal 0.707107 -0.707107 0
    outer loop
      vertex 114.5 37.5 3
      vertex 116 39 0
      vertex 116 39 3
    endloop
  endfacet
  facet normal 0.707107 -0.707107 0
    outer loop
      vertex 116 39 0
      vertex 114.5 37.5 3
      vertex 114.5 37.5 0
    endloop
  endfacet
  facet normal 0 1 -0
    outer loop
      vertex 128 35 0
      vertex 116 35 3
      vertex 128 35 3
    endloop
  endfacet
  facet normal 0 1 0
    outer loop
      vertex 116 35 3
      vertex 128 35 0
      vertex 116 35 0
    endloop
  endfacet
  facet normal -0.707107 0.707107 0
    outer loop
      vertex 128 46 0
      vertex 129.5 47.5 3
      vertex 129.5 47.5 0
    endloop
  endfacet
  facet normal -0.707107 0.707107 0
    outer loop
      vertex 129.5 47.5 3
      vertex 128 46 0
      vertex 128 46 3
    endloop
  endfacet
  facet normal -0.707107 -0.707107 0
    outer loop
      vertex 129.5 48.5 0
      vertex 128 50 3
      vertex 128 50 0
    endloop
  endfacet
  facet normal -0.707107 -0.707107 0
    outer loop
      vertex 128 50 3
      vertex 129.5 48.5 0
      vertex 129.5 48.5 3
    endloop
  endfacet
  facet normal 1 -0 0
    outer loop
      vertex 114.5 47.5 3
      vertex 114.5 48.5 0
      vertex 114.5 48.5 3
    endloop
  endfacet
  facet normal 1 0 0
    outer loop
      vertex 114.5 48.5 0
      vertex 114.5 47.5 3
      vertex 114.5 47.5 0
    endloop
  endfacet
  facet normal -1 0 0
    outer loop
      vertex 129.5 47.5 0
      vertex 129.5 48.5 3
      vertex 129.5 48.5 0
    endloop
  endfacet
  facet normal -1 -0 0
    outer loop
      vertex 129.5 48.5 3
      vertex 129.5 47.5 0
      vertex 129.5 47.5 3
    endloop
  endfacet
  facet normal 0 -1 0
    outer loop
      vertex 116 50 0
      vertex 128 50 3
      vertex 116 50 3
    endloop
  endfacet
  facet normal 0 -1 -0
    outer loop
      vertex 128 50 3
      vertex 116 50 0
      vertex 128 50 0
    endloop
  endfacet
  facet normal 0.707107 0.707107 0
    outer loop
      vertex 116 46 3
      vertex 114.5 47.5 0
      vertex 114.5 47.5 3
    endloop
  endfacet
  facet normal 0.707107 0.707107 0
    outer loop
      vertex 114.5 47.5 0
      vertex 116 46 3
      vertex 116 46 0
    endloop
  endfacet
  facet normal 0.707107 -0.707107 0
    outer loop
      vertex 114.5 48.5 3
      vertex 116 50 0
      vertex 116 50 3
    endloop
  endfacet
  facet normal 0.707107 -0.707107 0
    outer loop
      vertex 116 50 0
      vertex 114.5 48.5 3
      vertex 114.5 48.5 0
    endloop
  endfacet
  facet normal 0 1 -0
    outer loop
      vertex 128 46 0
      vertex 116 46 3
      vertex 128 46 3
    endloop
  endfacet
  facet normal 0 1 0
    outer loop
      vertex 116 46 3
      vertex 128 46 0
      vertex 116 46 0
    endloop
  endfacet
  facet normal -0.707107 -0.707107 0
    outer loop
      vertex 129.5 59.5 0
      vertex 128 61 3
      vertex 128 61 0
    endloop
  endfacet
  facet normal -0.707107 -0.707107 0
    outer loop
      vertex 128 61 3
      vertex 129.5 59.5 0
      vertex 129.5 59.5 3
    endloop
  endfacet
  facet normal 1 -0 0
    outer loop
      vertex 114.5 58.5 3
      vertex 114.5 59.5 0
      vertex 114.5 59.5 3
    endloop
  endfacet
  facet normal 1 0 0
    outer loop
      vertex 114.5 59.5 0
      vertex 114.5 58.5 3
      vertex 114.5 58.5 0
    endloop
  endfacet
  facet normal -1 0 0
    outer loop
      vertex 129.5 58.5 0
      vertex 129.5 59.5 3
      vertex 129.5 59.5 0
    endloop
  endfacet
  facet normal -1 -0 0
    outer loop
      vertex 129.5 59.5 3
      vertex 129.5 58.5 0
      vertex 129.5 58.5 3
    endloop
  endfacet
  facet normal 0 -1 0
    outer loop
      vertex 116 61 0
      vertex 128 61 3
      vertex 116 61 3
    endloop
  endfacet
  facet normal 0 -1 -0
    outer loop
      vertex 128 61 3
      vertex 116 61 0
      vertex 128 61 0
    endloop
  endfacet
  facet normal 0.707107 0.707107 0
    outer loop
      vertex 116 57 3
      vertex 114.5 58.5 0
      vertex 114.5 58.5 3
    endloop
  endfacet
  facet normal 0.707107 0.707107 0
    outer loop
      vertex 114.5 58.5 0
      vertex 116 57 3
      vertex 116 57 0
    endloop
  endfacet
  facet normal -0.707107 0.707107 0
    outer loop
      vertex 128 57 0
      vertex 129.5 58.5 3
      vertex 129.5 58.5 0
    endloop
  endfacet
  facet normal -0.707107 0.707107 0
    outer loop
      vertex 129.5 58.5 3
      vertex 128 57 0
      vertex 128 57 3
    endloop
  endfacet
  facet normal 0.707107 -0.707107 0
    outer loop
      vertex 114.5 59.5 3
      vertex 116 61 0
      vertex 116 61 3
    endloop
  endfacet
  facet normal 0.707107 -0.707107 0
    outer loop
      vertex 116 61 0
      vertex 114.5 59.5 3
      vertex 114.5 59.5 0
    endloop
  endfacet
  facet normal 0 1 -0
    outer loop
      vertex 128 57 0
      vertex 116 57 3
      vertex 128 57 3
    endloop
  endfacet
  facet normal 0 1 0
    outer loop
      vertex 116 57 3
      vertex 128 57 0
      vertex 116 57 0
    endloop
  endfacet
  facet normal -0.707107 0.707107 0
    outer loop
      vertex 128 68 0
      vertex 129.5 69.5 3
      vertex 129.5 69.5 0
    endloop
  endfacet
  facet normal -0.707107 0.707107 0
    outer loop
      vertex 129.5 69.5 3
      vertex 128 68 0
      vertex 128 68 3
    endloop
  endfacet
  facet normal -0.707107 -0.707107 0
    outer loop
      vertex 129.5 70.5 0
      vertex 128 72 3
      vertex 128 72 0
    endloop
  endfacet
  facet normal -0.707107 -0.707107 0
    outer loop
      vertex 128 72 3
      vertex 129.5 70.5 0
      vertex 129.5 70.5 3
    endloop
  endfacet
  facet normal 1 -0 0
    outer loop
      vertex 114.5 69.5 3
      vertex 114.5 70.5 0
      vertex 114.5 70.5 3
    endloop
  endfacet
  facet normal 1 0 0
    outer loop
      vertex 114.5 70.5 0
      vertex 114.5 69.5 3
      vertex 114.5 69.5 0
    endloop
  endfacet
  facet normal -1 0 0
    outer loop
      vertex 129.5 69.5 0
      vertex 129.5 70.5 3
      vertex 129.5 70.5 0
    endloop
  endfacet
  facet normal -1 -0 0
    outer loop
      vertex 129.5 70.5 3
      vertex 129.5 69.5 0
      vertex 129.5 69.5 3
    endloop
  endfacet
  facet normal 0 -1 0
    outer loop
      vertex 116 72 0
      vertex 128 72 3
      vertex 116 72 3
    endloop
  endfacet
  facet normal 0 -1 -0
    outer loop
      vertex 128 72 3
      vertex 116 72 0
      vertex 128 72 0
    endloop
  endfacet
  facet normal 0.707107 0.707107 0
    outer loop
      vertex 116 68 3
      vertex 114.5 69.5 0
      vertex 114.5 69.5 3
    endloop
  endfacet
  facet normal 0.707107 0.707107 0
    outer loop
      vertex 114.5 69.5 0
      vertex 116 68 3
      vertex 116 68 0
    endloop
  endfacet
  facet normal 0.707107 -0.707107 0
    outer loop
      vertex 114.5 70.5 3
      vertex 116 72 0
      vertex 116 72 3
    endloop
  endfacet
  facet normal 0.707107 -0.707107 0
    outer loop
      vertex 116 72 0
      vertex 114.5 70.5 3
      vertex 114.5 70.5 0
    endloop
  endfacet
  facet normal 0 1 -0
    outer loop
      vertex 128 68 0
      vertex 116 68 3
      vertex 128 68 3
    endloop
  endfacet
  facet normal 0 1 0
    outer loop
      vertex 116 68 3
      vertex 128 68 0
      vertex 116 68 0
    endloop
  endfacet
  facet normal -0.707107 0.707107 0
    outer loop
      vertex 128 79 0
      vertex 129.5 80.5 3
      vertex 129.5 80.5 0
    endloop
  endfacet
  facet normal -0.707107 0.707107 0
    outer loop
      vertex 129.5 80.5 3
      vertex 128 79 0
      vertex 128 79 3
    endloop
  endfacet
  facet normal -0.707107 -0.707107 0
    outer loop
      vertex 129.5 81.5 0
      vertex 128 83 3
      vertex 128 83 0
    endloop
  endfacet
  facet normal -0.707107 -0.707107 0
    outer loop
      vertex 128 83 3
      vertex 129.5 81.5 0
      vertex 129.5 81.5 3
    endloop
  endfacet
  facet normal 1 -0 0
    outer loop
      vertex 114.5 80.5 3
      vertex 114.5 81.5 0
      vertex 114.5 81.5 3
    endloop
  endfacet
  facet normal 1 0 0
    outer loop
      vertex 114.5 81.5 0
      vertex 114.5 80.5 3
      vertex 114.5 80.5 0
    endloop
  endfacet
  facet normal -1 0 0
    outer loop
      vertex 129.5 80.5 0
      vertex 129.5 81.5 3
      vertex 129.5 81.5 0
    endloop
  endfacet
  facet normal -1 -0 0
    outer loop
      vertex 129.5 81.5 3
      vertex 129.5 80.5 0
      vertex 129.5 80.5 3
    endloop
  endfacet
  facet normal 0 -1 0
    outer loop
      vertex 116 83 0
      vertex 128 83 3
      vertex 116 83 3
    endloop
  endfacet
  facet normal 0 -1 -0
    outer loop
      vertex 128 83 3
      vertex 116 83 0
      vertex 128 83 0
    endloop
  endfacet
  facet normal 0.707107 0.707107 0
    outer loop
      vertex 116 79 3
      vertex 114.5 80.5 0
      vertex 114.5 80.5 3
    endloop
  endfacet
  facet normal 0.707107 0.707107 0
    outer loop
      vertex 114.5 80.5 0
      vertex 116 79 3
      vertex 116 79 0
    endloop
  endfacet
  facet normal 0.707107 -0.707107 0
    outer loop
      vertex 114.5 81.5 3
      vertex 116 83 0
      vertex 116 83 3
    endloop
  endfacet
  facet normal 0.707107 -0.707107 0
    outer loop
      vertex 116 83 0
      vertex 114.5 81.5 3
      vertex 114.5 81.5 0
    endloop
  endfacet
  facet normal 0 1 -0
    outer loop
      vertex 128 79 0
      vertex 116 79 3
      vertex 128 79 3
    endloop
  endfacet
  facet normal 0 1 0
    outer loop
      vertex 116 79 3
      vertex 128 79 0
      vertex 116 79 0
    endloop
  endfacet
  facet normal -0.707107 -0.707107 0
    outer loop
      vertex 129.5 92.5 0
      vertex 128 94 3
      vertex 128 94 0
    endloop
  endfacet
  facet normal -0.707107 -0.707107 0
    outer loop
      vertex 128 94 3
      vertex 129.5 92.5 0
      vertex 129.5 92.5 3
    endloop
  endfacet
  facet normal 1 -0 0
    outer loop
      vertex 114.5 91.5 3
      vertex 114.5 92.5 0
      vertex 114.5 92.5 3
    endloop
  endfacet
  facet normal 1 0 0
    outer loop
      vertex 114.5 92.5 0
      vertex 114.5 91.5 3
      vertex 114.5 91.5 0
    endloop
  endfacet
  facet normal -1 0 0
    outer loop
      vertex 129.5 91.5 0
      vertex 129.5 92.5 3
      vertex 129.5 92.5 0
    endloop
  endfacet
  facet normal -1 -0 0
    outer loop
      vertex 129.5 92.5 3
      vertex 129.5 91.5 0
      vertex 129.5 91.5 3
    endloop
  endfacet
  facet normal 0 -1 0
    outer loop
      vertex 116 94 0
      vertex 128 94 3
      vertex 116 94 3
    endloop
  endfacet
  facet normal 0 -1 -0
    outer loop
      vertex 128 94 3
      vertex 116 94 0
      vertex 128 94 0
    endloop
  endfacet
  facet normal 0.707107 0.707107 0
    outer loop
      vertex 116 90 3
      vertex 114.5 91.5 0
      vertex 114.5 91.5 3
    endloop
  endfacet
  facet normal 0.707107 0.707107 0
    outer loop
      vertex 114.5 91.5 0
      vertex 116 90 3
      vertex 116 90 0
    endloop
  endfacet
  facet normal -0.707107 0.707107 0
    outer loop
      vertex 128 90 0
      vertex 129.5 91.5 3
      vertex 129.5 91.5 0
    endloop
  endfacet
  facet normal -0.707107 0.707107 0
    outer loop
      vertex 129.5 91.5 3
      vertex 128 90 0
      vertex 128 90 3
    endloop
  endfacet
  facet normal 0.707107 -0.707107 0
    outer loop
      vertex 114.5 92.5 3
      vertex 116 94 0
      vertex 116 94 3
    endloop
  endfacet
  facet normal 0.707107 -0.707107 0
    outer loop
      vertex 116 94 0
      vertex 114.5 92.5 3
      vertex 114.5 92.5 0
    endloop
  endfacet
  facet normal 0 1 -0
    outer loop
      vertex 128 90 0
      vertex 116 90 3
      vertex 128 90 3
    endloop
  endfacet
  facet normal 0 1 0
    outer loop
      vertex 116 90 3
      vertex 128 90 0
      vertex 116 90 0
    endloop
  endfacet
  facet normal -0.707107 -0.707107 0
    outer loop
      vertex 129.5 103.5 0
      vertex 128 105 3
      vertex 128 105 0
    endloop
  endfacet
  facet normal -0.707107 -0.707107 0
    outer loop
      vertex 128 105 3
      vertex 129.5 103.5 0
      vertex 129.5 103.5 3
    endloop
  endfacet
  facet normal 1 -0 0
    outer loop
      vertex 114.5 102.5 3
      vertex 114.5 103.5 0
      vertex 114.5 103.5 3
    endloop
  endfacet
  facet normal 1 0 0
    outer loop
      vertex 114.5 103.5 0
      vertex 114.5 102.5 3
      vertex 114.5 102.5 0
    endloop
  endfacet
  facet normal -1 0 0
    outer loop
      vertex 129.5 102.5 0
      vertex 129.5 103.5 3
      vertex 129.5 103.5 0
    endloop
  endfacet
  facet normal -1 -0 0
    outer loop
      vertex 129.5 103.5 3
      vertex 129.5 102.5 0
      vertex 129.5 102.5 3
    endloop
  endfacet
  facet normal 0 -1 0
    outer loop
      vertex 116 105 0
      vertex 128 105 3
      vertex 116 105 3
    endloop
  endfacet
  facet normal 0 -1 -0
    outer loop
      vertex 128 105 3
      vertex 116 105 0
      vertex 128 105 0
    endloop
  endfacet
  facet normal 0.707107 0.707107 0
    outer loop
      vertex 116 101 3
      vertex 114.5 102.5 0
      vertex 114.5 102.5 3
    endloop
  endfacet
  facet normal 0.707107 0.707107 0
    outer loop
      vertex 114.5 102.5 0
      vertex 116 101 3
      vertex 116 101 0
    endloop
  endfacet
  facet normal -0.707107 0.707107 0
    outer loop
      vertex 128 101 0
      vertex 129.5 102.5 3
      vertex 129.5 102.5 0
    endloop
  endfacet
  facet normal -0.707107 0.707107 0
    outer loop
      vertex 129.5 102.5 3
      vertex 128 101 0
      vertex 128 101 3
    endloop
  endfacet
  facet normal 0.707107 -0.707107 0
    outer loop
      vertex 114.5 103.5 3
      vertex 116 105 0
      vertex 116 105 3
    endloop
  endfacet
  facet normal 0.707107 -0.707107 0
    outer loop
      vertex 116 105 0
      vertex 114.5 103.5 3
      vertex 114.5 103.5 0
    endloop
  endfacet
  facet normal 0 1 -0
    outer loop
      vertex 128 101 0
      vertex 116 101 3
      vertex 128 101 3
    endloop
  endfacet
  facet normal 0 1 0
    outer loop
      vertex 116 101 3
      vertex 128 101 0
      vertex 116 101 0
    endloop
  endfacet
  facet normal -0.707107 0.707107 0
    outer loop
      vertex 128 112 0
      vertex 129.5 113.5 3
      vertex 129.5 113.5 0
    endloop
  endfacet
  facet normal -0.707107 0.707107 0
    outer loop
      vertex 129.5 113.5 3
      vertex 128 112 0
      vertex 128 112 3
    endloop
  endfacet
  facet normal -0.707107 -0.707107 0
    outer loop
      vertex 129.5 114.5 0
      vertex 128 116 3
      vertex 128 116 0
    endloop
  endfacet
  facet normal -0.707107 -0.707107 0
    outer loop
      vertex 128 116 3
      vertex 129.5 114.5 0
      vertex 129.5 114.5 3
    endloop
  endfacet
  facet normal 1 -0 0
    outer loop
      vertex 114.5 113.5 3
      vertex 114.5 114.5 0
      vertex 114.5 114.5 3
    endloop
  endfacet
  facet normal 1 0 0
    outer loop
      vertex 114.5 114.5 0
      vertex 114.5 113.5 3
      vertex 114.5 113.5 0
    endloop
  endfacet
  facet normal -1 0 0
    outer loop
      vertex 129.5 113.5 0
      vertex 129.5 114.5 3
      vertex 129.5 114.5 0
    endloop
  endfacet
  facet normal -1 -0 0
    outer loop
      vertex 129.5 114.5 3
      vertex 129.5 113.5 0
      vertex 129.5 113.5 3
    endloop
  endfacet
  facet normal 0 -1 0
    outer loop
      vertex 116 116 0
      vertex 128 116 3
      vertex 116 116 3
    endloop
  endfacet
  facet normal 0 -1 -0
    outer loop
      vertex 128 116 3
      vertex 116 116 0
      vertex 128 116 0
    endloop
  endfacet
  facet normal 0.707107 0.707107 0
    outer loop
      vertex 116 112 3
      vertex 114.5 113.5 0
      vertex 114.5 113.5 3
    endloop
  endfacet
  facet normal 0.707107 0.707107 0
    outer loop
      vertex 114.5 113.5 0
      vertex 116 112 3
      vertex 116 112 0
    endloop
  endfacet
  facet normal 0.707107 -0.707107 0
    outer loop
      vertex 114.5 114.5 3
      vertex 116 116 0
      vertex 116 116 3
    endloop
  endfacet
  facet normal 0.707107 -0.707107 0
    outer loop
      vertex 116 116 0
      vertex 114.5 114.5 3
      vertex 114.5 114.5 0
    endloop
  endfacet
  facet normal 0 1 -0
    outer loop
      vertex 128 112 0
      vertex 116 112 3
      vertex 128 112 3
    endloop
  endfacet
  facet normal 0 1 0
    outer loop
      vertex 116 112 3
      vertex 128 112 0
      vertex 116 112 0
    endloop
  endfacet
  facet normal -0.707107 -0.707107 0
    outer loop
      vertex 129.5 125.5 0
      vertex 128 127 3
      vertex 128 127 0
    endloop
  endfacet
  facet normal -0.707107 -0.707107 0
    outer loop
      vertex 128 127 3
      vertex 129.5 125.5 0
      vertex 129.5 125.5 3
    endloop
  endfacet
  facet normal 1 -0 0
    outer loop
      vertex 114.5 124.5 3
      vertex 114.5 125.5 0
      vertex 114.5 125.5 3
    endloop
  endfacet
  facet normal 1 0 0
    outer loop
      vertex 114.5 125.5 0
      vertex 114.5 124.5 3
      vertex 114.5 124.5 0
    endloop
  endfacet
  facet normal -1 0 0
    outer loop
      vertex 129.5 124.5 0
      vertex 129.5 125.5 3
      vertex 129.5 125.5 0
    endloop
  endfacet
  facet normal -1 -0 0
    outer loop
      vertex 129.5 125.5 3
      vertex 129.5 124.5 0
      vertex 129.5 124.5 3
    endloop
  endfacet
  facet normal 0 -1 0
    outer loop
      vertex 116 127 0
      vertex 128 127 3
      vertex 116 127 3
    endloop
  endfacet
  facet normal 0 -1 -0
    outer loop
      vertex 128 127 3
      vertex 116 127 0
      vertex 128 127 0
    endloop
  endfacet
  facet normal 0.707107 0.707107 0
    outer loop
      vertex 116 123 3
      vertex 114.5 124.5 0
      vertex 114.5 124.5 3
    endloop
  endfacet
  facet normal 0.707107 0.707107 0
    outer loop
      vertex 114.5 124.5 0
      vertex 116 123 3
      vertex 116 123 0
    endloop
  endfacet
  facet normal -0.707107 0.707107 0
    outer loop
      vertex 128 123 0
      vertex 129.5 124.5 3
      vertex 129.5 124.5 0
    endloop
  endfacet
  facet normal -0.707107 0.707107 0
    outer loop
      vertex 129.5 124.5 3
      vertex 128 123 0
      vertex 128 123 3
    endloop
  endfacet
  facet normal 0.707107 -0.707107 0
    outer loop
      vertex 114.5 125.5 3
      vertex 116 127 0
      vertex 116 127 3
    endloop
  endfacet
  facet normal 0.707107 -0.707107 0
    outer loop
      vertex 116 127 0
      vertex 114.5 125.5 3
      vertex 114.5 125.5 0
    endloop
  endfacet
  facet normal 0 1 -0
    outer loop
      vertex 128 123 0
      vertex 116 123 3
      vertex 128 123 3
    endloop
  endfacet
  facet normal 0 1 0
    outer loop
      vertex 116 123 3
      vertex 128 123 0
      vertex 116 123 0
    endloop
  endfacet
  facet normal -0.707107 -0.707107 0
    outer loop
      vertex 153.5 26.5 0
      vertex 152 28 3
      vertex 152 28 0
    endloop
  endfacet
  facet normal -0.707107 -0.707107 0
    outer loop
      vertex 152 28 3
      vertex 153.5 26.5 0
      vertex 153.5 26.5 3
    endloop
  endfacet
  facet normal 1 -0 0
    outer loop
      vertex 138.5 25.5 3
      vertex 138.5 26.5 0
      vertex 138.5 26.5 3
    endloop
  endfacet
  facet normal 1 0 0
    outer loop
      vertex 138.5 26.5 0
      vertex 138.5 25.5 3
      vertex 138.5 25.5 0
    endloop
  endfacet
  facet normal -1 0 0
    outer loop
      vertex 153.5 25.5 0
      vertex 153.5 26.5 3
      vertex 153.5 26.5 0
    endloop
  endfacet
  facet normal -1 -0 0
    outer loop
      vertex 153.5 26.5 3
      vertex 153.5 25.5 0
      vertex 153.5 25.5 3
    endloop
  endfacet
  facet normal 0 -1 0
    outer loop
      vertex 140 28 0
      vertex 152 28 3
      vertex 140 28 3
    endloop
  endfacet
  facet normal 0 -1 -0
    outer loop
      vertex 152 28 3
      vertex 140 28 0
      vertex 152 28 0
    endloop
  endfacet
  facet normal 0.707107 0.707107 0
    outer loop
      vertex 140 24 3
      vertex 138.5 25.5 0
      vertex 138.5 25.5 3
    endloop
  endfacet
  facet normal 0.707107 0.707107 0
    outer loop
      vertex 138.5 25.5 0
      vertex 140 24 3
      vertex 140 24 0
    endloop
  endfacet
  facet normal -0.707107 0.707107 0
    outer loop
      vertex 152 24 0
      vertex 153.5 25.5 3
      vertex 153.5 25.5 0
    endloop
  endfacet
  facet normal -0.707107 0.707107 0
    outer loop
      vertex 153.5 25.5 3
      vertex 152 24 0
      vertex 152 24 3
    endloop
  endfacet
  facet normal 0.707107 -0.707107 0
    outer loop
      vertex 138.5 26.5 3
      vertex 140 28 0
      vertex 140 28 3
    endloop
  endfacet
  facet normal 0.707107 -0.707107 0
    outer loop
      vertex 140 28 0
      vertex 138.5 26.5 3
      vertex 138.5 26.5 0
    endloop
  endfacet
  facet normal 0 1 -0
    outer loop
      vertex 152 24 0
      vertex 140 24 3
      vertex 152 24 3
    endloop
  endfacet
  facet normal 0 1 0
    outer loop
      vertex 140 24 3
      vertex 152 24 0
      vertex 140 24 0
    endloop
  endfacet
  facet normal -0.707107 -0.707107 0
    outer loop
      vertex 153.5 37.5 0
      vertex 152 39 3
      vertex 152 39 0
    endloop
  endfacet
  facet normal -0.707107 -0.707107 0
    outer loop
      vertex 152 39 3
      vertex 153.5 37.5 0
      vertex 153.5 37.5 3
    endloop
  endfacet
  facet normal 1 -0 0
    outer loop
      vertex 138.5 36.5 3
      vertex 138.5 37.5 0
      vertex 138.5 37.5 3
    endloop
  endfacet
  facet normal 1 0 0
    outer loop
      vertex 138.5 37.5 0
      vertex 138.5 36.5 3
      vertex 138.5 36.5 0
    endloop
  endfacet
  facet normal -1 0 0
    outer loop
      vertex 153.5 36.5 0
      vertex 153.5 37.5 3
      vertex 153.5 37.5 0
    endloop
  endfacet
  facet normal -1 -0 0
    outer loop
      vertex 153.5 37.5 3
      vertex 153.5 36.5 0
      vertex 153.5 36.5 3
    endloop
  endfacet
  facet normal 0 -1 0
    outer loop
      vertex 140 39 0
      vertex 152 39 3
      vertex 140 39 3
    endloop
  endfacet
  facet normal 0 -1 -0
    outer loop
      vertex 152 39 3
      vertex 140 39 0
      vertex 152 39 0
    endloop
  endfacet
  facet normal 0.707107 0.707107 0
    outer loop
      vertex 140 35 3
      vertex 138.5 36.5 0
      vertex 138.5 36.5 3
    endloop
  endfacet
  facet normal 0.707107 0.707107 0
    outer loop
      vertex 138.5 36.5 0
      vertex 140 35 3
      vertex 140 35 0
    endloop
  endfacet
  facet normal -0.707107 0.707107 0
    outer loop
      vertex 152 35 0
      vertex 153.5 36.5 3
      vertex 153.5 36.5 0
    endloop
  endfacet
  facet normal -0.707107 0.707107 0
    outer loop
      vertex 153.5 36.5 3
      vertex 152 35 0
      vertex 152 35 3
    endloop
  endfacet
  facet normal 0.707107 -0.707107 0
    outer loop
      vertex 138.5 37.5 3
      vertex 140 39 0
      vertex 140 39 3
    endloop
  endfacet
  facet normal 0.707107 -0.707107 0
    outer loop
      vertex 140 39 0
      vertex 138.5 37.5 3
      vertex 138.5 37.5 0
    endloop
  endfacet
  facet normal 0 1 -0
    outer loop
      vertex 152 35 0
      vertex 140 35 3
      vertex 152 35 3
    endloop
  endfacet
  facet normal 0 1 0
    outer loop
      vertex 140 35 3
      vertex 152 35 0
      vertex 140 35 0
    endloop
  endfacet
  facet normal -0.707107 0.707107 0
    outer loop
      vertex 152 46 0
      vertex 153.5 47.5 3
      vertex 153.5 47.5 0
    endloop
  endfacet
  facet normal -0.707107 0.707107 0
    outer loop
      vertex 153.5 47.5 3
      vertex 152 46 0
      vertex 152 46 3
    endloop
  endfacet
  facet normal -0.707107 -0.707107 0
    outer loop
      vertex 153.5 48.5 0
      vertex 152 50 3
      vertex 152 50 0
    endloop
  endfacet
  facet normal -0.707107 -0.707107 0
    outer loop
      vertex 152 50 3
      vertex 153.5 48.5 0
      vertex 153.5 48.5 3
    endloop
  endfacet
  facet normal 1 -0 0
    outer loop
      vertex 138.5 47.5 3
      vertex 138.5 48.5 0
      vertex 138.5 48.5 3
    endloop
  endfacet
  facet normal 1 0 0
    outer loop
      vertex 138.5 48.5 0
      vertex 138.5 47.5 3
      vertex 138.5 47.5 0
    endloop
  endfacet
  facet normal -1 0 0
    outer loop
      vertex 153.5 47.5 0
      vertex 153.5 48.5 3
      vertex 153.5 48.5 0
    endloop
  endfacet
  facet normal -1 -0 0
    outer loop
      vertex 153.5 48.5 3
      vertex 153.5 47.5 0
      vertex 153.5 47.5 3
    endloop
  endfacet
  facet normal 0 -1 0
    outer loop
      vertex 140 50 0
      vertex 152 50 3
      vertex 140 50 3
    endloop
  endfacet
  facet normal 0 -1 -0
    outer loop
      vertex 152 50 3
      vertex 140 50 0
      vertex 152 50 0
    endloop
  endfacet
  facet normal 0.707107 0.707107 0
    outer loop
      vertex 140 46 3
      vertex 138.5 47.5 0
      vertex 138.5 47.5 3
    endloop
  endfacet
  facet normal 0.707107 0.707107 0
    outer loop
      vertex 138.5 47.5 0
      vertex 140 46 3
      vertex 140 46 0
    endloop
  endfacet
  facet normal 0.707107 -0.707107 0
    outer loop
      vertex 138.5 48.5 3
      vertex 140 50 0
      vertex 140 50 3
    endloop
  endfacet
  facet normal 0.707107 -0.707107 0
    outer loop
      vertex 140 50 0
      vertex 138.5 48.5 3
      vertex 138.5 48.5 0
    endloop
  endfacet
  facet normal 0 1 -0
    outer loop
      vertex 152 46 0
      vertex 140 46 3
      vertex 152 46 3
    endloop
  endfacet
  facet normal 0 1 0
    outer loop
      vertex 140 46 3
      vertex 152 46 0
      vertex 140 46 0
    endloop
  endfacet
  facet normal -0.707107 -0.707107 0
    outer loop
      vertex 153.5 59.5 0
      vertex 152 61 3
      vertex 152 61 0
    endloop
  endfacet
  facet normal -0.707107 -0.707107 0
    outer loop
      vertex 152 61 3
      vertex 153.5 59.5 0
      vertex 153.5 59.5 3
    endloop
  endfacet
  facet normal 1 -0 0
    outer loop
      vertex 138.5 58.5 3
      vertex 138.5 59.5 0
      vertex 138.5 59.5 3
    endloop
  endfacet
  facet normal 1 0 0
    outer loop
      vertex 138.5 59.5 0
      vertex 138.5 58.5 3
      vertex 138.5 58.5 0
    endloop
  endfacet
  facet normal -1 0 0
    outer loop
      vertex 153.5 58.5 0
      vertex 153.5 59.5 3
      vertex 153.5 59.5 0
    endloop
  endfacet
  facet normal -1 -0 0
    outer loop
      vertex 153.5 59.5 3
      vertex 153.5 58.5 0
      vertex 153.5 58.5 3
    endloop
  endfacet
  facet normal 0 -1 0
    outer loop
      vertex 140 61 0
      vertex 152 61 3
      vertex 140 61 3
    endloop
  endfacet
  facet normal 0 -1 -0
    outer loop
      vertex 152 61 3
      vertex 140 61 0
      vertex 152 61 0
    endloop
  endfacet
  facet normal 0.707107 0.707107 0
    outer loop
      vertex 140 57 3
      vertex 138.5 58.5 0
      vertex 138.5 58.5 3
    endloop
  endfacet
  facet normal 0.707107 0.707107 0
    outer loop
      vertex 138.5 58.5 0
      vertex 140 57 3
      vertex 140 57 0
    endloop
  endfacet
  facet normal -0.707107 0.707107 0
    outer loop
      vertex 152 57 0
      vertex 153.5 58.5 3
      vertex 153.5 58.5 0
    endloop
  endfacet
  facet normal -0.707107 0.707107 0
    outer loop
      vertex 153.5 58.5 3
      vertex 152 57 0
      vertex 152 57 3
    endloop
  endfacet
  facet normal 0.707107 -0.707107 0
    outer loop
      vertex 138.5 59.5 3
      vertex 140 61 0
      vertex 140 61 3
    endloop
  endfacet
  facet normal 0.707107 -0.707107 0
    outer loop
      vertex 140 61 0
      vertex 138.5 59.5 3
      vertex 138.5 59.5 0
    endloop
  endfacet
  facet normal 0 1 -0
    outer loop
      vertex 152 57 0
      vertex 140 57 3
      vertex 152 57 3
    endloop
  endfacet
  facet normal 0 1 0
    outer loop
      vertex 140 57 3
      vertex 152 57 0
      vertex 140 57 0
    endloop
  endfacet
  facet normal -0.707107 -0.707107 0
    outer loop
      vertex 153.5 70.5 0
      vertex 152 72 3
      vertex 152 72 0
    endloop
  endfacet
  facet normal -0.707107 -0.707107 0
    outer loop
      vertex 152 72 3
      vertex 153.5 70.5 0
      vertex 153.5 70.5 3
    endloop
  endfacet
  facet normal 1 -0 0
    outer loop
      vertex 138.5 69.5 3
      vertex 138.5 70.5 0
      vertex 138.5 70.5 3
    endloop
  endfacet
  facet normal 1 0 0
    outer loop
      vertex 138.5 70.5 0
      vertex 138.5 69.5 3
      vertex 138.5 69.5 0
    endloop
  endfacet
  facet normal -1 0 0
    outer loop
      vertex 153.5 69.5 0
      vertex 153.5 70.5 3
      vertex 153.5 70.5 0
    endloop
  endfacet
  facet normal -1 -0 0
    outer loop
      vertex 153.5 70.5 3
      vertex 153.5 69.5 0
      vertex 153.5 69.5 3
    endloop
  endfacet
  facet normal 0 -1 0
    outer loop
      vertex 140 72 0
      vertex 152 72 3
      vertex 140 72 3
    endloop
  endfacet
  facet normal 0 -1 -0
    outer loop
      vertex 152 72 3
      vertex 140 72 0
      vertex 152 72 0
    endloop
  endfacet
  facet normal 0.707107 0.707107 0
    outer loop
      vertex 140 68 3
      vertex 138.5 69.5 0
      vertex 138.5 69.5 3
    endloop
  endfacet
  facet normal 0.707107 0.707107 0
    outer loop
      vertex 138.5 69.5 0
      vertex 140 68 3
      vertex 140 68 0
    endloop
  endfacet
  facet normal -0.707107 0.707107 0
    outer loop
      vertex 152 68 0
      vertex 153.5 69.5 3
      vertex 153.5 69.5 0
    endloop
  endfacet
  facet normal -0.707107 0.707107 0
    outer loop
      vertex 153.5 69.5 3
      vertex 152 68 0
      vertex 152 68 3
    endloop
  endfacet
  facet normal 0.707107 -0.707107 0
    outer loop
      vertex 138.5 70.5 3
      vertex 140 72 0
      vertex 140 72 3
    endloop
  endfacet
  facet normal 0.707107 -0.707107 0
    outer loop
      vertex 140 72 0
      vertex 138.5 70.5 3
      vertex 138.5 70.5 0
    endloop
  endfacet
  facet normal 0 1 -0
    outer loop
      vertex 152 68 0
      vertex 140 68 3
      vertex 152 68 3
    endloop
  endfacet
  facet normal 0 1 0
    outer loop
      vertex 140 68 3
      vertex 152 68 0
      vertex 140 68 0
    endloop
  endfacet
  facet normal -0.707107 0.707107 0
    outer loop
      vertex 152 79 0
      vertex 153.5 80.5 3
      vertex 153.5 80.5 0
    endloop
  endfacet
  facet normal -0.707107 0.707107 0
    outer loop
      vertex 153.5 80.5 3
      vertex 152 79 0
      vertex 152 79 3
    endloop
  endfacet
  facet normal -0.707107 -0.707107 0
    outer loop
      vertex 153.5 81.5 0
      vertex 152 83 3
      vertex 152 83 0
    endloop
  endfacet
  facet normal -0.707107 -0.707107 0
    outer loop
      vertex 152 83 3
      vertex 153.5 81.5 0
      vertex 153.5 81.5 3
    endloop
  endfacet
  facet normal 1 -0 0
    outer loop
      vertex 138.5 80.5 3
      vertex 138.5 81.5 0
      vertex 138.5 81.5 3
    endloop
  endfacet
  facet normal 1 0 0
    outer loop
      vertex 138.5 81.5 0
      vertex 138.5 80.5 3
      vertex 138.5 80.5 0
    endloop
  endfacet
  facet normal -1 0 0
    outer loop
      vertex 153.5 80.5 0
      vertex 153.5 81.5 3
      vertex 153.5 81.5 0
    endloop
  endfacet
  facet normal -1 -0 0
    outer loop
      vertex 153.5 81.5 3
      vertex 153.5 80.5 0
      vertex 153.5 80.5 3
    endloop
  endfacet
  facet normal 0 -1 0
    outer loop
      vertex 140 83 0
      vertex 152 83 3
      vertex 140 83 3
    endloop
  endfacet
  facet normal 0 -1 -0
    outer loop
      vertex 152 83 3
      vertex 140 83 0
      vertex 152 83 0
    endloop
  endfacet
  facet normal 0.707107 0.707107 0
    outer loop
      vertex 140 79 3
      vertex 138.5 80.5 0
      vertex 138.5 80.5 3
    endloop
  endfacet
  facet normal 0.707107 0.707107 0
    outer loop
      vertex 138.5 80.5 0
      vertex 140 79 3
      vertex 140 79 0
    endloop
  endfacet
  facet normal 0.707107 -0.707107 0
    outer loop
      vertex 138.5 81.5 3
      vertex 140 83 0
      vertex 140 83 3
    endloop
  endfacet
  facet normal 0.707107 -0.707107 0
    outer loop
      vertex 140 83 0
      vertex 138.5 81.5 3
      vertex 138.5 81.5 0
    endloop
  endfacet
  facet normal 0 1 -0
    outer loop
      vertex 152 79 0
      vertex 140 79 3
      vertex 152 79 3
    endloop
  endfacet
  facet normal 0 1 0
    outer loop
      vertex 140 79 3
      vertex 152 79 0
      vertex 140 79 0
    endloop
  endfacet
  facet normal -0.707107 -0.707107 0
    outer loop
      vertex 153.5 92.5 0
      vertex 152 94 3
      vertex 152 94 0
    endloop
  endfacet
  facet normal -0.707107 -0.707107 0
    outer loop
      vertex 152 94 3
      vertex 153.5 92.5 0
      vertex 153.5 92.5 3
    endloop
  endfacet
  facet normal 1 -0 0
    outer loop
      vertex 138.5 91.5 3
      vertex 138.5 92.5 0
      vertex 138.5 92.5 3
    endloop
  endfacet
  facet normal 1 0 0
    outer loop
      vertex 138.5 92.5 0
      vertex 138.5 91.5 3
      vertex 138.5 91.5 0
    endloop
  endfacet
  facet normal -1 0 0
    outer loop
      vertex 153.5 91.5 0
      vertex 153.5 92.5 3
      vertex 153.5 92.5 0
    endloop
  endfacet
  facet normal -1 -0 0
    outer loop
      vertex 153.5 92.5 3
      vertex 153.5 91.5 0
      vertex 153.5 91.5 3
    endloop
  endfacet
  facet normal 0 -1 0
    outer loop
      vertex 140 94 0
      vertex 152 94 3
      vertex 140 94 3
    endloop
  endfacet
  facet normal 0 -1 -0
    outer loop
      vertex 152 94 3
      vertex 140 94 0
      vertex 152 94 0
    endloop
  endfacet
  facet normal 0.707107 0.707107 0
    outer loop
      vertex 140 90 3
      vertex 138.5 91.5 0
      vertex 138.5 91.5 3
    endloop
  endfacet
  facet normal 0.707107 0.707107 0
    outer loop
      vertex 138.5 91.5 0
      vertex 140 90 3
      vertex 140 90 0
    endloop
  endfacet
  facet normal -0.707107 0.707107 0
    outer loop
      vertex 152 90 0
      vertex 153.5 91.5 3
      vertex 153.5 91.5 0
    endloop
  endfacet
  facet normal -0.707107 0.707107 0
    outer loop
      vertex 153.5 91.5 3
      vertex 152 90 0
      vertex 152 90 3
    endloop
  endfacet
  facet normal 0.707107 -0.707107 0
    outer loop
      vertex 138.5 92.5 3
      vertex 140 94 0
      vertex 140 94 3
    endloop
  endfacet
  facet normal 0.707107 -0.707107 0
    outer loop
      vertex 140 94 0
      vertex 138.5 92.5 3
      vertex 138.5 92.5 0
    endloop
  endfacet
  facet normal 0 1 -0
    outer loop
      vertex 152 90 0
      vertex 140 90 3
      vertex 152 90 3
    endloop
  endfacet
  facet normal 0 1 0
    outer loop
      vertex 140 90 3
      vertex 152 90 0
      vertex 140 90 0
    endloop
  endfacet
  facet normal -0.707107 -0.707107 0
    outer loop
      vertex 153.5 103.5 0
      vertex 152 105 3
      vertex 152 105 0
    endloop
  endfacet
  facet normal -0.707107 -0.707107 0
    outer loop
      vertex 152 105 3
      vertex 153.5 103.5 0
      vertex 153.5 103.5 3
    endloop
  endfacet
  facet normal 1 -0 0
    outer loop
      vertex 138.5 102.5 3
      vertex 138.5 103.5 0
      vertex 138.5 103.5 3
    endloop
  endfacet
  facet normal 1 0 0
    outer loop
      vertex 138.5 103.5 0
      vertex 138.5 102.5 3
      vertex 138.5 102.5 0
    endloop
  endfacet
  facet normal -1 0 0
    outer loop
      vertex 153.5 102.5 0
      vertex 153.5 103.5 3
      vertex 153.5 103.5 0
    endloop
  endfacet
  facet normal -1 -0 0
    outer loop
      vertex 153.5 103.5 3
      vertex 153.5 102.5 0
      vertex 153.5 102.5 3
    endloop
  endfacet
  facet normal 0 -1 0
    outer loop
      vertex 140 105 0
      vertex 152 105 3
      vertex 140 105 3
    endloop
  endfacet
  facet normal 0 -1 -0
    outer loop
      vertex 152 105 3
      vertex 140 105 0
      vertex 152 105 0
    endloop
  endfacet
  facet normal 0.707107 0.707107 0
    outer loop
      vertex 140 101 3
      vertex 138.5 102.5 0
      vertex 138.5 102.5 3
    endloop
  endfacet
  facet normal 0.707107 0.707107 0
    outer loop
      vertex 138.5 102.5 0
      vertex 140 101 3
      vertex 140 101 0
    endloop
  endfacet
  facet normal -0.707107 0.707107 0
    outer loop
      vertex 152 101 0
      vertex 153.5 102.5 3
      vertex 153.5 102.5 0
    endloop
  endfacet
  facet normal -0.707107 0.707107 0
    outer loop
      vertex 153.5 102.5 3
      vertex 152 101 0
      vertex 152 101 3
    endloop
  endfacet
  facet normal 0.707107 -0.707107 0
    outer loop
      vertex 138.5 103.5 3
      vertex 140 105 0
      vertex 140 105 3
    endloop
  endfacet
  facet normal 0.707107 -0.707107 0
    outer loop
      vertex 140 105 0
      vertex 138.5 103.5 3
      vertex 138.5 103.5 0
    endloop
  endfacet
  facet normal 0 1 -0
    outer loop
      vertex 152 101 0
      vertex 140 101 3
      vertex 152 101 3
    endloop
  endfacet
  facet normal 0 1 0
    outer loop
      vertex 140 101 3
      vertex 152 101 0
      vertex 140 101 0
    endloop
  endfacet
  facet normal -0.707107 -0.707107 0
    outer loop
      vertex 153.5 114.5 0
      vertex 152 116 3
      vertex 152 116 0
    endloop
  endfacet
  facet normal -0.707107 -0.707107 0
    outer loop
      vertex 152 116 3
      vertex 153.5 114.5 0
      vertex 153.5 114.5 3
    endloop
  endfacet
  facet normal 1 -0 0
    outer loop
      vertex 138.5 113.5 3
      vertex 138.5 114.5 0
      vertex 138.5 114.5 3
    endloop
  endfacet
  facet normal 1 0 0
    outer loop
      vertex 138.5 114.5 0
      vertex 138.5 113.5 3
      vertex 138.5 113.5 0
    endloop
  endfacet
  facet normal -1 0 0
    outer loop
      vertex 153.5 113.5 0
      vertex 153.5 114.5 3
      vertex 153.5 114.5 0
    endloop
  endfacet
  facet normal -1 -0 0
    outer loop
      vertex 153.5 114.5 3
      vertex 153.5 113.5 0
      vertex 153.5 113.5 3
    endloop
  endfacet
  facet normal 0 -1 0
    outer loop
      vertex 140 116 0
      vertex 152 116 3
      vertex 140 116 3
    endloop
  endfacet
  facet normal 0 -1 -0
    outer loop
      vertex 152 116 3
      vertex 140 116 0
      vertex 152 116 0
    endloop
  endfacet
  facet normal 0.707107 0.707107 0
    outer loop
      vertex 140 112 3
      vertex 138.5 113.5 0
      vertex 138.5 113.5 3
    endloop
  endfacet
  facet normal 0.707107 0.707107 0
    outer loop
      vertex 138.5 113.5 0
      vertex 140 112 3
      vertex 140 112 0
    endloop
  endfacet
  facet normal -0.707107 0.707107 0
    outer loop
      vertex 152 112 0
      vertex 153.5 113.5 3
      vertex 153.5 113.5 0
    endloop
  endfacet
  facet normal -0.707107 0.707107 0
    outer loop
      vertex 153.5 113.5 3
      vertex 152 112 0
      vertex 152 112 3
    endloop
  endfacet
  facet normal 0.707107 -0.707107 0
    outer loop
      vertex 138.5 114.5 3
      vertex 140 116 0
      vertex 140 116 3
    endloop
  endfacet
  facet normal 0.707107 -0.707107 0
    outer loop
      vertex 140 116 0
      vertex 138.5 114.5 3
      vertex 138.5 114.5 0
    endloop
  endfacet
  facet normal 0 1 -0
    outer loop
      vertex 152 112 0
      vertex 140 112 3
      vertex 152 112 3
    endloop
  endfacet
  facet normal 0 1 0
    outer loop
      vertex 140 112 3
      vertex 152 112 0
      vertex 140 112 0
    endloop
  endfacet
  facet normal -0.707107 -0.707107 0
    outer loop
      vertex 153.5 125.5 0
      vertex 152 127 3
      vertex 152 127 0
    endloop
  endfacet
  facet normal -0.707107 -0.707107 0
    outer loop
      vertex 152 127 3
      vertex 153.5 125.5 0
      vertex 153.5 125.5 3
    endloop
  endfacet
  facet normal 1 -0 0
    outer loop
      vertex 138.5 124.5 3
      vertex 138.5 125.5 0
      vertex 138.5 125.5 3
    endloop
  endfacet
  facet normal 1 0 0
    outer loop
      vertex 138.5 125.5 0
      vertex 138.5 124.5 3
      vertex 138.5 124.5 0
    endloop
  endfacet
  facet normal -1 0 0
    outer loop
      vertex 153.5 124.5 0
      vertex 153.5 125.5 3
      vertex 153.5 125.5 0
    endloop
  endfacet
  facet normal -1 -0 0
    outer loop
      vertex 153.5 125.5 3
      vertex 153.5 124.5 0
      vertex 153.5 124.5 3
    endloop
  endfacet
  facet normal 0 -1 0
    outer loop
      vertex 140 127 0
      vertex 152 127 3
      vertex 140 127 3
    endloop
  endfacet
  facet normal 0 -1 -0
    outer loop
      vertex 152 127 3
      vertex 140 127 0
      vertex 152 127 0
    endloop
  endfacet
  facet normal 0.707107 0.707107 0
    outer loop
      vertex 140 123 3
      vertex 138.5 124.5 0
      vertex 138.5 124.5 3
    endloop
  endfacet
  facet normal 0.707107 0.707107 0
    outer loop
      vertex 138.5 124.5 0
      vertex 140 123 3
      vertex 140 123 0
    endloop
  endfacet
  facet normal -0.707107 0.707107 0
    outer loop
      vertex 152 123 0
      vertex 153.5 124.5 3
      vertex 153.5 124.5 0
    endloop
  endfacet
  facet normal -0.707107 0.707107 0
    outer loop
      vertex 153.5 124.5 3
      vertex 152 123 0
      vertex 152 123 3
    endloop
  endfacet
  facet normal 0.707107 -0.707107 0
    outer loop
      vertex 138.5 125.5 3
      vertex 140 127 0
      vertex 140 127 3
    endloop
  endfacet
  facet normal 0.707107 -0.707107 0
    outer loop
      vertex 140 127 0
      vertex 138.5 125.5 3
      vertex 138.5 125.5 0
    endloop
  endfacet
  facet normal 0 1 -0
    outer loop
      vertex 152 123 0
      vertex 140 123 3
      vertex 152 123 3
    endloop
  endfacet
  facet normal 0 1 0
    outer loop
      vertex 140 123 3
      vertex 152 123 0
      vertex 140 123 0
    endloop
  endfacet
  facet normal -0.707107 -0.707107 0
    outer loop
      vertex 177.5 26.5 0
      vertex 176 28 3
      vertex 176 28 0
    endloop
  endfacet
  facet normal -0.707107 -0.707107 0
    outer loop
      vertex 176 28 3
      vertex 177.5 26.5 0
      vertex 177.5 26.5 3
    endloop
  endfacet
  facet normal 1 -0 0
    outer loop
      vertex 162.5 25.5 3
      vertex 162.5 26.5 0
      vertex 162.5 26.5 3
    endloop
  endfacet
  facet normal 1 0 0
    outer loop
      vertex 162.5 26.5 0
      vertex 162.5 25.5 3
      vertex 162.5 25.5 0
    endloop
  endfacet
  facet normal -1 0 0
    outer loop
      vertex 177.5 25.5 0
      vertex 177.5 26.5 3
      vertex 177.5 26.5 0
    endloop
  endfacet
  facet normal -1 -0 0
    outer loop
      vertex 177.5 26.5 3
      vertex 177.5 25.5 0
      vertex 177.5 25.5 3
    endloop
  endfacet
  facet normal 0 -1 0
    outer loop
      vertex 164 28 0
      vertex 176 28 3
      vertex 164 28 3
    endloop
  endfacet
  facet normal 0 -1 -0
    outer loop
      vertex 176 28 3
      vertex 164 28 0
      vertex 176 28 0
    endloop
  endfacet
  facet normal 0.707107 0.707107 0
    outer loop
      vertex 164 24 3
      vertex 162.5 25.5 0
      vertex 162.5 25.5 3
    endloop
  endfacet
  facet normal 0.707107 0.707107 0
    outer loop
      vertex 162.5 25.5 0
      vertex 164 24 3
      vertex 164 24 0
    endloop
  endfacet
  facet normal -0.707107 0.707107 0
    outer loop
      vertex 176 24 0
      vertex 177.5 25.5 3
      vertex 177.5 25.5 0
    endloop
  endfacet
  facet normal -0.707107 0.707107 0
    outer loop
      vertex 177.5 25.5 3
      vertex 176 24 0
      vertex 176 24 3
    endloop
  endfacet
  facet normal 0.707107 -0.707107 0
    outer loop
      vertex 162.5 26.5 3
      vertex 164 28 0
      vertex 164 28 3
    endloop
  endfacet
  facet normal 0.707107 -0.707107 0
    outer loop
      vertex 164 28 0
      vertex 162.5 26.5 3
      vertex 162.5 26.5 0
    endloop
  endfacet
  facet normal 0 1 -0
    outer loop
      vertex 176 24 0
      vertex 164 24 3
      vertex 176 24 3
    endloop
  endfacet
  facet normal 0 1 0
    outer loop
      vertex 164 24 3
      vertex 176 24 0
      vertex 164 24 0
    endloop
  endfacet
  facet normal -0.707107 0.707107 0
    outer loop
      vertex 176 35 0
      vertex 177.5 36.5 3
      vertex 177.5 36.5 0
    endloop
  endfacet
  facet normal -0.707107 0.707107 0
    outer loop
      vertex 177.5 36.5 3
      vertex 176 35 0
      vertex 176 35 3
    endloop
  endfacet
  facet normal -0.707107 -0.707107 0
    outer loop
      vertex 177.5 37.5 0
      vertex 176 39 3
      vertex 176 39 0
    endloop
  endfacet
  facet normal -0.707107 -0.707107 0
    outer loop
      vertex 176 39 3
      vertex 177.5 37.5 0
      vertex 177.5 37.5 3
    endloop
  endfacet
  facet normal 1 -0 0
    outer loop
      vertex 162.5 36.5 3
      vertex 162.5 37.5 0
      vertex 162.5 37.5 3
    endloop
  endfacet
  facet normal 1 0 0
    outer loop
      vertex 162.5 37.5 0
      vertex 162.5 36.5 3
      vertex 162.5 36.5 0
    endloop
  endfacet
  facet normal -1 0 0
    outer loop
      vertex 177.5 36.5 0
      vertex 177.5 37.5 3
      vertex 177.5 37.5 0
    endloop
  endfacet
  facet normal -1 -0 0
    outer loop
      vertex 177.5 37.5 3
      vertex 177.5 36.5 0
      vertex 177.5 36.5 3
    endloop
  endfacet
  facet normal 0 -1 0
    outer loop
      vertex 164 39 0
      vertex 176 39 3
      vertex 164 39 3
    endloop
  endfacet
  facet normal 0 -1 -0
    outer loop
      vertex 176 39 3
      vertex 164 39 0
      vertex 176 39 0
    endloop
  endfacet
  facet normal 0.707107 0.707107 0
    outer loop
      vertex 164 35 3
      vertex 162.5 36.5 0
      vertex 162.5 36.5 3
    endloop
  endfacet
  facet normal 0.707107 0.707107 0
    outer loop
      vertex 162.5 36.5 0
      vertex 164 35 3
      vertex 164 35 0
    endloop
  endfacet
  facet normal 0.707107 -0.707107 0
    outer loop
      vertex 162.5 37.5 3
      vertex 164 39 0
      vertex 164 39 3
    endloop
  endfacet
  facet normal 0.707107 -0.707107 0
    outer loop
      vertex 164 39 0
      vertex 162.5 37.5 3
      vertex 162.5 37.5 0
    endloop
  endfacet
  facet normal 0 1 -0
    outer loop
      vertex 176 35 0
      vertex 164 35 3
      vertex 176 35 3
    endloop
  endfacet
  facet normal 0 1 0
    outer loop
      vertex 164 35 3
      vertex 176 35 0
      vertex 164 35 0
    endloop
  endfacet
  facet normal -0.707107 -0.707107 0
    outer loop
      vertex 177.5 48.5 0
      vertex 176 50 3
      vertex 176 50 0
    endloop
  endfacet
  facet normal -0.707107 -0.707107 0
    outer loop
      vertex 176 50 3
      vertex 177.5 48.5 0
      vertex 177.5 48.5 3
    endloop
  endfacet
  facet normal 1 -0 0
    outer loop
      vertex 162.5 47.5 3
      vertex 162.5 48.5 0
      vertex 162.5 48.5 3
    endloop
  endfacet
  facet normal 1 0 0
    outer loop
      vertex 162.5 48.5 0
      vertex 162.5 47.5 3
      vertex 162.5 47.5 0
    endloop
  endfacet
  facet normal -1 0 0
    outer loop
      vertex 177.5 47.5 0
      vertex 177.5 48.5 3
      vertex 177.5 48.5 0
    endloop
  endfacet
  facet normal -1 -0 0
    outer loop
      vertex 177.5 48.5 3
      vertex 177.5 47.5 0
      vertex 177.5 47.5 3
    endloop
  endfacet
  facet normal 0 -1 0
    outer loop
      vertex 164 50 0
      vertex 176 50 3
      vertex 164 50 3
    endloop
  endfacet
  facet normal 0 -1 -0
    outer loop
      vertex 176 50 3
      vertex 164 50 0
      vertex 176 50 0
    endloop
  endfacet
  facet normal 0.707107 0.707107 0
    outer loop
      vertex 164 46 3
      vertex 162.5 47.5 0
      vertex 162.5 47.5 3
    endloop
  endfacet
  facet normal 0.707107 0.707107 0
    outer loop
      vertex 162.5 47.5 0
      vertex 164 46 3
      vertex 164 46 0
    endloop
  endfacet
  facet normal -0.707107 0.707107 0
    outer loop
      vertex 176 46 0
      vertex 177.5 47.5 3
      vertex 177.5 47.5 0
    endloop
  endfacet
  facet normal -0.707107 0.707107 0
    outer loop
      vertex 177.5 47.5 3
      vertex 176 46 0
      vertex 176 46 3
    endloop
  endfacet
  facet normal 0.707107 -0.707107 0
    outer loop
      vertex 162.5 48.5 3
      vertex 164 50 0
      vertex 164 50 3
    endloop
  endfacet
  facet normal 0.707107 -0.707107 0
    outer loop
      vertex 164 50 0
      vertex 162.5 48.5 3
      vertex 162.5 48.5 0
    endloop
  endfacet
  facet normal 0 1 -0
    outer loop
      vertex 176 46 0
      vertex 164 46 3
      vertex 176 46 3
    endloop
  endfacet
  facet normal 0 1 0
    outer loop
      vertex 164 46 3
      vertex 176 46 0
      vertex 164 46 0
    endloop
  endfacet
  facet normal -0.707107 -0.707107 0
    outer loop
      vertex 177.5 59.5 0
      vertex 176 61 3
      vertex 176 61 0
    endloop
  endfacet
  facet normal -0.707107 -0.707107 0
    outer loop
      vertex 176 61 3
      vertex 177.5 59.5 0
      vertex 177.5 59.5 3
    endloop
  endfacet
  facet normal 1 -0 0
    outer loop
      vertex 162.5 58.5 3
      vertex 162.5 59.5 0
      vertex 162.5 59.5 3
    endloop
  endfacet
  facet normal 1 0 0
    outer loop
      vertex 162.5 59.5 0
      vertex 162.5 58.5 3
      vertex 162.5 58.5 0
    endloop
  endfacet
  facet normal -1 0 0
    outer loop
      vertex 177.5 58.5 0
      vertex 177.5 59.5 3
      vertex 177.5 59.5 0
    endloop
  endfacet
  facet normal -1 -0 0
    outer loop
      vertex 177.5 59.5 3
      vertex 177.5 58.5 0
      vertex 177.5 58.5 3
    endloop
  endfacet
  facet normal 0 -1 0
    outer loop
      vertex 164 61 0
      vertex 176 61 3
      vertex 164 61 3
    endloop
  endfacet
  facet normal 0 -1 -0
    outer loop
      vertex 176 61 3
      vertex 164 61 0
      vertex 176 61 0
    endloop
  endfacet
  facet normal 0.707107 0.707107 0
    outer loop
      vertex 164 57 3
      vertex 162.5 58.5 0
      vertex 162.5 58.5 3
    endloop
  endfacet
  facet normal 0.707107 0.707107 0
    outer loop
      vertex 162.5 58.5 0
      vertex 164 57 3
      vertex 164 57 0
    endloop
  endfacet
  facet normal -0.707107 0.707107 0
    outer loop
      vertex 176 57 0
      vertex 177.5 58.5 3
      vertex 177.5 58.5 0
    endloop
  endfacet
  facet normal -0.707107 0.707107 0
    outer loop
      vertex 177.5 58.5 3
      vertex 176 57 0
      vertex 176 57 3
    endloop
  endfacet
  facet normal 0.707107 -0.707107 0
    outer loop
      vertex 162.5 59.5 3
      vertex 164 61 0
      vertex 164 61 3
    endloop
  endfacet
  facet normal 0.707107 -0.707107 0
    outer loop
      vertex 164 61 0
      vertex 162.5 59.5 3
      vertex 162.5 59.5 0
    endloop
  endfacet
  facet normal 0 1 -0
    outer loop
      vertex 176 57 0
      vertex 164 57 3
      vertex 176 57 3
    endloop
  endfacet
  facet normal 0 1 0
    outer loop
      vertex 164 57 3
      vertex 176 57 0
      vertex 164 57 0
    endloop
  endfacet
  facet normal -0.707107 -0.707107 0
    outer loop
      vertex 177.5 70.5 0
      vertex 176 72 3
      vertex 176 72 0
    endloop
  endfacet
  facet normal -0.707107 -0.707107 0
    outer loop
      vertex 176 72 3
      vertex 177.5 70.5 0
      vertex 177.5 70.5 3
    endloop
  endfacet
  facet normal 1 -0 0
    outer loop
      vertex 162.5 69.5 3
      vertex 162.5 70.5 0
      vertex 162.5 70.5 3
    endloop
  endfacet
  facet normal 1 0 0
    outer loop
      vertex 162.5 70.5 0
      vertex 162.5 69.5 3
      vertex 162.5 69.5 0
    endloop
  endfacet
  facet normal -1 0 0
    outer loop
      vertex 177.5 69.5 0
      vertex 177.5 70.5 3
      vertex 177.5 70.5 0
    endloop
  endfacet
  facet normal -1 -0 0
    outer loop
      vertex 177.5 70.5 3
      vertex 177.5 69.5 0
      vertex 177.5 69.5 3
    endloop
  endfacet
  facet normal 0 -1 0
    outer loop
      vertex 164 72 0
      vertex 176 72 3
      vertex 164 72 3
    endloop
  endfacet
  facet normal 0 -1 -0
    outer loop
      vertex 176 72 3
      vertex 164 72 0
      vertex 176 72 0
    endloop
  endfacet
  facet normal 0.707107 0.707107 0
    outer loop
      vertex 164 68 3
      vertex 162.5 69.5 0
      vertex 162.5 69.5 3
    endloop
  endfacet
  facet normal 0.707107 0.707107 0
    outer loop
      vertex 162.5 69.5 0
      vertex 164 68 3
      vertex 164 68 0
    endloop
  endfacet
  facet normal -0.707107 0.707107 0
    outer loop
      vertex 176 68 0
      vertex 177.5 69.5 3
      vertex 177.5 69.5 0
    endloop
  endfacet
  facet normal -0.707107 0.707107 0
    outer loop
      vertex 177.5 69.5 3
      vertex 176 68 0
      vertex 176 68 3
    endloop
  endfacet
  facet normal 0.707107 -0.707107 0
    outer loop
      vertex 162.5 70.5 3
      vertex 164 72 0
      vertex 164 72 3
    endloop
  endfacet
  facet normal 0.707107 -0.707107 0
    outer loop
      vertex 164 72 0
      vertex 162.5 70.5 3
      vertex 162.5 70.5 0
    endloop
  endfacet
  facet normal 0 1 -0
    outer loop
      vertex 176 68 0
      vertex 164 68 3
      vertex 176 68 3
    endloop
  endfacet
  facet normal 0 1 0
    outer loop
      vertex 164 68 3
      vertex 176 68 0
      vertex 164 68 0
    endloop
  endfacet
  facet normal -0.707107 -0.707107 0
    outer loop
      vertex 177.5 81.5 0
      vertex 176 83 3
      vertex 176 83 0
    endloop
  endfacet
  facet normal -0.707107 -0.707107 0
    outer loop
      vertex 176 83 3
      vertex 177.5 81.5 0
      vertex 177.5 81.5 3
    endloop
  endfacet
  facet normal 1 -0 0
    outer loop
      vertex 162.5 80.5 3
      vertex 162.5 81.5 0
      vertex 162.5 81.5 3
    endloop
  endfacet
  facet normal 1 0 0
    outer loop
      vertex 162.5 81.5 0
      vertex 162.5 80.5 3
      vertex 162.5 80.5 0
    endloop
  endfacet
  facet normal -1 0 0
    outer loop
      vertex 177.5 80.5 0
      vertex 177.5 81.5 3
      vertex 177.5 81.5 0
    endloop
  endfacet
  facet normal -1 -0 0
    outer loop
      vertex 177.5 81.5 3
      vertex 177.5 80.5 0
      vertex 177.5 80.5 3
    endloop
  endfacet
  facet normal 0 -1 0
    outer loop
      vertex 164 83 0
      vertex 176 83 3
      vertex 164 83 3
    endloop
  endfacet
  facet normal 0 -1 -0
    outer loop
      vertex 176 83 3
      vertex 164 83 0
      vertex 176 83 0
    endloop
  endfacet
  facet normal 0.707107 0.707107 0
    outer loop
      vertex 164 79 3
      vertex 162.5 80.5 0
      vertex 162.5 80.5 3
    endloop
  endfacet
  facet normal 0.707107 0.707107 0
    outer loop
      vertex 162.5 80.5 0
      vertex 164 79 3
      vertex 164 79 0
    endloop
  endfacet
  facet normal -0.707107 0.707107 0
    outer loop
      vertex 176 79 0
      vertex 177.5 80.5 3
      vertex 177.5 80.5 0
    endloop
  endfacet
  facet normal -0.707107 0.707107 0
    outer loop
      vertex 177.5 80.5 3
      vertex 176 79 0
      vertex 176 79 3
    endloop
  endfacet
  facet normal 0.707107 -0.707107 0
    outer loop
      vertex 162.5 81.5 3
      vertex 164 83 0
      vertex 164 83 3
    endloop
  endfacet
  facet normal 0.707107 -0.707107 0
    outer loop
      vertex 164 83 0
      vertex 162.5 81.5 3
      vertex 162.5 81.5 0
    endloop
  endfacet
  facet normal 0 1 -0
    outer loop
      vertex 176 79 0
      vertex 164 79 3
      vertex 176 79 3
    endloop
  endfacet
  facet normal 0 1 0
    outer loop
      vertex 164 79 3
      vertex 176 79 0
      vertex 164 79 0
    endloop
  endfacet
  facet normal -0.707107 -0.707107 0
    outer loop
      vertex 177.5 92.5 0
      vertex 176 94 3
      vertex 176 94 0
    endloop
  endfacet
  facet normal -0.707107 -0.707107 0
    outer loop
      vertex 176 94 3
      vertex 177.5 92.5 0
      vertex 177.5 92.5 3
    endloop
  endfacet
  facet normal 1 -0 0
    outer loop
      vertex 162.5 91.5 3
      vertex 162.5 92.5 0
      vertex 162.5 92.5 3
    endloop
  endfacet
  facet normal 1 0 0
    outer loop
      vertex 162.5 92.5 0
      vertex 162.5 91.5 3
      vertex 162.5 91.5 0
    endloop
  endfacet
  facet normal -1 0 0
    outer loop
      vertex 177.5 91.5 0
      vertex 177.5 92.5 3
      vertex 177.5 92.5 0
    endloop
  endfacet
  facet normal -1 -0 0
    outer loop
      vertex 177.5 92.5 3
      vertex 177.5 91.5 0
      vertex 177.5 91.5 3
    endloop
  endfacet
  facet normal 0 -1 0
    outer loop
      vertex 164 94 0
      vertex 176 94 3
      vertex 164 94 3
    endloop
  endfacet
  facet normal 0 -1 -0
    outer loop
      vertex 176 94 3
      vertex 164 94 0
      vertex 176 94 0
    endloop
  endfacet
  facet normal 0.707107 0.707107 0
    outer loop
      vertex 164 90 3
      vertex 162.5 91.5 0
      vertex 162.5 91.5 3
    endloop
  endfacet
  facet normal 0.707107 0.707107 0
    outer loop
      vertex 162.5 91.5 0
      vertex 164 90 3
      vertex 164 90 0
    endloop
  endfacet
  facet normal -0.707107 0.707107 0
    outer loop
      vertex 176 90 0
      vertex 177.5 91.5 3
      vertex 177.5 91.5 0
    endloop
  endfacet
  facet normal -0.707107 0.707107 0
    outer loop
      vertex 177.5 91.5 3
      vertex 176 90 0
      vertex 176 90 3
    endloop
  endfacet
  facet normal 0.707107 -0.707107 0
    outer loop
      vertex 162.5 92.5 3
      vertex 164 94 0
      vertex 164 94 3
    endloop
  endfacet
  facet normal 0.707107 -0.707107 0
    outer loop
      vertex 164 94 0
      vertex 162.5 92.5 3
      vertex 162.5 92.5 0
    endloop
  endfacet
  facet normal 0 1 -0
    outer loop
      vertex 176 90 0
      vertex 164 90 3
      vertex 176 90 3
    endloop
  endfacet
  facet normal 0 1 0
    outer loop
      vertex 164 90 3
      vertex 176 90 0
      vertex 164 90 0
    endloop
  endfacet
  facet normal -0.707107 -0.707107 0
    outer loop
      vertex 177.5 103.5 0
      vertex 176 105 3
      vertex 176 105 0
    endloop
  endfacet
  facet normal -0.707107 -0.707107 0
    outer loop
      vertex 176 105 3
      vertex 177.5 103.5 0
      vertex 177.5 103.5 3
    endloop
  endfacet
  facet normal 1 -0 0
    outer loop
      vertex 162.5 102.5 3
      vertex 162.5 103.5 0
      vertex 162.5 103.5 3
    endloop
  endfacet
  facet normal 1 0 0
    outer loop
      vertex 162.5 103.5 0
      vertex 162.5 102.5 3
      vertex 162.5 102.5 0
    endloop
  endfacet
  facet normal -1 0 0
    outer loop
      vertex 177.5 102.5 0
      vertex 177.5 103.5 3
      vertex 177.5 103.5 0
    endloop
  endfacet
  facet normal -1 -0 0
    outer loop
      vertex 177.5 103.5 3
      vertex 177.5 102.5 0
      vertex 177.5 102.5 3
    endloop
  endfacet
  facet normal 0 -1 0
    outer loop
      vertex 164 105 0
      vertex 176 105 3
      vertex 164 105 3
    endloop
  endfacet
  facet normal 0 -1 -0
    outer loop
      vertex 176 105 3
      vertex 164 105 0
      vertex 176 105 0
    endloop
  endfacet
  facet normal 0.707107 0.707107 0
    outer loop
      vertex 164 101 3
      vertex 162.5 102.5 0
      vertex 162.5 102.5 3
    endloop
  endfacet
  facet normal 0.707107 0.707107 0
    outer loop
      vertex 162.5 102.5 0
      vertex 164 101 3
      vertex 164 101 0
    endloop
  endfacet
  facet normal -0.707107 0.707107 0
    outer loop
      vertex 176 101 0
      vertex 177.5 102.5 3
      vertex 177.5 102.5 0
    endloop
  endfacet
  facet normal -0.707107 0.707107 0
    outer loop
      vertex 177.5 102.5 3
      vertex 176 101 0
      vertex 176 101 3
    endloop
  endfacet
  facet normal 0.707107 -0.707107 0
    outer loop
      vertex 162.5 103.5 3
      vertex 164 105 0
      vertex 164 105 3
    endloop
  endfacet
  facet normal 0.707107 -0.707107 0
    outer loop
      vertex 164 105 0
      vertex 162.5 103.5 3
      vertex 162.5 103.5 0
    endloop
  endfacet
  facet normal 0 1 -0
    outer loop
      vertex 176 101 0
      vertex 164 101 3
      vertex 176 101 3
    endloop
  endfacet
  facet normal 0 1 0
    outer loop
      vertex 164 101 3
      vertex 176 101 0
      vertex 164 101 0
    endloop
  endfacet
  facet normal -0.707107 0.707107 0
    outer loop
      vertex 176 112 0
      vertex 177.5 113.5 3
      vertex 177.5 113.5 0
    endloop
  endfacet
  facet normal -0.707107 0.707107 0
    outer loop
      vertex 177.5 113.5 3
      vertex 176 112 0
      vertex 176 112 3
    endloop
  endfacet
  facet normal -0.707107 -0.707107 0
    outer loop
      vertex 177.5 114.5 0
      vertex 176 116 3
      vertex 176 116 0
    endloop
  endfacet
  facet normal -0.707107 -0.707107 0
    outer loop
      vertex 176 116 3
      vertex 177.5 114.5 0
      vertex 177.5 114.5 3
    endloop
  endfacet
  facet normal 1 -0 0
    outer loop
      vertex 162.5 113.5 3
      vertex 162.5 114.5 0
      vertex 162.5 114.5 3
    endloop
  endfacet
  facet normal 1 0 0
    outer loop
      vertex 162.5 114.5 0
      vertex 162.5 113.5 3
      vertex 162.5 113.5 0
    endloop
  endfacet
  facet normal -1 0 0
    outer loop
      vertex 177.5 113.5 0
      vertex 177.5 114.5 3
      vertex 177.5 114.5 0
    endloop
  endfacet
  facet normal -1 -0 0
    outer loop
      vertex 177.5 114.5 3
      vertex 177.5 113.5 0
      vertex 177.5 113.5 3
    endloop
  endfacet
  facet normal 0 -1 0
    outer loop
      vertex 164 116 0
      vertex 176 116 3
      vertex 164 116 3
    endloop
  endfacet
  facet normal 0 -1 -0
    outer loop
      vertex 176 116 3
      vertex 164 116 0
      vertex 176 116 0
    endloop
  endfacet
  facet normal 0.707107 0.707107 0
    outer loop
      vertex 164 112 3
      vertex 162.5 113.5 0
      vertex 162.5 113.5 3
    endloop
  endfacet
  facet normal 0.707107 0.707107 0
    outer loop
      vertex 162.5 113.5 0
      vertex 164 112 3
      vertex 164 112 0
    endloop
  endfacet
  facet normal 0.707107 -0.707107 0
    outer loop
      vertex 162.5 114.5 3
      vertex 164 116 0
      vertex 164 116 3
    endloop
  endfacet
  facet normal 0.707107 -0.707107 0
    outer loop
      vertex 164 116 0
      vertex 162.5 114.5 3
      vertex 162.5 114.5 0
    endloop
  endfacet
  facet normal 0 1 -0
    outer loop
      vertex 176 112 0
      vertex 164 112 3
      vertex 176 112 3
    endloop
  endfacet
  facet normal 0 1 0
    outer loop
      vertex 164 112 3
      vertex 176 112 0
      vertex 164 112 0
    endloop
  endfacet
  facet normal -0.707107 -0.707107 0
    outer loop
      vertex 177.5 125.5 0
      vertex 176 127 3
      vertex 176 127 0
    endloop
  endfacet
  facet normal -0.707107 -0.707107 0
    outer loop
      vertex 176 127 3
      vertex 177.5 125.5 0
      vertex 177.5 125.5 3
    endloop
  endfacet
  facet normal 1 -0 0
    outer loop
      vertex 162.5 124.5 3
      vertex 162.5 125.5 0
      vertex 162.5 125.5 3
    endloop
  endfacet
  facet normal 1 0 0
    outer loop
      vertex 162.5 125.5 0
      vertex 162.5 124.5 3
      vertex 162.5 124.5 0
    endloop
  endfacet
  facet normal -1 0 0
    outer loop
      vertex 177.5 124.5 0
      vertex 177.5 125.5 3
      vertex 177.5 125.5 0
    endloop
  endfacet
  facet normal -1 -0 0
    outer loop
      vertex 177.5 125.5 3
      vertex 177.5 124.5 0
      vertex 177.5 124.5 3
    endloop
  endfacet
  facet normal 0 -1 0
    outer loop
      vertex 164 127 0
      vertex 176 127 3
      vertex 164 127 3
    endloop
  endfacet
  facet normal 0 -1 -0
    outer loop
      vertex 176 127 3
      vertex 164 127 0
      vertex 176 127 0
    endloop
  endfacet
  facet normal 0.707107 0.707107 0
    outer loop
      vertex 164 123 3
      vertex 162.5 124.5 0
      vertex 162.5 124.5 3
    endloop
  endfacet
  facet normal 0.707107 0.707107 0
    outer loop
      vertex 162.5 124.5 0
      vertex 164 123 3
      vertex 164 123 0
    endloop
  endfacet
  facet normal -0.707107 0.707107 0
    outer loop
      vertex 176 123 0
      vertex 177.5 124.5 3
      vertex 177.5 124.5 0
    endloop
  endfacet
  facet normal -0.707107 0.707107 0
    outer loop
      vertex 177.5 124.5 3
      vertex 176 123 0
      vertex 176 123 3
    endloop
  endfacet
  facet normal 0.707107 -0.707107 0
    outer loop
      vertex 162.5 125.5 3
      vertex 164 127 0
      vertex 164 127 3
    endloop
  endfacet
  facet normal 0.707107 -0.707107 0
    outer loop
      vertex 164 127 0
      vertex 162.5 125.5 3
      vertex 162.5 125.5 0
    endloop
  endfacet
  facet normal 0 1 -0
    outer loop
      vertex 176 123 0
      vertex 164 123 3
      vertex 176 123 3
    endloop
  endfacet
  facet normal 0 1 0
    outer loop
      vertex 164 123 3
      vertex 176 123 0
      vertex 164 123 0
    endloop
  endfacet
  facet normal -0.865957 -0.500119 0
    outer loop
      vertex 10.4617 9.65078 0
      vertex 10.2944 9.94046 3
      vertex 10.2944 9.94046 0
    endloop
  endfacet
  facet normal -0.865957 -0.500119 0
    outer loop
      vertex 10.2944 9.94046 3
      vertex 10.4617 9.65078 0
      vertex 10.4617 9.65078 3
    endloop
  endfacet
  facet normal -0.743125 -0.669153 0
    outer loop
      vertex 10.2944 9.94046 0
      vertex 10.0706 10.189 3
      vertex 10.0706 10.189 0
    endloop
  endfacet
  facet normal -0.743125 -0.669153 0
    outer loop
      vertex 10.0706 10.189 3
      vertex 10.2944 9.94046 0
      vertex 10.2944 9.94046 3
    endloop
  endfacet
  facet normal -0.207779 -0.978176 0
    outer loop
      vertex 9.16724 10.5912 0
      vertex 9.49443 10.5217 3
      vertex 9.16724 10.5912 3
    endloop
  endfacet
  facet normal -0.207779 -0.978176 -0
    outer loop
      vertex 9.49443 10.5217 3
      vertex 9.16724 10.5912 0
      vertex 9.49443 10.5217 0
    endloop
  endfacet
  facet normal 0.587766 -0.809031 0
    outer loop
      vertex 7.92939 10.189 0
      vertex 8.2 10.3856 3
      vertex 7.92939 10.189 3
    endloop
  endfacet
  facet normal 0.587766 -0.809031 0
    outer loop
      vertex 8.2 10.3856 3
      vertex 7.92939 10.189 0
      vertex 8.2 10.3856 0
    endloop
  endfacet
  facet normal 0.951051 -0.309035 0
    outer loop
      vertex 7.43496 9.33266 3
      vertex 7.53833 9.65078 0
      vertex 7.53833 9.65078 3
    endloop
  endfacet
  facet normal 0.951051 -0.309035 0
    outer loop
      vertex 7.53833 9.65078 0
      vertex 7.43496 9.33266 3
      vertex 7.43496 9.33266 0
    endloop
  endfacet
  facet normal 0.743095 -0.669186 0
    outer loop
      vertex 7.70557 9.94046 3
      vertex 7.92939 10.189 0
      vertex 7.92939 10.189 3
    endloop
  endfacet
  facet normal 0.743095 -0.669186 0
    outer loop
      vertex 7.92939 10.189 0
      vertex 7.70557 9.94046 3
      vertex 7.70557 9.94046 0
    endloop
  endfacet
  facet normal -0.994511 0.104635 0
    outer loop
      vertex 10.565 8.66734 0
      vertex 10.6 9 3
      vertex 10.6 9 0
    endloop
  endfacet
  facet normal -0.994511 0.104635 0
    outer loop
      vertex 10.6 9 3
      vertex 10.565 8.66734 0
      vertex 10.565 8.66734 3
    endloop
  endfacet
  facet normal -0.40674 0.913544 0
    outer loop
      vertex 9.8 7.61436 0
      vertex 9.49443 7.47831 3
      vertex 9.8 7.61436 3
    endloop
  endfacet
  facet normal -0.40674 0.913544 0
    outer loop
      vertex 9.49443 7.47831 3
      vertex 9.8 7.61436 0
      vertex 9.49443 7.47831 0
    endloop
  endfacet
  facet normal -0.951112 -0.308845 0
    outer loop
      vertex 10.565 9.33266 0
      vertex 10.4617 9.65078 3
      vertex 10.4617 9.65078 0
    endloop
  endfacet
  facet normal -0.951112 -0.308845 0
    outer loop
      vertex 10.4617 9.65078 3
      vertex 10.565 9.33266 0
      vertex 10.565 9.33266 3
    endloop
  endfacet
  facet normal -0.587781 -0.80902 0
    outer loop
      vertex 9.8 10.3856 0
      vertex 10.0706 10.189 3
      vertex 9.8 10.3856 3
    endloop
  endfacet
  facet normal -0.587781 -0.80902 -0
    outer loop
      vertex 10.0706 10.189 3
      vertex 9.8 10.3856 0
      vertex 10.0706 10.189 0
    endloop
  endfacet
  facet normal 0.207785 -0.978175 0
    outer loop
      vertex 8.50557 10.5217 0
      vertex 8.83275 10.5912 3
      vertex 8.50557 10.5217 3
    endloop
  endfacet
  facet normal 0.207785 -0.978175 0
    outer loop
      vertex 8.83275 10.5912 3
      vertex 8.50557 10.5217 0
      vertex 8.83275 10.5912 0
    endloop
  endfacet
  facet normal -0.406865 -0.913488 0
    outer loop
      vertex 9.49443 10.5217 0
      vertex 9.8 10.3856 3
      vertex 9.49443 10.5217 3
    endloop
  endfacet
  facet normal -0.406865 -0.913488 -0
    outer loop
      vertex 9.8 10.3856 3
      vertex 9.49443 10.5217 0
      vertex 9.8 10.3856 0
    endloop
  endfacet
  facet normal 0.994523 0.104517 0
    outer loop
      vertex 7.43496 8.66734 3
      vertex 7.4 9 0
      vertex 7.4 9 3
    endloop
  endfacet
  facet normal 0.994523 0.104517 0
    outer loop
      vertex 7.4 9 0
      vertex 7.43496 8.66734 3
      vertex 7.43496 8.66734 0
    endloop
  endfacet
  facet normal 0.866034 -0.499985 0
    outer loop
      vertex 7.53833 9.65078 3
      vertex 7.70557 9.94046 0
      vertex 7.70557 9.94046 3
    endloop
  endfacet
  facet normal 0.866034 -0.499985 0
    outer loop
      vertex 7.70557 9.94046 0
      vertex 7.53833 9.65078 3
      vertex 7.53833 9.65078 0
    endloop
  endfacet
  facet normal 0.406865 -0.913488 0
    outer loop
      vertex 8.2 10.3856 0
      vertex 8.50557 10.5217 3
      vertex 8.2 10.3856 3
    endloop
  endfacet
  facet normal 0.406865 -0.913488 0
    outer loop
      vertex 8.50557 10.5217 3
      vertex 8.2 10.3856 0
      vertex 8.50557 10.5217 0
    endloop
  endfacet
  facet normal -0.994511 -0.104635 0
    outer loop
      vertex 10.6 9 0
      vertex 10.565 9.33266 3
      vertex 10.565 9.33266 0
    endloop
  endfacet
  facet normal -0.994511 -0.104635 0
    outer loop
      vertex 10.565 9.33266 3
      vertex 10.6 9 0
      vertex 10.6 9 3
    endloop
  endfacet
  facet normal -0.865957 0.500119 0
    outer loop
      vertex 10.2944 8.05954 0
      vertex 10.4617 8.34922 3
      vertex 10.4617 8.34922 0
    endloop
  endfacet
  facet normal -0.865957 0.500119 0
    outer loop
      vertex 10.4617 8.34922 3
      vertex 10.2944 8.05954 0
      vertex 10.2944 8.05954 3
    endloop
  endfacet
  facet normal 0 1 -0
    outer loop
      vertex 9.16724 7.40876 0
      vertex 8.83275 7.40876 3
      vertex 9.16724 7.40876 3
    endloop
  endfacet
  facet normal 0 1 0
    outer loop
      vertex 8.83275 7.40876 3
      vertex 9.16724 7.40876 0
      vertex 8.83275 7.40876 0
    endloop
  endfacet
  facet normal -0.743165 0.669108 0
    outer loop
      vertex 10.0706 7.81097 0
      vertex 10.2944 8.05954 3
      vertex 10.2944 8.05954 0
    endloop
  endfacet
  facet normal -0.743165 0.669108 0
    outer loop
      vertex 10.2944 8.05954 3
      vertex 10.0706 7.81097 0
      vertex 10.0706 7.81097 3
    endloop
  endfacet
  facet normal 0 -1 0
    outer loop
      vertex 8.83275 10.5912 0
      vertex 9.16724 10.5912 3
      vertex 8.83275 10.5912 3
    endloop
  endfacet
  facet normal 0 -1 -0
    outer loop
      vertex 9.16724 10.5912 3
      vertex 8.83275 10.5912 0
      vertex 9.16724 10.5912 0
    endloop
  endfacet
  facet normal 0.994523 -0.104517 0
    outer loop
      vertex 7.4 9 3
      vertex 7.43496 9.33266 0
      vertex 7.43496 9.33266 3
    endloop
  endfacet
  facet normal 0.994523 -0.104517 0
    outer loop
      vertex 7.43496 9.33266 0
      vertex 7.4 9 3
      vertex 7.4 9 0
    endloop
  endfacet
  facet normal 0.951051 0.309035 0
    outer loop
      vertex 7.53833 8.34922 3
      vertex 7.43496 8.66734 0
      vertex 7.43496 8.66734 3
    endloop
  endfacet
  facet normal 0.951051 0.309035 0
    outer loop
      vertex 7.43496 8.66734 0
      vertex 7.53833 8.34922 3
      vertex 7.53833 8.34922 0
    endloop
  endfacet
  facet normal 0.743135 0.669141 0
    outer loop
      vertex 7.92939 7.81097 3
      vertex 7.70557 8.05954 0
      vertex 7.70557 8.05954 3
    endloop
  endfacet
  facet normal 0.743135 0.669141 0
    outer loop
      vertex 7.70557 8.05954 0
      vertex 7.92939 7.81097 3
      vertex 7.92939 7.81097 0
    endloop
  endfacet
  facet normal -0.951112 0.308845 0
    outer loop
      vertex 10.4617 8.34922 0
      vertex 10.565 8.66734 3
      vertex 10.565 8.66734 0
    endloop
  endfacet
  facet normal -0.951112 0.308845 0
    outer loop
      vertex 10.565 8.66734 3
      vertex 10.4617 8.34922 0
      vertex 10.4617 8.34922 3
    endloop
  endfacet
  facet normal -0.207922 0.978145 0
    outer loop
      vertex 9.49443 7.47831 0
      vertex 9.16724 7.40876 3
      vertex 9.49443 7.47831 3
    endloop
  endfacet
  facet normal -0.207922 0.978145 0
    outer loop
      vertex 9.16724 7.40876 3
      vertex 9.49443 7.47831 0
      vertex 9.16724 7.40876 0
    endloop
  endfacet
  facet normal 0.40674 0.913544 -0
    outer loop
      vertex 8.50557 7.47831 0
      vertex 8.2 7.61436 3
      vertex 8.50557 7.47831 3
    endloop
  endfacet
  facet normal 0.40674 0.913544 0
    outer loop
      vertex 8.2 7.61436 3
      vertex 8.50557 7.47831 0
      vertex 8.2 7.61436 0
    endloop
  endfacet
  facet normal 0.207928 0.978144 -0
    outer loop
      vertex 8.83275 7.40876 0
      vertex 8.50557 7.47831 3
      vertex 8.83275 7.40876 3
    endloop
  endfacet
  facet normal 0.207928 0.978144 0
    outer loop
      vertex 8.50557 7.47831 3
      vertex 8.83275 7.40876 0
      vertex 8.50557 7.47831 0
    endloop
  endfacet
  facet normal 0.866034 0.499985 0
    outer loop
      vertex 7.70557 8.05954 3
      vertex 7.53833 8.34922 0
      vertex 7.53833 8.34922 3
    endloop
  endfacet
  facet normal 0.866034 0.499985 0
    outer loop
      vertex 7.53833 8.34922 0
      vertex 7.70557 8.05954 3
      vertex 7.70557 8.05954 0
    endloop
  endfacet
  facet normal 0.587786 0.809017 -0
    outer loop
      vertex 8.2 7.61436 0
      vertex 7.92939 7.81097 3
      vertex 8.2 7.61436 3
    endloop
  endfacet
  facet normal 0.587786 0.809017 0
    outer loop
      vertex 7.92939 7.81097 3
      vertex 8.2 7.61436 0
      vertex 7.92939 7.81097 0
    endloop
  endfacet
  facet normal -0.5878 0.809006 0
    outer loop
      vertex 10.0706 7.81097 0
      vertex 9.8 7.61436 3
      vertex 10.0706 7.81097 3
    endloop
  endfacet
  facet normal -0.5878 0.809006 0
    outer loop
      vertex 9.8 7.61436 3
      vertex 10.0706 7.81097 0
      vertex 9.8 7.61436 0
    endloop
  endfacet
  facet normal -0.865447 -0.501001 0
    outer loop
      vertex 10.4617 144.651 0
      vertex 10.2944 144.94 3
      vertex 10.2944 144.94 0
    endloop
  endfacet
  facet normal -0.865447 -0.501001 0
    outer loop
      vertex 10.2944 144.94 3
      vertex 10.4617 144.651 0
      vertex 10.4617 144.651 3
    endloop
  endfacet
  facet normal -0.74374 -0.66847 0
    outer loop
      vertex 10.2944 144.94 0
      vertex 10.0706 145.189 3
      vertex 10.0706 145.189 0
    endloop
  endfacet
  facet normal -0.74374 -0.66847 0
    outer loop
      vertex 10.0706 145.189 3
      vertex 10.2944 144.94 0
      vertex 10.2944 144.94 3
    endloop
  endfacet
  facet normal -0.206348 -0.978479 0
    outer loop
      vertex 9.16724 145.591 0
      vertex 9.49443 145.522 3
      vertex 9.16724 145.591 3
    endloop
  endfacet
  facet normal -0.206348 -0.978479 -0
    outer loop
      vertex 9.49443 145.522 3
      vertex 9.16724 145.591 0
      vertex 9.49443 145.522 0
    endloop
  endfacet
  facet normal 0.588548 -0.808462 0
    outer loop
      vertex 7.92939 145.189 0
      vertex 8.2 145.386 3
      vertex 7.92939 145.189 3
    endloop
  endfacet
  facet normal 0.588548 -0.808462 0
    outer loop
      vertex 8.2 145.386 3
      vertex 7.92939 145.189 0
      vertex 8.2 145.386 0
    endloop
  endfacet
  facet normal 0.951016 -0.30914 0
    outer loop
      vertex 7.43496 144.333 3
      vertex 7.53833 144.651 0
      vertex 7.53833 144.651 3
    endloop
  endfacet
  facet normal 0.951016 -0.30914 0
    outer loop
      vertex 7.53833 144.651 0
      vertex 7.43496 144.333 3
      vertex 7.43496 144.333 0
    endloop
  endfacet
  facet normal 0.74371 -0.668503 0
    outer loop
      vertex 7.70557 144.94 3
      vertex 7.92939 145.189 0
      vertex 7.92939 145.189 3
    endloop
  endfacet
  facet normal 0.74371 -0.668503 0
    outer loop
      vertex 7.92939 145.189 0
      vertex 7.70557 144.94 3
      vertex 7.70557 144.94 0
    endloop
  endfacet
  facet normal -0.994522 0.104529 0
    outer loop
      vertex 10.565 143.667 0
      vertex 10.6 144 3
      vertex 10.6 144 0
    endloop
  endfacet
  facet normal -0.994522 0.104529 0
    outer loop
      vertex 10.6 144 3
      vertex 10.565 143.667 0
      vertex 10.565 143.667 3
    endloop
  endfacet
  facet normal -0.406616 0.913599 0
    outer loop
      vertex 9.8 142.614 0
      vertex 9.49443 142.478 3
      vertex 9.8 142.614 3
    endloop
  endfacet
  facet normal -0.406616 0.913599 0
    outer loop
      vertex 9.49443 142.478 3
      vertex 9.8 142.614 0
      vertex 9.49443 142.478 0
    endloop
  endfacet
  facet normal -0.951078 -0.308951 0
    outer loop
      vertex 10.565 144.333 0
      vertex 10.4617 144.651 3
      vertex 10.4617 144.651 0
    endloop
  endfacet
  facet normal -0.951078 -0.308951 0
    outer loop
      vertex 10.4617 144.651 3
      vertex 10.565 144.333 0
      vertex 10.565 144.333 3
    endloop
  endfacet
  facet normal -0.588562 -0.808452 0
    outer loop
      vertex 9.8 145.386 0
      vertex 10.0706 145.189 3
      vertex 9.8 145.386 3
    endloop
  endfacet
  facet normal -0.588562 -0.808452 -0
    outer loop
      vertex 10.0706 145.189 3
      vertex 9.8 145.386 0
      vertex 10.0706 145.189 0
    endloop
  endfacet
  facet normal 0.206354 -0.978477 0
    outer loop
      vertex 8.50557 145.522 0
      vertex 8.83275 145.591 3
      vertex 8.50557 145.522 3
    endloop
  endfacet
  facet normal 0.206354 -0.978477 0
    outer loop
      vertex 8.83275 145.591 3
      vertex 8.50557 145.522 0
      vertex 8.83275 145.591 0
    endloop
  endfacet
  facet normal -0.406616 -0.913599 0
    outer loop
      vertex 9.49443 145.522 0
      vertex 9.8 145.386 3
      vertex 9.49443 145.522 3
    endloop
  endfacet
  facet normal -0.406616 -0.913599 -0
    outer loop
      vertex 9.8 145.386 3
      vertex 9.49443 145.522 0
      vertex 9.8 145.386 0
    endloop
  endfacet
  facet normal 0.994534 0.104411 0
    outer loop
      vertex 7.43496 143.667 3
      vertex 7.4 144 0
      vertex 7.4 144 3
    endloop
  endfacet
  facet normal 0.994534 0.104411 0
    outer loop
      vertex 7.4 144 0
      vertex 7.43496 143.667 3
      vertex 7.43496 143.667 0
    endloop
  endfacet
  facet normal 0.865525 -0.500866 0
    outer loop
      vertex 7.53833 144.651 3
      vertex 7.70557 144.94 0
      vertex 7.70557 144.94 3
    endloop
  endfacet
  facet normal 0.865525 -0.500866 0
    outer loop
      vertex 7.70557 144.94 0
      vertex 7.53833 144.651 3
      vertex 7.53833 144.651 0
    endloop
  endfacet
  facet normal 0.406616 -0.913599 0
    outer loop
      vertex 8.2 145.386 0
      vertex 8.50557 145.522 3
      vertex 8.2 145.386 3
    endloop
  endfacet
  facet normal 0.406616 -0.913599 0
    outer loop
      vertex 8.50557 145.522 3
      vertex 8.2 145.386 0
      vertex 8.50557 145.522 0
    endloop
  endfacet
  facet normal -0.994522 -0.104529 0
    outer loop
      vertex 10.6 144 0
      vertex 10.565 144.333 3
      vertex 10.565 144.333 0
    endloop
  endfacet
  facet normal -0.994522 -0.104529 0
    outer loop
      vertex 10.565 144.333 3
      vertex 10.6 144 0
      vertex 10.6 144 3
    endloop
  endfacet
  facet normal -0.865447 0.501001 0
    outer loop
      vertex 10.2944 143.06 0
      vertex 10.4617 143.349 3
      vertex 10.4617 143.349 0
    endloop
  endfacet
  facet normal -0.865447 0.501001 0
    outer loop
      vertex 10.4617 143.349 3
      vertex 10.2944 143.06 0
      vertex 10.2944 143.06 3
    endloop
  endfacet
  facet normal 0 1 -0
    outer loop
      vertex 9.16724 142.409 0
      vertex 8.83275 142.409 3
      vertex 9.16724 142.409 3
    endloop
  endfacet
  facet normal 0 1 0
    outer loop
      vertex 8.83275 142.409 3
      vertex 9.16724 142.409 0
      vertex 8.83275 142.409 0
    endloop
  endfacet
  facet normal -0.74374 0.66847 0
    outer loop
      vertex 10.0706 142.811 0
      vertex 10.2944 143.06 3
      vertex 10.2944 143.06 0
    endloop
  endfacet
  facet normal -0.74374 0.66847 0
    outer loop
      vertex 10.2944 143.06 3
      vertex 10.0706 142.811 0
      vertex 10.0706 142.811 3
    endloop
  endfacet
  facet normal 0 -1 0
    outer loop
      vertex 8.83275 145.591 0
      vertex 9.16724 145.591 3
      vertex 8.83275 145.591 3
    endloop
  endfacet
  facet normal 0 -1 -0
    outer loop
      vertex 9.16724 145.591 3
      vertex 8.83275 145.591 0
      vertex 9.16724 145.591 0
    endloop
  endfacet
  facet normal 0.994534 -0.104411 0
    outer loop
      vertex 7.4 144 3
      vertex 7.43496 144.333 0
      vertex 7.43496 144.333 3
    endloop
  endfacet
  facet normal 0.994534 -0.104411 0
    outer loop
      vertex 7.43496 144.333 0
      vertex 7.4 144 3
      vertex 7.4 144 0
    endloop
  endfacet
  facet normal 0.951016 0.30914 0
    outer loop
      vertex 7.53833 143.349 3
      vertex 7.43496 143.667 0
      vertex 7.43496 143.667 3
    endloop
  endfacet
  facet normal 0.951016 0.30914 0
    outer loop
      vertex 7.43496 143.667 0
      vertex 7.53833 143.349 3
      vertex 7.53833 143.349 0
    endloop
  endfacet
  facet normal -0.951078 0.308951 0
    outer loop
      vertex 10.4617 143.349 0
      vertex 10.565 143.667 3
      vertex 10.565 143.667 0
    endloop
  endfacet
  facet normal -0.951078 0.308951 0
    outer loop
      vertex 10.565 143.667 3
      vertex 10.4617 143.349 0
      vertex 10.4617 143.349 3
    endloop
  endfacet
  facet normal -0.206348 0.978479 0
    outer loop
      vertex 9.49443 142.478 0
      vertex 9.16724 142.409 3
      vertex 9.49443 142.478 3
    endloop
  endfacet
  facet normal -0.206348 0.978479 0
    outer loop
      vertex 9.16724 142.409 3
      vertex 9.49443 142.478 0
      vertex 9.16724 142.409 0
    endloop
  endfacet
  facet normal 0.406616 0.913599 -0
    outer loop
      vertex 8.50557 142.478 0
      vertex 8.2 142.614 3
      vertex 8.50557 142.478 3
    endloop
  endfacet
  facet normal 0.406616 0.913599 0
    outer loop
      vertex 8.2 142.614 3
      vertex 8.50557 142.478 0
      vertex 8.2 142.614 0
    endloop
  endfacet
  facet normal 0.206354 0.978477 -0
    outer loop
      vertex 8.83275 142.409 0
      vertex 8.50557 142.478 3
      vertex 8.83275 142.409 3
    endloop
  endfacet
  facet normal 0.206354 0.978477 0
    outer loop
      vertex 8.50557 142.478 3
      vertex 8.83275 142.409 0
      vertex 8.50557 142.478 0
    endloop
  endfacet
  facet normal 0.865525 0.500866 0
    outer loop
      vertex 7.70557 143.06 3
      vertex 7.53833 143.349 0
      vertex 7.53833 143.349 3
    endloop
  endfacet
  facet normal 0.865525 0.500866 0
    outer loop
      vertex 7.53833 143.349 0
      vertex 7.70557 143.06 3
      vertex 7.70557 143.06 0
    endloop
  endfacet
  facet normal 0.588548 0.808462 -0
    outer loop
      vertex 8.2 142.614 0
      vertex 7.92939 142.811 3
      vertex 8.2 142.614 3
    endloop
  endfacet
  facet normal 0.588548 0.808462 0
    outer loop
      vertex 7.92939 142.811 3
      vertex 8.2 142.614 0
      vertex 7.92939 142.811 0
    endloop
  endfacet
  facet normal 0.74371 0.668503 0
    outer loop
      vertex 7.92939 142.811 3
      vertex 7.70557 143.06 0
      vertex 7.70557 143.06 3
    endloop
  endfacet
  facet normal 0.74371 0.668503 0
    outer loop
      vertex 7.70557 143.06 0
      vertex 7.92939 142.811 3
      vertex 7.92939 142.811 0
    endloop
  endfacet
  facet normal -0.588562 0.808452 0
    outer loop
      vertex 10.0706 142.811 0
      vertex 9.8 142.614 3
      vertex 10.0706 142.811 3
    endloop
  endfacet
  facet normal -0.588562 0.808452 0
    outer loop
      vertex 9.8 142.614 3
      vertex 10.0706 142.811 0
      vertex 9.8 142.614 0
    endloop
  endfacet
  facet normal -0.86505 -0.501686 0
    outer loop
      vertex 195.662 9.65078 0
      vertex 195.494 9.94046 3
      vertex 195.494 9.94046 0
    endloop
  endfacet
  facet normal -0.86505 -0.501686 0
    outer loop
      vertex 195.494 9.94046 3
      vertex 195.662 9.65078 0
      vertex 195.662 9.65078 3
    endloop
  endfacet
  facet normal -0.994511 0.104635 0
    outer loop
      vertex 195.765 8.66734 0
      vertex 195.8 9 3
      vertex 195.8 9 0
    endloop
  endfacet
  facet normal -0.994511 0.104635 0
    outer loop
      vertex 195.8 9 3
      vertex 195.765 8.66734 0
      vertex 195.765 8.66734 3
    endloop
  endfacet
  facet normal -0.744315 -0.667829 0
    outer loop
      vertex 195.494 9.94046 0
      vertex 195.271 10.189 3
      vertex 195.271 10.189 0
    endloop
  endfacet
  facet normal -0.744315 -0.667829 0
    outer loop
      vertex 195.271 10.189 3
      vertex 195.494 9.94046 0
      vertex 195.494 9.94046 3
    endloop
  endfacet
  facet normal 0 -1 0
    outer loop
      vertex 194.033 10.5912 0
      vertex 194.367 10.5912 3
      vertex 194.033 10.5912 3
    endloop
  endfacet
  facet normal 0 -1 -0
    outer loop
      vertex 194.367 10.5912 3
      vertex 194.033 10.5912 0
      vertex 194.367 10.5912 0
    endloop
  endfacet
  facet normal -0.207895 -0.978151 0
    outer loop
      vertex 194.367 10.5912 0
      vertex 194.694 10.5217 3
      vertex 194.367 10.5912 3
    endloop
  endfacet
  facet normal -0.207895 -0.978151 -0
    outer loop
      vertex 194.694 10.5217 3
      vertex 194.367 10.5912 0
      vertex 194.694 10.5217 0
    endloop
  endfacet
  facet normal 0.587212 -0.809433 0
    outer loop
      vertex 193.129 10.189 0
      vertex 193.4 10.3856 3
      vertex 193.129 10.189 3
    endloop
  endfacet
  facet normal 0.587212 -0.809433 0
    outer loop
      vertex 193.4 10.3856 3
      vertex 193.129 10.189 0
      vertex 193.4 10.3856 0
    endloop
  endfacet
  facet normal 0.951375 -0.308034 0
    outer loop
      vertex 192.635 9.33266 3
      vertex 192.738 9.65078 0
      vertex 192.738 9.65078 3
    endloop
  endfacet
  facet normal 0.951375 -0.308034 0
    outer loop
      vertex 192.738 9.65078 0
      vertex 192.635 9.33266 3
      vertex 192.635 9.33266 0
    endloop
  endfacet
  facet normal 0.744315 -0.667829 0
    outer loop
      vertex 192.906 9.94046 3
      vertex 193.129 10.189 0
      vertex 193.129 10.189 3
    endloop
  endfacet
  facet normal 0.744315 -0.667829 0
    outer loop
      vertex 193.129 10.189 0
      vertex 192.906 9.94046 3
      vertex 192.906 9.94046 0
    endloop
  endfacet
  facet normal -0.406263 0.913756 0
    outer loop
      vertex 195 7.61436 0
      vertex 194.694 7.47831 3
      vertex 195 7.61436 3
    endloop
  endfacet
  facet normal -0.406263 0.913756 0
    outer loop
      vertex 194.694 7.47831 3
      vertex 195 7.61436 0
      vertex 194.694 7.47831 0
    endloop
  endfacet
  facet normal -0.951375 -0.308034 0
    outer loop
      vertex 195.765 9.33266 0
      vertex 195.662 9.65078 3
      vertex 195.662 9.65078 0
    endloop
  endfacet
  facet normal -0.951375 -0.308034 0
    outer loop
      vertex 195.662 9.65078 3
      vertex 195.765 9.33266 0
      vertex 195.765 9.33266 3
    endloop
  endfacet
  facet normal -0.587212 -0.809433 0
    outer loop
      vertex 195 10.3856 0
      vertex 195.271 10.189 3
      vertex 195 10.3856 3
    endloop
  endfacet
  facet normal -0.587212 -0.809433 -0
    outer loop
      vertex 195.271 10.189 3
      vertex 195 10.3856 0
      vertex 195.271 10.189 0
    endloop
  endfacet
  facet normal 0.207895 -0.978151 0
    outer loop
      vertex 193.706 10.5217 0
      vertex 194.033 10.5912 3
      vertex 193.706 10.5217 3
    endloop
  endfacet
  facet normal 0.207895 -0.978151 0
    outer loop
      vertex 194.033 10.5912 3
      vertex 193.706 10.5217 0
      vertex 194.033 10.5912 0
    endloop
  endfacet
  facet normal -0.406388 -0.913701 0
    outer loop
      vertex 194.694 10.5217 0
      vertex 195 10.3856 3
      vertex 194.694 10.5217 3
    endloop
  endfacet
  facet normal -0.406388 -0.913701 -0
    outer loop
      vertex 195 10.3856 3
      vertex 194.694 10.5217 0
      vertex 195 10.3856 0
    endloop
  endfacet
  facet normal 0.994511 0.104635 0
    outer loop
      vertex 192.635 8.66734 3
      vertex 192.6 9 0
      vertex 192.6 9 3
    endloop
  endfacet
  facet normal 0.994511 0.104635 0
    outer loop
      vertex 192.6 9 0
      vertex 192.635 8.66734 3
      vertex 192.635 8.66734 0
    endloop
  endfacet
  facet normal 0.86505 -0.501686 0
    outer loop
      vertex 192.738 9.65078 3
      vertex 192.906 9.94046 0
      vertex 192.906 9.94046 3
    endloop
  endfacet
  facet normal 0.86505 -0.501686 0
    outer loop
      vertex 192.906 9.94046 0
      vertex 192.738 9.65078 3
      vertex 192.738 9.65078 0
    endloop
  endfacet
  facet normal 0.406388 -0.913701 0
    outer loop
      vertex 193.4 10.3856 0
      vertex 193.706 10.5217 3
      vertex 193.4 10.3856 3
    endloop
  endfacet
  facet normal 0.406388 -0.913701 0
    outer loop
      vertex 193.706 10.5217 3
      vertex 193.4 10.3856 0
      vertex 193.706 10.5217 0
    endloop
  endfacet
  facet normal -0.994511 -0.104635 0
    outer loop
      vertex 195.8 9 0
      vertex 195.765 9.33266 3
      vertex 195.765 9.33266 0
    endloop
  endfacet
  facet normal -0.994511 -0.104635 0
    outer loop
      vertex 195.765 9.33266 3
      vertex 195.8 9 0
      vertex 195.8 9 3
    endloop
  endfacet
  facet normal 0 1 -0
    outer loop
      vertex 194.367 7.40876 0
      vertex 194.033 7.40876 3
      vertex 194.367 7.40876 3
    endloop
  endfacet
  facet normal 0 1 0
    outer loop
      vertex 194.033 7.40876 3
      vertex 194.367 7.40876 0
      vertex 194.033 7.40876 0
    endloop
  endfacet
  facet normal -0.951375 0.308034 0
    outer loop
      vertex 195.662 8.34922 0
      vertex 195.765 8.66734 3
      vertex 195.765 8.66734 0
    endloop
  endfacet
  facet normal -0.951375 0.308034 0
    outer loop
      vertex 195.765 8.66734 3
      vertex 195.662 8.34922 0
      vertex 195.662 8.34922 3
    endloop
  endfacet
  facet normal -0.744355 0.667784 0
    outer loop
      vertex 195.271 7.81097 0
      vertex 195.494 8.05954 3
      vertex 195.494 8.05954 0
    endloop
  endfacet
  facet normal -0.744355 0.667784 0
    outer loop
      vertex 195.494 8.05954 3
      vertex 195.271 7.81097 0
      vertex 195.271 7.81097 3
    endloop
  endfacet
  facet normal 0.994511 -0.104635 0
    outer loop
      vertex 192.6 9 3
      vertex 192.635 9.33266 0
      vertex 192.635 9.33266 3
    endloop
  endfacet
  facet normal 0.994511 -0.104635 0
    outer loop
      vertex 192.635 9.33266 0
      vertex 192.6 9 3
      vertex 192.6 9 0
    endloop
  endfacet
  facet normal 0.951375 0.308034 0
    outer loop
      vertex 192.738 8.34922 3
      vertex 192.635 8.66734 0
      vertex 192.635 8.66734 3
    endloop
  endfacet
  facet normal 0.951375 0.308034 0
    outer loop
      vertex 192.635 8.66734 0
      vertex 192.738 8.34922 3
      vertex 192.738 8.34922 0
    endloop
  endfacet
  facet normal -0.86505 0.501686 0
    outer loop
      vertex 195.494 8.05954 0
      vertex 195.662 8.34922 3
      vertex 195.662 8.34922 0
    endloop
  endfacet
  facet normal -0.86505 0.501686 0
    outer loop
      vertex 195.662 8.34922 3
      vertex 195.494 8.05954 0
      vertex 195.494 8.05954 3
    endloop
  endfacet
  facet normal -0.208038 0.978121 0
    outer loop
      vertex 194.694 7.47831 0
      vertex 194.367 7.40876 3
      vertex 194.694 7.47831 3
    endloop
  endfacet
  facet normal -0.208038 0.978121 0
    outer loop
      vertex 194.367 7.40876 3
      vertex 194.694 7.47831 0
      vertex 194.367 7.40876 0
    endloop
  endfacet
  facet normal 0.406263 0.913756 -0
    outer loop
      vertex 193.706 7.47831 0
      vertex 193.4 7.61436 3
      vertex 193.706 7.47831 3
    endloop
  endfacet
  facet normal 0.406263 0.913756 0
    outer loop
      vertex 193.4 7.61436 3
      vertex 193.706 7.47831 0
      vertex 193.4 7.61436 0
    endloop
  endfacet
  facet normal 0.208038 0.978121 -0
    outer loop
      vertex 194.033 7.40876 0
      vertex 193.706 7.47831 3
      vertex 194.033 7.40876 3
    endloop
  endfacet
  facet normal 0.208038 0.978121 0
    outer loop
      vertex 193.706 7.47831 3
      vertex 194.033 7.40876 0
      vertex 193.706 7.47831 0
    endloop
  endfacet
  facet normal 0.86505 0.501686 0
    outer loop
      vertex 192.906 8.05954 3
      vertex 192.738 8.34922 0
      vertex 192.738 8.34922 3
    endloop
  endfacet
  facet normal 0.86505 0.501686 0
    outer loop
      vertex 192.738 8.34922 0
      vertex 192.906 8.05954 3
      vertex 192.906 8.05954 0
    endloop
  endfacet
  facet normal 0.587232 0.809419 -0
    outer loop
      vertex 193.4 7.61436 0
      vertex 193.129 7.81097 3
      vertex 193.4 7.61436 3
    endloop
  endfacet
  facet normal 0.587232 0.809419 0
    outer loop
      vertex 193.129 7.81097 3
      vertex 193.4 7.61436 0
      vertex 193.129 7.81097 0
    endloop
  endfacet
  facet normal 0.744355 0.667784 0
    outer loop
      vertex 193.129 7.81097 3
      vertex 192.906 8.05954 0
      vertex 192.906 8.05954 3
    endloop
  endfacet
  facet normal 0.744355 0.667784 0
    outer loop
      vertex 192.906 8.05954 0
      vertex 193.129 7.81097 3
      vertex 193.129 7.81097 0
    endloop
  endfacet
  facet normal -0.587232 0.809419 0
    outer loop
      vertex 195.271 7.81097 0
      vertex 195 7.61436 3
      vertex 195.271 7.81097 3
    endloop
  endfacet
  facet normal -0.587232 0.809419 0
    outer loop
      vertex 195 7.61436 3
      vertex 195.271 7.81097 0
      vertex 195 7.61436 0
    endloop
  endfacet
  facet normal -0.864537 -0.502568 0
    outer loop
      vertex 195.662 144.651 0
      vertex 195.494 144.94 3
      vertex 195.494 144.94 0
    endloop
  endfacet
  facet normal -0.864537 -0.502568 0
    outer loop
      vertex 195.494 144.94 3
      vertex 195.662 144.651 0
      vertex 195.662 144.651 3
    endloop
  endfacet
  facet normal -0.994522 0.104529 0
    outer loop
      vertex 195.765 143.667 0
      vertex 195.8 144 3
      vertex 195.8 144 0
    endloop
  endfacet
  facet normal -0.994522 0.104529 0
    outer loop
      vertex 195.8 144 3
      vertex 195.765 143.667 0
      vertex 195.765 143.667 3
    endloop
  endfacet
  facet normal -0.744928 -0.667145 0
    outer loop
      vertex 195.494 144.94 0
      vertex 195.271 145.189 3
      vertex 195.271 145.189 0
    endloop
  endfacet
  facet normal -0.744928 -0.667145 0
    outer loop
      vertex 195.271 145.189 3
      vertex 195.494 144.94 0
      vertex 195.494 144.94 3
    endloop
  endfacet
  facet normal 0 -1 0
    outer loop
      vertex 194.033 145.591 0
      vertex 194.367 145.591 3
      vertex 194.033 145.591 3
    endloop
  endfacet
  facet normal 0 -1 -0
    outer loop
      vertex 194.367 145.591 3
      vertex 194.033 145.591 0
      vertex 194.367 145.591 0
    endloop
  endfacet
  facet normal -0.206463 -0.978454 0
    outer loop
      vertex 194.367 145.591 0
      vertex 194.694 145.522 3
      vertex 194.367 145.591 3
    endloop
  endfacet
  facet normal -0.206463 -0.978454 -0
    outer loop
      vertex 194.694 145.522 3
      vertex 194.367 145.591 0
      vertex 194.694 145.522 0
    endloop
  endfacet
  facet normal 0.587994 -0.808865 0
    outer loop
      vertex 193.129 145.189 0
      vertex 193.4 145.386 3
      vertex 193.129 145.189 3
    endloop
  endfacet
  facet normal 0.587994 -0.808865 0
    outer loop
      vertex 193.4 145.386 3
      vertex 193.129 145.189 0
      vertex 193.4 145.386 0
    endloop
  endfacet
  facet normal 0.951341 -0.308139 0
    outer loop
      vertex 192.635 144.333 3
      vertex 192.738 144.651 0
      vertex 192.738 144.651 3
    endloop
  endfacet
  facet normal 0.951341 -0.308139 0
    outer loop
      vertex 192.738 144.651 0
      vertex 192.635 144.333 3
      vertex 192.635 144.333 0
    endloop
  endfacet
  facet normal 0.744928 -0.667145 0
    outer loop
      vertex 192.906 144.94 3
      vertex 193.129 145.189 0
      vertex 193.129 145.189 3
    endloop
  endfacet
  facet normal 0.744928 -0.667145 0
    outer loop
      vertex 193.129 145.189 0
      vertex 192.906 144.94 3
      vertex 192.906 144.94 0
    endloop
  endfacet
  facet normal -0.406138 0.913812 0
    outer loop
      vertex 195 142.614 0
      vertex 194.694 142.478 3
      vertex 195 142.614 3
    endloop
  endfacet
  facet normal -0.406138 0.913812 0
    outer loop
      vertex 194.694 142.478 3
      vertex 195 142.614 0
      vertex 194.694 142.478 0
    endloop
  endfacet
  facet normal -0.951341 -0.308139 0
    outer loop
      vertex 195.765 144.333 0
      vertex 195.662 144.651 3
      vertex 195.662 144.651 0
    endloop
  endfacet
  facet normal -0.951341 -0.308139 0
    outer loop
      vertex 195.662 144.651 3
      vertex 195.765 144.333 0
      vertex 195.765 144.333 3
    endloop
  endfacet
  facet normal -0.587994 -0.808865 0
    outer loop
      vertex 195 145.386 0
      vertex 195.271 145.189 3
      vertex 195 145.386 3
    endloop
  endfacet
  facet normal -0.587994 -0.808865 -0
    outer loop
      vertex 195.271 145.189 3
      vertex 195 145.386 0
      vertex 195.271 145.189 0
    endloop
  endfacet
  facet normal 0.206463 -0.978454 0
    outer loop
      vertex 193.706 145.522 0
      vertex 194.033 145.591 3
      vertex 193.706 145.522 3
    endloop
  endfacet
  facet normal 0.206463 -0.978454 0
    outer loop
      vertex 194.033 145.591 3
      vertex 193.706 145.522 0
      vertex 194.033 145.591 0
    endloop
  endfacet
  facet normal -0.406138 -0.913812 0
    outer loop
      vertex 194.694 145.522 0
      vertex 195 145.386 3
      vertex 194.694 145.522 3
    endloop
  endfacet
  facet normal -0.406138 -0.913812 -0
    outer loop
      vertex 195 145.386 3
      vertex 194.694 145.522 0
      vertex 195 145.386 0
    endloop
  endfacet
  facet normal 0.994522 0.104529 0
    outer loop
      vertex 192.635 143.667 3
      vertex 192.6 144 0
      vertex 192.6 144 3
    endloop
  endfacet
  facet normal 0.994522 0.104529 0
    outer loop
      vertex 192.6 144 0
      vertex 192.635 143.667 3
      vertex 192.635 143.667 0
    endloop
  endfacet
  facet normal 0.864537 -0.502568 0
    outer loop
      vertex 192.738 144.651 3
      vertex 192.906 144.94 0
      vertex 192.906 144.94 3
    endloop
  endfacet
  facet normal 0.864537 -0.502568 0
    outer loop
      vertex 192.906 144.94 0
      vertex 192.738 144.651 3
      vertex 192.738 144.651 0
    endloop
  endfacet
  facet normal 0.406138 -0.913812 0
    outer loop
      vertex 193.4 145.386 0
      vertex 193.706 145.522 3
      vertex 193.4 145.386 3
    endloop
  endfacet
  facet normal 0.406138 -0.913812 0
    outer loop
      vertex 193.706 145.522 3
      vertex 193.4 145.386 0
      vertex 193.706 145.522 0
    endloop
  endfacet
  facet normal -0.994522 -0.104529 0
    outer loop
      vertex 195.8 144 0
      vertex 195.765 144.333 3
      vertex 195.765 144.333 0
    endloop
  endfacet
  facet normal -0.994522 -0.104529 0
    outer loop
      vertex 195.765 144.333 3
      vertex 195.8 144 0
      vertex 195.8 144 3
    endloop
  endfacet
  facet normal 0 1 -0
    outer loop
      vertex 194.367 142.409 0
      vertex 194.033 142.409 3
      vertex 194.367 142.409 3
    endloop
  endfacet
  facet normal 0 1 0
    outer loop
      vertex 194.033 142.409 3
      vertex 194.367 142.409 0
      vertex 194.033 142.409 0
    endloop
  endfacet
  facet normal -0.951341 0.308139 0
    outer loop
      vertex 195.662 143.349 0
      vertex 195.765 143.667 3
      vertex 195.765 143.667 0
    endloop
  endfacet
  facet normal -0.951341 0.308139 0
    outer loop
      vertex 195.765 143.667 3
      vertex 195.662 143.349 0
      vertex 195.662 143.349 3
    endloop
  endfacet
  facet normal -0.744928 0.667145 0
    outer loop
      vertex 195.271 142.811 0
      vertex 195.494 143.06 3
      vertex 195.494 143.06 0
    endloop
  endfacet
  facet normal -0.744928 0.667145 0
    outer loop
      vertex 195.494 143.06 3
      vertex 195.271 142.811 0
      vertex 195.271 142.811 3
    endloop
  endfacet
  facet normal 0.994522 -0.104529 0
    outer loop
      vertex 192.6 144 3
      vertex 192.635 144.333 0
      vertex 192.635 144.333 3
    endloop
  endfacet
  facet normal 0.994522 -0.104529 0
    outer loop
      vertex 192.635 144.333 0
      vertex 192.6 144 3
      vertex 192.6 144 0
    endloop
  endfacet
  facet normal 0.951341 0.308139 0
    outer loop
      vertex 192.738 143.349 3
      vertex 192.635 143.667 0
      vertex 192.635 143.667 3
    endloop
  endfacet
  facet normal 0.951341 0.308139 0
    outer loop
      vertex 192.635 143.667 0
      vertex 192.738 143.349 3
      vertex 192.738 143.349 0
    endloop
  endfacet
  facet normal -0.864537 0.502568 0
    outer loop
      vertex 195.494 143.06 0
      vertex 195.662 143.349 3
      vertex 195.662 143.349 0
    endloop
  endfacet
  facet normal -0.864537 0.502568 0
    outer loop
      vertex 195.662 143.349 3
      vertex 195.494 143.06 0
      vertex 195.494 143.06 3
    endloop
  endfacet
  facet normal -0.206463 0.978454 0
    outer loop
      vertex 194.694 142.478 0
      vertex 194.367 142.409 3
      vertex 194.694 142.478 3
    endloop
  endfacet
  facet normal -0.206463 0.978454 0
    outer loop
      vertex 194.367 142.409 3
      vertex 194.694 142.478 0
      vertex 194.367 142.409 0
    endloop
  endfacet
  facet normal 0.406138 0.913812 -0
    outer loop
      vertex 193.706 142.478 0
      vertex 193.4 142.614 3
      vertex 193.706 142.478 3
    endloop
  endfacet
  facet normal 0.406138 0.913812 0
    outer loop
      vertex 193.4 142.614 3
      vertex 193.706 142.478 0
      vertex 193.4 142.614 0
    endloop
  endfacet
  facet normal 0.206463 0.978454 -0
    outer loop
      vertex 194.033 142.409 0
      vertex 193.706 142.478 3
      vertex 194.033 142.409 3
    endloop
  endfacet
  facet normal 0.206463 0.978454 0
    outer loop
      vertex 193.706 142.478 3
      vertex 194.033 142.409 0
      vertex 193.706 142.478 0
    endloop
  endfacet
  facet normal 0.864537 0.502568 0
    outer loop
      vertex 192.906 143.06 3
      vertex 192.738 143.349 0
      vertex 192.738 143.349 3
    endloop
  endfacet
  facet normal 0.864537 0.502568 0
    outer loop
      vertex 192.738 143.349 0
      vertex 192.906 143.06 3
      vertex 192.906 143.06 0
    endloop
  endfacet
  facet normal 0.587994 0.808865 -0
    outer loop
      vertex 193.4 142.614 0
      vertex 193.129 142.811 3
      vertex 193.4 142.614 3
    endloop
  endfacet
  facet normal 0.587994 0.808865 0
    outer loop
      vertex 193.129 142.811 3
      vertex 193.4 142.614 0
      vertex 193.129 142.811 0
    endloop
  endfacet
  facet normal 0.744928 0.667145 0
    outer loop
      vertex 193.129 142.811 3
      vertex 192.906 143.06 0
      vertex 192.906 143.06 3
    endloop
  endfacet
  facet normal 0.744928 0.667145 0
    outer loop
      vertex 192.906 143.06 0
      vertex 193.129 142.811 3
      vertex 193.129 142.811 0
    endloop
  endfacet
  facet normal -0.587994 0.808865 0
    outer loop
      vertex 195.271 142.811 0
      vertex 195 142.614 3
      vertex 195.271 142.811 3
    endloop
  endfacet
  facet normal -0.587994 0.808865 0
    outer loop
      vertex 195 142.614 3
      vertex 195.271 142.811 0
      vertex 195 142.614 0
    endloop
  endfacet
  facet normal 0.309075 -0.951038 0
    outer loop
      vertex 200.2 0 0
      vertex 201.963 0.572952 3
      vertex 200.2 0 3
    endloop
  endfacet
  facet normal 0.309075 -0.951038 0
    outer loop
      vertex 201.963 0.572952 3
      vertex 200.2 0 0
      vertex 201.963 0.572952 0
    endloop
  endfacet
  facet normal 0.890953 -0.454095 0
    outer loop
      vertex 201.963 0.572952 3
      vertex 203.2 3 0
      vertex 203.2 3 3
    endloop
  endfacet
  facet normal 0.890953 -0.454095 0
    outer loop
      vertex 203.2 3 0
      vertex 201.963 0.572952 3
      vertex 201.963 0.572952 0
    endloop
  endfacet
  facet normal -0.309043 0.951048 0
    outer loop
      vertex 3 153 0
      vertex 1.23665 152.427 3
      vertex 3 153 3
    endloop
  endfacet
  facet normal -0.309043 0.951048 0
    outer loop
      vertex 1.23665 152.427 3
      vertex 3 153 0
      vertex 1.23665 152.427 0
    endloop
  endfacet
  facet normal 0.454102 0.89095 -0
    outer loop
      vertex 202.627 151.763 0
      vertex 200.2 153 3
      vertex 202.627 151.763 3
    endloop
  endfacet
  facet normal 0.454102 0.89095 0
    outer loop
      vertex 200.2 153 3
      vertex 202.627 151.763 0
      vertex 200.2 153 0
    endloop
  endfacet
  facet normal -0 0 -1
    outer loop
      vertex 18.5 26.5 0
      vertex 8.2 10.3856 0
      vertex 18.5 36.5 0
    endloop
  endfacet
  facet normal 0 0 -1
    outer loop
      vertex 18.5 80.5 0
      vertex 10.565 143.667 0
      vertex 10.6 144 0
    endloop
  endfacet
  facet normal 0 0 -1
    outer loop
      vertex 7.92939 10.189 0
      vertex 18.5 36.5 0
      vertex 8.2 10.3856 0
    endloop
  endfacet
  facet normal 0 0 -1
    outer loop
      vertex 18.5 80.5 0
      vertex 10.4617 143.349 0
      vertex 10.565 143.667 0
    endloop
  endfacet
  facet normal -0 0 -1
    outer loop
      vertex 18.5 36.5 0
      vertex 7.92939 10.189 0
      vertex 18.5 37.5 0
    endloop
  endfacet
  facet normal 0 0 -1
    outer loop
      vertex 18.5 80.5 0
      vertex 10.2944 143.06 0
      vertex 10.4617 143.349 0
    endloop
  endfacet
  facet normal 0 0 -1
    outer loop
      vertex 7.70557 9.94046 0
      vertex 18.5 37.5 0
      vertex 7.92939 10.189 0
    endloop
  endfacet
  facet normal 0 0 -1
    outer loop
      vertex 18.5 80.5 0
      vertex 10.0706 142.811 0
      vertex 10.2944 143.06 0
    endloop
  endfacet
  facet normal 0 0 -1
    outer loop
      vertex 0 3 0
      vertex 18.5 37.5 0
      vertex 7.70557 9.94046 0
    endloop
  endfacet
  facet normal 0 0 -1
    outer loop
      vertex 18.5 80.5 0
      vertex 9.8 142.614 0
      vertex 10.0706 142.811 0
    endloop
  endfacet
  facet normal -0 0 -1
    outer loop
      vertex 18.5 37.5 0
      vertex 0 3 0
      vertex 18.5 47.5 0
    endloop
  endfacet
  facet normal 0 0 -1
    outer loop
      vertex 18.5 80.5 0
      vertex 9.49443 142.478 0
      vertex 9.8 142.614 0
    endloop
  endfacet
  facet normal -0 0 -1
    outer loop
      vertex 18.5 48.5 0
      vertex 0 3 0
      vertex 18.5 58.5 0
    endloop
  endfacet
  facet normal 0 0 -1
    outer loop
      vertex 18.5 80.5 0
      vertex 9.16724 142.409 0
      vertex 9.49443 142.478 0
    endloop
  endfacet
  facet normal -0 0 -1
    outer loop
      vertex 18.5 58.5 0
      vertex 0 3 0
      vertex 18.5 59.5 0
    endloop
  endfacet
  facet normal 0 0 -1
    outer loop
      vertex 18.5 80.5 0
      vertex 8.83275 142.409 0
      vertex 9.16724 142.409 0
    endloop
  endfacet
  facet normal -0 0 -1
    outer loop
      vertex 18.5 59.5 0
      vertex 0 3 0
      vertex 18.5 69.5 0
    endloop
  endfacet
  facet normal 0 0 -1
    outer loop
      vertex 18.5 80.5 0
      vertex 8.50557 142.478 0
      vertex 8.83275 142.409 0
    endloop
  endfacet
  facet normal -0 0 -1
    outer loop
      vertex 18.5 69.5 0
      vertex 0 3 0
      vertex 18.5 70.5 0
    endloop
  endfacet
  facet normal 0 0 -1
    outer loop
      vertex 18.5 80.5 0
      vertex 8.2 142.614 0
      vertex 8.50557 142.478 0
    endloop
  endfacet
  facet normal -0 0 -1
    outer loop
      vertex 18.5 70.5 0
      vertex 0 3 0
      vertex 18.5 80.5 0
    endloop
  endfacet
  facet normal 0 0 -1
    outer loop
      vertex 18.5 80.5 0
      vertex 7.92939 142.811 0
      vertex 8.2 142.614 0
    endloop
  endfacet
  facet normal -0 0 -1
    outer loop
      vertex 18.5 47.5 0
      vertex 0 3 0
      vertex 18.5 48.5 0
    endloop
  endfacet
  facet normal 0 0 -1
    outer loop
      vertex 0 150 0
      vertex 18.5 80.5 0
      vertex 0 3 0
    endloop
  endfacet
  facet normal 0 0 -1
    outer loop
      vertex 0 3 0
      vertex 7.70557 9.94046 0
      vertex 7.53833 9.65078 0
    endloop
  endfacet
  facet normal 0 0 -1
    outer loop
      vertex 18.5 80.5 0
      vertex 0 150 0
      vertex 7.92939 142.811 0
    endloop
  endfacet
  facet normal 0 0 -1
    outer loop
      vertex 0 3 0
      vertex 7.53833 9.65078 0
      vertex 7.43496 9.33266 0
    endloop
  endfacet
  facet normal 0 0 -1
    outer loop
      vertex 7.92939 142.811 0
      vertex 0 150 0
      vertex 7.70557 143.06 0
    endloop
  endfacet
  facet normal 0 0 -1
    outer loop
      vertex 0 3 0
      vertex 7.43496 9.33266 0
      vertex 7.4 9 0
    endloop
  endfacet
  facet normal 0 0 -1
    outer loop
      vertex 7.70557 143.06 0
      vertex 0 150 0
      vertex 7.53833 143.349 0
    endloop
  endfacet
  facet normal 0 0 -1
    outer loop
      vertex 32 116 0
      vertex 33.5 124.5 0
      vertex 33.5 114.5 0
    endloop
  endfacet
  facet normal 0 0 -1
    outer loop
      vertex 32 116 0
      vertex 32 123 0
      vertex 33.5 124.5 0
    endloop
  endfacet
  facet normal 0 0 -1
    outer loop
      vertex 20 116 0
      vertex 32 123 0
      vertex 32 116 0
    endloop
  endfacet
  facet normal 0 0 -1
    outer loop
      vertex 20 116 0
      vertex 20 123 0
      vertex 32 123 0
    endloop
  endfacet
  facet normal 0 0 -1
    outer loop
      vertex 18.5 114.5 0
      vertex 20 123 0
      vertex 20 116 0
    endloop
  endfacet
  facet normal -0 0 -1
    outer loop
      vertex 20 123 0
      vertex 18.5 114.5 0
      vertex 18.5 124.5 0
    endloop
  endfacet
  facet normal 0 0 -1
    outer loop
      vertex 32 105 0
      vertex 33.5 113.5 0
      vertex 33.5 103.5 0
    endloop
  endfacet
  facet normal 0 0 -1
    outer loop
      vertex 32 105 0
      vertex 32 112 0
      vertex 33.5 113.5 0
    endloop
  endfacet
  facet normal 0 0 -1
    outer loop
      vertex 20 105 0
      vertex 32 112 0
      vertex 32 105 0
    endloop
  endfacet
  facet normal 0 0 -1
    outer loop
      vertex 20 105 0
      vertex 20 112 0
      vertex 32 112 0
    endloop
  endfacet
  facet normal 0 0 -1
    outer loop
      vertex 18.5 103.5 0
      vertex 20 112 0
      vertex 20 105 0
    endloop
  endfacet
  facet normal -0 0 -1
    outer loop
      vertex 20 112 0
      vertex 18.5 103.5 0
      vertex 18.5 113.5 0
    endloop
  endfacet
  facet normal 0 0 -1
    outer loop
      vertex 32 94 0
      vertex 33.5 102.5 0
      vertex 33.5 92.5 0
    endloop
  endfacet
  facet normal 0 0 -1
    outer loop
      vertex 32 94 0
      vertex 32 101 0
      vertex 33.5 102.5 0
    endloop
  endfacet
  facet normal 0 0 -1
    outer loop
      vertex 20 94 0
      vertex 32 101 0
      vertex 32 94 0
    endloop
  endfacet
  facet normal 0 0 -1
    outer loop
      vertex 20 94 0
      vertex 20 101 0
      vertex 32 101 0
    endloop
  endfacet
  facet normal 0 0 -1
    outer loop
      vertex 18.5 92.5 0
      vertex 20 101 0
      vertex 20 94 0
    endloop
  endfacet
  facet normal -0 0 -1
    outer loop
      vertex 20 101 0
      vertex 18.5 92.5 0
      vertex 18.5 102.5 0
    endloop
  endfacet
  facet normal 0 0 -1
    outer loop
      vertex 32 83 0
      vertex 33.5 91.5 0
      vertex 33.5 81.5 0
    endloop
  endfacet
  facet normal 0 0 -1
    outer loop
      vertex 32 83 0
      vertex 32 90 0
      vertex 33.5 91.5 0
    endloop
  endfacet
  facet normal 0 0 -1
    outer loop
      vertex 20 83 0
      vertex 32 90 0
      vertex 32 83 0
    endloop
  endfacet
  facet normal 0 0 -1
    outer loop
      vertex 20 83 0
      vertex 20 90 0
      vertex 32 90 0
    endloop
  endfacet
  facet normal 0 0 -1
    outer loop
      vertex 18.5 81.5 0
      vertex 20 90 0
      vertex 20 83 0
    endloop
  endfacet
  facet normal -0 0 -1
    outer loop
      vertex 20 90 0
      vertex 18.5 81.5 0
      vertex 18.5 91.5 0
    endloop
  endfacet
  facet normal 0 0 -1
    outer loop
      vertex 32 72 0
      vertex 33.5 80.5 0
      vertex 33.5 70.5 0
    endloop
  endfacet
  facet normal 0 0 -1
    outer loop
      vertex 32 72 0
      vertex 32 79 0
      vertex 33.5 80.5 0
    endloop
  endfacet
  facet normal 0 0 -1
    outer loop
      vertex 20 72 0
      vertex 32 79 0
      vertex 32 72 0
    endloop
  endfacet
  facet normal 0 0 -1
    outer loop
      vertex 20 72 0
      vertex 20 79 0
      vertex 32 79 0
    endloop
  endfacet
  facet normal 0 0 -1
    outer loop
      vertex 18.5 70.5 0
      vertex 20 79 0
      vertex 20 72 0
    endloop
  endfacet
  facet normal -0 0 -1
    outer loop
      vertex 20 79 0
      vertex 18.5 70.5 0
      vertex 18.5 80.5 0
    endloop
  endfacet
  facet normal 0 0 -1
    outer loop
      vertex 32 61 0
      vertex 33.5 69.5 0
      vertex 33.5 59.5 0
    endloop
  endfacet
  facet normal 0 0 -1
    outer loop
      vertex 32 61 0
      vertex 32 68 0
      vertex 33.5 69.5 0
    endloop
  endfacet
  facet normal 0 0 -1
    outer loop
      vertex 20 61 0
      vertex 32 68 0
      vertex 32 61 0
    endloop
  endfacet
  facet normal 0 0 -1
    outer loop
      vertex 20 61 0
      vertex 20 68 0
      vertex 32 68 0
    endloop
  endfacet
  facet normal 0 0 -1
    outer loop
      vertex 18.5 59.5 0
      vertex 20 68 0
      vertex 20 61 0
    endloop
  endfacet
  facet normal -0 0 -1
    outer loop
      vertex 20 68 0
      vertex 18.5 59.5 0
      vertex 18.5 69.5 0
    endloop
  endfacet
  facet normal 0 0 -1
    outer loop
      vertex 32 50 0
      vertex 33.5 58.5 0
      vertex 33.5 48.5 0
    endloop
  endfacet
  facet normal 0 0 -1
    outer loop
      vertex 32 50 0
      vertex 32 57 0
      vertex 33.5 58.5 0
    endloop
  endfacet
  facet normal 0 0 -1
    outer loop
      vertex 20 50 0
      vertex 32 57 0
      vertex 32 50 0
    endloop
  endfacet
  facet normal 0 0 -1
    outer loop
      vertex 20 50 0
      vertex 20 57 0
      vertex 32 57 0
    endloop
  endfacet
  facet normal 0 0 -1
    outer loop
      vertex 18.5 48.5 0
      vertex 20 57 0
      vertex 20 50 0
    endloop
  endfacet
  facet normal -0 0 -1
    outer loop
      vertex 20 57 0
      vertex 18.5 48.5 0
      vertex 18.5 58.5 0
    endloop
  endfacet
  facet normal 0 0 -1
    outer loop
      vertex 32 39 0
      vertex 33.5 47.5 0
      vertex 33.5 37.5 0
    endloop
  endfacet
  facet normal 0 0 -1
    outer loop
      vertex 32 39 0
      vertex 32 46 0
      vertex 33.5 47.5 0
    endloop
  endfacet
  facet normal 0 0 -1
    outer loop
      vertex 20 39 0
      vertex 32 46 0
      vertex 32 39 0
    endloop
  endfacet
  facet normal 0 0 -1
    outer loop
      vertex 20 39 0
      vertex 20 46 0
      vertex 32 46 0
    endloop
  endfacet
  facet normal 0 0 -1
    outer loop
      vertex 18.5 37.5 0
      vertex 20 46 0
      vertex 20 39 0
    endloop
  endfacet
  facet normal -0 0 -1
    outer loop
      vertex 20 46 0
      vertex 18.5 37.5 0
      vertex 18.5 47.5 0
    endloop
  endfacet
  facet normal 0 0 -1
    outer loop
      vertex 32 28 0
      vertex 33.5 36.5 0
      vertex 33.5 26.5 0
    endloop
  endfacet
  facet normal 0 0 -1
    outer loop
      vertex 32 28 0
      vertex 32 35 0
      vertex 33.5 36.5 0
    endloop
  endfacet
  facet normal 0 0 -1
    outer loop
      vertex 20 28 0
      vertex 32 35 0
      vertex 32 28 0
    endloop
  endfacet
  facet normal 0 0 -1
    outer loop
      vertex 20 28 0
      vertex 20 35 0
      vertex 32 35 0
    endloop
  endfacet
  facet normal 0 0 -1
    outer loop
      vertex 18.5 26.5 0
      vertex 20 35 0
      vertex 20 28 0
    endloop
  endfacet
  facet normal -0 0 -1
    outer loop
      vertex 20 35 0
      vertex 18.5 26.5 0
      vertex 18.5 36.5 0
    endloop
  endfacet
  facet normal 0 0 -1
    outer loop
      vertex 56 116 0
      vertex 57.5 124.5 0
      vertex 57.5 114.5 0
    endloop
  endfacet
  facet normal 0 0 -1
    outer loop
      vertex 56 116 0
      vertex 56 123 0
      vertex 57.5 124.5 0
    endloop
  endfacet
  facet normal 0 0 -1
    outer loop
      vertex 44 116 0
      vertex 56 123 0
      vertex 56 116 0
    endloop
  endfacet
  facet normal 0 0 -1
    outer loop
      vertex 44 116 0
      vertex 44 123 0
      vertex 56 123 0
    endloop
  endfacet
  facet normal 0 0 -1
    outer loop
      vertex 42.5 114.5 0
      vertex 44 123 0
      vertex 44 116 0
    endloop
  endfacet
  facet normal -0 0 -1
    outer loop
      vertex 44 123 0
      vertex 42.5 114.5 0
      vertex 42.5 124.5 0
    endloop
  endfacet
  facet normal 0 0 -1
    outer loop
      vertex 56 105 0
      vertex 57.5 113.5 0
      vertex 57.5 103.5 0
    endloop
  endfacet
  facet normal 0 0 -1
    outer loop
      vertex 56 105 0
      vertex 56 112 0
      vertex 57.5 113.5 0
    endloop
  endfacet
  facet normal 0 0 -1
    outer loop
      vertex 44 105 0
      vertex 56 112 0
      vertex 56 105 0
    endloop
  endfacet
  facet normal 0 0 -1
    outer loop
      vertex 44 105 0
      vertex 44 112 0
      vertex 56 112 0
    endloop
  endfacet
  facet normal 0 0 -1
    outer loop
      vertex 42.5 103.5 0
      vertex 44 112 0
      vertex 44 105 0
    endloop
  endfacet
  facet normal -0 0 -1
    outer loop
      vertex 44 112 0
      vertex 42.5 103.5 0
      vertex 42.5 113.5 0
    endloop
  endfacet
  facet normal 0 0 -1
    outer loop
      vertex 56 94 0
      vertex 57.5 102.5 0
      vertex 57.5 92.5 0
    endloop
  endfacet
  facet normal 0 0 -1
    outer loop
      vertex 56 94 0
      vertex 56 101 0
      vertex 57.5 102.5 0
    endloop
  endfacet
  facet normal 0 0 -1
    outer loop
      vertex 44 94 0
      vertex 56 101 0
      vertex 56 94 0
    endloop
  endfacet
  facet normal 0 0 -1
    outer loop
      vertex 44 94 0
      vertex 44 101 0
      vertex 56 101 0
    endloop
  endfacet
  facet normal 0 0 -1
    outer loop
      vertex 42.5 92.5 0
      vertex 44 101 0
      vertex 44 94 0
    endloop
  endfacet
  facet normal -0 0 -1
    outer loop
      vertex 44 101 0
      vertex 42.5 92.5 0
      vertex 42.5 102.5 0
    endloop
  endfacet
  facet normal 0 0 -1
    outer loop
      vertex 56 83 0
      vertex 57.5 91.5 0
      vertex 57.5 81.5 0
    endloop
  endfacet
  facet normal 0 0 -1
    outer loop
      vertex 56 83 0
      vertex 56 90 0
      vertex 57.5 91.5 0
    endloop
  endfacet
  facet normal 0 0 -1
    outer loop
      vertex 44 83 0
      vertex 56 90 0
      vertex 56 83 0
    endloop
  endfacet
  facet normal 0 0 -1
    outer loop
      vertex 44 83 0
      vertex 44 90 0
      vertex 56 90 0
    endloop
  endfacet
  facet normal 0 0 -1
    outer loop
      vertex 42.5 81.5 0
      vertex 44 90 0
      vertex 44 83 0
    endloop
  endfacet
  facet normal -0 0 -1
    outer loop
      vertex 44 90 0
      vertex 42.5 81.5 0
      vertex 42.5 91.5 0
    endloop
  endfacet
  facet normal 0 0 -1
    outer loop
      vertex 56 72 0
      vertex 57.5 80.5 0
      vertex 57.5 70.5 0
    endloop
  endfacet
  facet normal 0 0 -1
    outer loop
      vertex 56 72 0
      vertex 56 79 0
      vertex 57.5 80.5 0
    endloop
  endfacet
  facet normal 0 0 -1
    outer loop
      vertex 44 72 0
      vertex 56 79 0
      vertex 56 72 0
    endloop
  endfacet
  facet normal 0 0 -1
    outer loop
      vertex 44 72 0
      vertex 44 79 0
      vertex 56 79 0
    endloop
  endfacet
  facet normal 0 0 -1
    outer loop
      vertex 42.5 70.5 0
      vertex 44 79 0
      vertex 44 72 0
    endloop
  endfacet
  facet normal -0 0 -1
    outer loop
      vertex 44 79 0
      vertex 42.5 70.5 0
      vertex 42.5 80.5 0
    endloop
  endfacet
  facet normal 0 0 -1
    outer loop
      vertex 56 61 0
      vertex 57.5 69.5 0
      vertex 57.5 59.5 0
    endloop
  endfacet
  facet normal 0 0 -1
    outer loop
      vertex 56 61 0
      vertex 56 68 0
      vertex 57.5 69.5 0
    endloop
  endfacet
  facet normal 0 0 -1
    outer loop
      vertex 44 61 0
      vertex 56 68 0
      vertex 56 61 0
    endloop
  endfacet
  facet normal 0 0 -1
    outer loop
      vertex 44 61 0
      vertex 44 68 0
      vertex 56 68 0
    endloop
  endfacet
  facet normal 0 0 -1
    outer loop
      vertex 42.5 59.5 0
      vertex 44 68 0
      vertex 44 61 0
    endloop
  endfacet
  facet normal -0 0 -1
    outer loop
      vertex 44 68 0
      vertex 42.5 59.5 0
      vertex 42.5 69.5 0
    endloop
  endfacet
  facet normal 0 0 -1
    outer loop
      vertex 56 50 0
      vertex 57.5 58.5 0
      vertex 57.5 48.5 0
    endloop
  endfacet
  facet normal 0 0 -1
    outer loop
      vertex 56 50 0
      vertex 56 57 0
      vertex 57.5 58.5 0
    endloop
  endfacet
  facet normal 0 0 -1
    outer loop
      vertex 44 50 0
      vertex 56 57 0
      vertex 56 50 0
    endloop
  endfacet
  facet normal 0 0 -1
    outer loop
      vertex 44 50 0
      vertex 44 57 0
      vertex 56 57 0
    endloop
  endfacet
  facet normal 0 0 -1
    outer loop
      vertex 42.5 48.5 0
      vertex 44 57 0
      vertex 44 50 0
    endloop
  endfacet
  facet normal -0 0 -1
    outer loop
      vertex 44 57 0
      vertex 42.5 48.5 0
      vertex 42.5 58.5 0
    endloop
  endfacet
  facet normal 0 0 -1
    outer loop
      vertex 56 39 0
      vertex 57.5 47.5 0
      vertex 57.5 37.5 0
    endloop
  endfacet
  facet normal 0 0 -1
    outer loop
      vertex 56 39 0
      vertex 56 46 0
      vertex 57.5 47.5 0
    endloop
  endfacet
  facet normal 0 0 -1
    outer loop
      vertex 44 39 0
      vertex 56 46 0
      vertex 56 39 0
    endloop
  endfacet
  facet normal 0 0 -1
    outer loop
      vertex 44 39 0
      vertex 44 46 0
      vertex 56 46 0
    endloop
  endfacet
  facet normal 0 0 -1
    outer loop
      vertex 42.5 37.5 0
      vertex 44 46 0
      vertex 44 39 0
    endloop
  endfacet
  facet normal -0 0 -1
    outer loop
      vertex 44 46 0
      vertex 42.5 37.5 0
      vertex 42.5 47.5 0
    endloop
  endfacet
  facet normal 0 0 -1
    outer loop
      vertex 56 28 0
      vertex 57.5 36.5 0
      vertex 57.5 26.5 0
    endloop
  endfacet
  facet normal 0 0 -1
    outer loop
      vertex 56 28 0
      vertex 56 35 0
      vertex 57.5 36.5 0
    endloop
  endfacet
  facet normal 0 0 -1
    outer loop
      vertex 44 28 0
      vertex 56 35 0
      vertex 56 28 0
    endloop
  endfacet
  facet normal 0 0 -1
    outer loop
      vertex 44 28 0
      vertex 44 35 0
      vertex 56 35 0
    endloop
  endfacet
  facet normal 0 0 -1
    outer loop
      vertex 42.5 26.5 0
      vertex 44 35 0
      vertex 44 28 0
    endloop
  endfacet
  facet normal -0 0 -1
    outer loop
      vertex 44 35 0
      vertex 42.5 26.5 0
      vertex 42.5 36.5 0
    endloop
  endfacet
  facet normal 0 0 -1
    outer loop
      vertex 80 116 0
      vertex 81.5 124.5 0
      vertex 81.5 114.5 0
    endloop
  endfacet
  facet normal 0 0 -1
    outer loop
      vertex 80 116 0
      vertex 80 123 0
      vertex 81.5 124.5 0
    endloop
  endfacet
  facet normal 0 0 -1
    outer loop
      vertex 68 116 0
      vertex 80 123 0
      vertex 80 116 0
    endloop
  endfacet
  facet normal 0 0 -1
    outer loop
      vertex 68 116 0
      vertex 68 123 0
      vertex 80 123 0
    endloop
  endfacet
  facet normal 0 0 -1
    outer loop
      vertex 66.5 114.5 0
      vertex 68 123 0
      vertex 68 116 0
    endloop
  endfacet
  facet normal -0 0 -1
    outer loop
      vertex 68 123 0
      vertex 66.5 114.5 0
      vertex 66.5 124.5 0
    endloop
  endfacet
  facet normal 0 0 -1
    outer loop
      vertex 80 105 0
      vertex 81.5 113.5 0
      vertex 81.5 103.5 0
    endloop
  endfacet
  facet normal 0 0 -1
    outer loop
      vertex 80 105 0
      vertex 80 112 0
      vertex 81.5 113.5 0
    endloop
  endfacet
  facet normal 0 0 -1
    outer loop
      vertex 68 105 0
      vertex 80 112 0
      vertex 80 105 0
    endloop
  endfacet
  facet normal 0 0 -1
    outer loop
      vertex 68 105 0
      vertex 68 112 0
      vertex 80 112 0
    endloop
  endfacet
  facet normal 0 0 -1
    outer loop
      vertex 66.5 103.5 0
      vertex 68 112 0
      vertex 68 105 0
    endloop
  endfacet
  facet normal -0 0 -1
    outer loop
      vertex 68 112 0
      vertex 66.5 103.5 0
      vertex 66.5 113.5 0
    endloop
  endfacet
  facet normal 0 0 -1
    outer loop
      vertex 80 94 0
      vertex 81.5 102.5 0
      vertex 81.5 92.5 0
    endloop
  endfacet
  facet normal 0 0 -1
    outer loop
      vertex 80 94 0
      vertex 80 101 0
      vertex 81.5 102.5 0
    endloop
  endfacet
  facet normal 0 0 -1
    outer loop
      vertex 68 94 0
      vertex 80 101 0
      vertex 80 94 0
    endloop
  endfacet
  facet normal 0 0 -1
    outer loop
      vertex 68 94 0
      vertex 68 101 0
      vertex 80 101 0
    endloop
  endfacet
  facet normal 0 0 -1
    outer loop
      vertex 66.5 92.5 0
      vertex 68 101 0
      vertex 68 94 0
    endloop
  endfacet
  facet normal -0 0 -1
    outer loop
      vertex 68 101 0
      vertex 66.5 92.5 0
      vertex 66.5 102.5 0
    endloop
  endfacet
  facet normal 0 0 -1
    outer loop
      vertex 80 83 0
      vertex 81.5 91.5 0
      vertex 81.5 81.5 0
    endloop
  endfacet
  facet normal 0 0 -1
    outer loop
      vertex 80 83 0
      vertex 80 90 0
      vertex 81.5 91.5 0
    endloop
  endfacet
  facet normal 0 0 -1
    outer loop
      vertex 68 83 0
      vertex 80 90 0
      vertex 80 83 0
    endloop
  endfacet
  facet normal 0 0 -1
    outer loop
      vertex 68 83 0
      vertex 68 90 0
      vertex 80 90 0
    endloop
  endfacet
  facet normal 0 0 -1
    outer loop
      vertex 66.5 81.5 0
      vertex 68 90 0
      vertex 68 83 0
    endloop
  endfacet
  facet normal -0 0 -1
    outer loop
      vertex 68 90 0
      vertex 66.5 81.5 0
      vertex 66.5 91.5 0
    endloop
  endfacet
  facet normal 0 0 -1
    outer loop
      vertex 80 72 0
      vertex 81.5 80.5 0
      vertex 81.5 70.5 0
    endloop
  endfacet
  facet normal 0 0 -1
    outer loop
      vertex 80 72 0
      vertex 80 79 0
      vertex 81.5 80.5 0
    endloop
  endfacet
  facet normal 0 0 -1
    outer loop
      vertex 68 72 0
      vertex 80 79 0
      vertex 80 72 0
    endloop
  endfacet
  facet normal 0 0 -1
    outer loop
      vertex 68 72 0
      vertex 68 79 0
      vertex 80 79 0
    endloop
  endfacet
  facet normal 0 0 -1
    outer loop
      vertex 66.5 70.5 0
      vertex 68 79 0
      vertex 68 72 0
    endloop
  endfacet
  facet normal -0 0 -1
    outer loop
      vertex 68 79 0
      vertex 66.5 70.5 0
      vertex 66.5 80.5 0
    endloop
  endfacet
  facet normal 0 0 -1
    outer loop
      vertex 80 61 0
      vertex 81.5 69.5 0
      vertex 81.5 59.5 0
    endloop
  endfacet
  facet normal 0 0 -1
    outer loop
      vertex 80 61 0
      vertex 80 68 0
      vertex 81.5 69.5 0
    endloop
  endfacet
  facet normal 0 0 -1
    outer loop
      vertex 68 61 0
      vertex 80 68 0
      vertex 80 61 0
    endloop
  endfacet
  facet normal 0 0 -1
    outer loop
      vertex 68 61 0
      vertex 68 68 0
      vertex 80 68 0
    endloop
  endfacet
  facet normal 0 0 -1
    outer loop
      vertex 66.5 59.5 0
      vertex 68 68 0
      vertex 68 61 0
    endloop
  endfacet
  facet normal -0 0 -1
    outer loop
      vertex 68 68 0
      vertex 66.5 59.5 0
      vertex 66.5 69.5 0
    endloop
  endfacet
  facet normal 0 0 -1
    outer loop
      vertex 80 50 0
      vertex 81.5 58.5 0
      vertex 81.5 48.5 0
    endloop
  endfacet
  facet normal 0 0 -1
    outer loop
      vertex 80 50 0
      vertex 80 57 0
      vertex 81.5 58.5 0
    endloop
  endfacet
  facet normal 0 0 -1
    outer loop
      vertex 68 50 0
      vertex 80 57 0
      vertex 80 50 0
    endloop
  endfacet
  facet normal 0 0 -1
    outer loop
      vertex 68 50 0
      vertex 68 57 0
      vertex 80 57 0
    endloop
  endfacet
  facet normal 0 0 -1
    outer loop
      vertex 66.5 48.5 0
      vertex 68 57 0
      vertex 68 50 0
    endloop
  endfacet
  facet normal -0 0 -1
    outer loop
      vertex 68 57 0
      vertex 66.5 48.5 0
      vertex 66.5 58.5 0
    endloop
  endfacet
  facet normal 0 0 -1
    outer loop
      vertex 80 39 0
      vertex 81.5 47.5 0
      vertex 81.5 37.5 0
    endloop
  endfacet
  facet normal 0 0 -1
    outer loop
      vertex 80 39 0
      vertex 80 46 0
      vertex 81.5 47.5 0
    endloop
  endfacet
  facet normal 0 0 -1
    outer loop
      vertex 68 39 0
      vertex 80 46 0
      vertex 80 39 0
    endloop
  endfacet
  facet normal 0 0 -1
    outer loop
      vertex 68 39 0
      vertex 68 46 0
      vertex 80 46 0
    endloop
  endfacet
  facet normal 0 0 -1
    outer loop
      vertex 66.5 37.5 0
      vertex 68 46 0
      vertex 68 39 0
    endloop
  endfacet
  facet normal -0 0 -1
    outer loop
      vertex 68 46 0
      vertex 66.5 37.5 0
      vertex 66.5 47.5 0
    endloop
  endfacet
  facet normal 0 0 -1
    outer loop
      vertex 80 28 0
      vertex 81.5 36.5 0
      vertex 81.5 26.5 0
    endloop
  endfacet
  facet normal 0 0 -1
    outer loop
      vertex 80 28 0
      vertex 80 35 0
      vertex 81.5 36.5 0
    endloop
  endfacet
  facet normal 0 0 -1
    outer loop
      vertex 68 28 0
      vertex 80 35 0
      vertex 80 28 0
    endloop
  endfacet
  facet normal 0 0 -1
    outer loop
      vertex 68 28 0
      vertex 68 35 0
      vertex 80 35 0
    endloop
  endfacet
  facet normal 0 0 -1
    outer loop
      vertex 66.5 26.5 0
      vertex 68 35 0
      vertex 68 28 0
    endloop
  endfacet
  facet normal -0 0 -1
    outer loop
      vertex 68 35 0
      vertex 66.5 26.5 0
      vertex 66.5 36.5 0
    endloop
  endfacet
  facet normal 0 0 -1
    outer loop
      vertex 80 24 0
      vertex 82.7411 20.5418 0
      vertex 81.3081 19.2723 0
    endloop
  endfacet
  facet normal 0 0 -1
    outer loop
      vertex 80 24 0
      vertex 81.3081 19.2723 0
      vertex 80.6 17 0
    endloop
  endfacet
  facet normal 0 0 -1
    outer loop
      vertex 82.7411 20.5418 0
      vertex 80 24 0
      vertex 81.5 25.5 0
    endloop
  endfacet
  facet normal 0 0 -1
    outer loop
      vertex 104 116 0
      vertex 105.5 124.5 0
      vertex 105.5 114.5 0
    endloop
  endfacet
  facet normal 0 0 -1
    outer loop
      vertex 104 116 0
      vertex 104 123 0
      vertex 105.5 124.5 0
    endloop
  endfacet
  facet normal 0 0 -1
    outer loop
      vertex 92 116 0
      vertex 104 123 0
      vertex 104 116 0
    endloop
  endfacet
  facet normal 0 0 -1
    outer loop
      vertex 92 116 0
      vertex 92 123 0
      vertex 104 123 0
    endloop
  endfacet
  facet normal 0 0 -1
    outer loop
      vertex 90.5 114.5 0
      vertex 92 123 0
      vertex 92 116 0
    endloop
  endfacet
  facet normal -0 0 -1
    outer loop
      vertex 92 123 0
      vertex 90.5 114.5 0
      vertex 90.5 124.5 0
    endloop
  endfacet
  facet normal 0 0 -1
    outer loop
      vertex 104 105 0
      vertex 105.5 113.5 0
      vertex 105.5 103.5 0
    endloop
  endfacet
  facet normal 0 0 -1
    outer loop
      vertex 104 105 0
      vertex 104 112 0
      vertex 105.5 113.5 0
    endloop
  endfacet
  facet normal 0 0 -1
    outer loop
      vertex 92 105 0
      vertex 104 112 0
      vertex 104 105 0
    endloop
  endfacet
  facet normal 0 0 -1
    outer loop
      vertex 92 105 0
      vertex 92 112 0
      vertex 104 112 0
    endloop
  endfacet
  facet normal 0 0 -1
    outer loop
      vertex 90.5 103.5 0
      vertex 92 112 0
      vertex 92 105 0
    endloop
  endfacet
  facet normal -0 0 -1
    outer loop
      vertex 92 112 0
      vertex 90.5 103.5 0
      vertex 90.5 113.5 0
    endloop
  endfacet
  facet normal 0 0 -1
    outer loop
      vertex 104 94 0
      vertex 105.5 102.5 0
      vertex 105.5 92.5 0
    endloop
  endfacet
  facet normal 0 0 -1
    outer loop
      vertex 104 94 0
      vertex 104 101 0
      vertex 105.5 102.5 0
    endloop
  endfacet
  facet normal 0 0 -1
    outer loop
      vertex 92 94 0
      vertex 104 101 0
      vertex 104 94 0
    endloop
  endfacet
  facet normal 0 0 -1
    outer loop
      vertex 92 94 0
      vertex 92 101 0
      vertex 104 101 0
    endloop
  endfacet
  facet normal 0 0 -1
    outer loop
      vertex 90.5 92.5 0
      vertex 92 101 0
      vertex 92 94 0
    endloop
  endfacet
  facet normal -0 0 -1
    outer loop
      vertex 92 101 0
      vertex 90.5 92.5 0
      vertex 90.5 102.5 0
    endloop
  endfacet
  facet normal 0 0 -1
    outer loop
      vertex 104 83 0
      vertex 105.5 91.5 0
      vertex 105.5 81.5 0
    endloop
  endfacet
  facet normal 0 0 -1
    outer loop
      vertex 104 83 0
      vertex 104 90 0
      vertex 105.5 91.5 0
    endloop
  endfacet
  facet normal 0 0 -1
    outer loop
      vertex 92 83 0
      vertex 104 90 0
      vertex 104 83 0
    endloop
  endfacet
  facet normal 0 0 -1
    outer loop
      vertex 92 83 0
      vertex 92 90 0
      vertex 104 90 0
    endloop
  endfacet
  facet normal 0 0 -1
    outer loop
      vertex 90.5 81.5 0
      vertex 92 90 0
      vertex 92 83 0
    endloop
  endfacet
  facet normal -0 0 -1
    outer loop
      vertex 92 90 0
      vertex 90.5 81.5 0
      vertex 90.5 91.5 0
    endloop
  endfacet
  facet normal 0 0 -1
    outer loop
      vertex 104 72 0
      vertex 105.5 80.5 0
      vertex 105.5 70.5 0
    endloop
  endfacet
  facet normal 0 0 -1
    outer loop
      vertex 104 72 0
      vertex 104 79 0
      vertex 105.5 80.5 0
    endloop
  endfacet
  facet normal 0 0 -1
    outer loop
      vertex 92 72 0
      vertex 104 79 0
      vertex 104 72 0
    endloop
  endfacet
  facet normal 0 0 -1
    outer loop
      vertex 92 72 0
      vertex 92 79 0
      vertex 104 79 0
    endloop
  endfacet
  facet normal 0 0 -1
    outer loop
      vertex 90.5 70.5 0
      vertex 92 79 0
      vertex 92 72 0
    endloop
  endfacet
  facet normal -0 0 -1
    outer loop
      vertex 92 79 0
      vertex 90.5 70.5 0
      vertex 90.5 80.5 0
    endloop
  endfacet
  facet normal 0 0 -1
    outer loop
      vertex 104 61 0
      vertex 105.5 69.5 0
      vertex 105.5 59.5 0
    endloop
  endfacet
  facet normal 0 0 -1
    outer loop
      vertex 104 61 0
      vertex 104 68 0
      vertex 105.5 69.5 0
    endloop
  endfacet
  facet normal 0 0 -1
    outer loop
      vertex 92 61 0
      vertex 104 68 0
      vertex 104 61 0
    endloop
  endfacet
  facet normal 0 0 -1
    outer loop
      vertex 92 61 0
      vertex 92 68 0
      vertex 104 68 0
    endloop
  endfacet
  facet normal 0 0 -1
    outer loop
      vertex 90.5 59.5 0
      vertex 92 68 0
      vertex 92 61 0
    endloop
  endfacet
  facet normal -0 0 -1
    outer loop
      vertex 92 68 0
      vertex 90.5 59.5 0
      vertex 90.5 69.5 0
    endloop
  endfacet
  facet normal 0 0 -1
    outer loop
      vertex 104 50 0
      vertex 105.5 58.5 0
      vertex 105.5 48.5 0
    endloop
  endfacet
  facet normal 0 0 -1
    outer loop
      vertex 104 50 0
      vertex 104 57 0
      vertex 105.5 58.5 0
    endloop
  endfacet
  facet normal 0 0 -1
    outer loop
      vertex 92 50 0
      vertex 104 57 0
      vertex 104 50 0
    endloop
  endfacet
  facet normal 0 0 -1
    outer loop
      vertex 92 50 0
      vertex 92 57 0
      vertex 104 57 0
    endloop
  endfacet
  facet normal 0 0 -1
    outer loop
      vertex 90.5 48.5 0
      vertex 92 57 0
      vertex 92 50 0
    endloop
  endfacet
  facet normal -0 0 -1
    outer loop
      vertex 92 57 0
      vertex 90.5 48.5 0
      vertex 90.5 58.5 0
    endloop
  endfacet
  facet normal 0 0 -1
    outer loop
      vertex 104 39 0
      vertex 105.5 47.5 0
      vertex 105.5 37.5 0
    endloop
  endfacet
  facet normal 0 0 -1
    outer loop
      vertex 104 39 0
      vertex 104 46 0
      vertex 105.5 47.5 0
    endloop
  endfacet
  facet normal 0 0 -1
    outer loop
      vertex 92 39 0
      vertex 104 46 0
      vertex 104 39 0
    endloop
  endfacet
  facet normal 0 0 -1
    outer loop
      vertex 92 39 0
      vertex 92 46 0
      vertex 104 46 0
    endloop
  endfacet
  facet normal 0 0 -1
    outer loop
      vertex 90.5 37.5 0
      vertex 92 46 0
      vertex 92 39 0
    endloop
  endfacet
  facet normal -0 0 -1
    outer loop
      vertex 92 46 0
      vertex 90.5 37.5 0
      vertex 90.5 47.5 0
    endloop
  endfacet
  facet normal 0 0 -1
    outer loop
      vertex 104 28 0
      vertex 105.5 36.5 0
      vertex 105.5 26.5 0
    endloop
  endfacet
  facet normal 0 0 -1
    outer loop
      vertex 104 28 0
      vertex 104 35 0
      vertex 105.5 36.5 0
    endloop
  endfacet
  facet normal 0 0 -1
    outer loop
      vertex 92 28 0
      vertex 104 35 0
      vertex 104 28 0
    endloop
  endfacet
  facet normal 0 0 -1
    outer loop
      vertex 92 28 0
      vertex 92 35 0
      vertex 104 35 0
    endloop
  endfacet
  facet normal 0 0 -1
    outer loop
      vertex 90.5 26.5 0
      vertex 92 35 0
      vertex 92 28 0
    endloop
  endfacet
  facet normal -0 0 -1
    outer loop
      vertex 92 35 0
      vertex 90.5 26.5 0
      vertex 90.5 36.5 0
    endloop
  endfacet
  facet normal 0 0 -1
    outer loop
      vertex 128 116 0
      vertex 129.5 124.5 0
      vertex 129.5 114.5 0
    endloop
  endfacet
  facet normal 0 0 -1
    outer loop
      vertex 128 116 0
      vertex 128 123 0
      vertex 129.5 124.5 0
    endloop
  endfacet
  facet normal 0 0 -1
    outer loop
      vertex 116 116 0
      vertex 128 123 0
      vertex 128 116 0
    endloop
  endfacet
  facet normal 0 0 -1
    outer loop
      vertex 116 116 0
      vertex 116 123 0
      vertex 128 123 0
    endloop
  endfacet
  facet normal 0 0 -1
    outer loop
      vertex 114.5 114.5 0
      vertex 116 123 0
      vertex 116 116 0
    endloop
  endfacet
  facet normal -0 0 -1
    outer loop
      vertex 116 123 0
      vertex 114.5 114.5 0
      vertex 114.5 124.5 0
    endloop
  endfacet
  facet normal 0 0 -1
    outer loop
      vertex 128 105 0
      vertex 129.5 113.5 0
      vertex 129.5 103.5 0
    endloop
  endfacet
  facet normal 0 0 -1
    outer loop
      vertex 128 105 0
      vertex 128 112 0
      vertex 129.5 113.5 0
    endloop
  endfacet
  facet normal 0 0 -1
    outer loop
      vertex 116 105 0
      vertex 128 112 0
      vertex 128 105 0
    endloop
  endfacet
  facet normal 0 0 -1
    outer loop
      vertex 116 105 0
      vertex 116 112 0
      vertex 128 112 0
    endloop
  endfacet
  facet normal 0 0 -1
    outer loop
      vertex 114.5 103.5 0
      vertex 116 112 0
      vertex 116 105 0
    endloop
  endfacet
  facet normal -0 0 -1
    outer loop
      vertex 116 112 0
      vertex 114.5 103.5 0
      vertex 114.5 113.5 0
    endloop
  endfacet
  facet normal 0 0 -1
    outer loop
      vertex 128 94 0
      vertex 129.5 102.5 0
      vertex 129.5 92.5 0
    endloop
  endfacet
  facet normal 0 0 -1
    outer loop
      vertex 128 94 0
      vertex 128 101 0
      vertex 129.5 102.5 0
    endloop
  endfacet
  facet normal 0 0 -1
    outer loop
      vertex 116 94 0
      vertex 128 101 0
      vertex 128 94 0
    endloop
  endfacet
  facet normal 0 0 -1
    outer loop
      vertex 116 94 0
      vertex 116 101 0
      vertex 128 101 0
    endloop
  endfacet
  facet normal 0 0 -1
    outer loop
      vertex 114.5 92.5 0
      vertex 116 101 0
      vertex 116 94 0
    endloop
  endfacet
  facet normal -0 0 -1
    outer loop
      vertex 116 101 0
      vertex 114.5 92.5 0
      vertex 114.5 102.5 0
    endloop
  endfacet
  facet normal 0 0 -1
    outer loop
      vertex 128 83 0
      vertex 129.5 91.5 0
      vertex 129.5 81.5 0
    endloop
  endfacet
  facet normal 0 0 -1
    outer loop
      vertex 128 83 0
      vertex 128 90 0
      vertex 129.5 91.5 0
    endloop
  endfacet
  facet normal 0 0 -1
    outer loop
      vertex 116 83 0
      vertex 128 90 0
      vertex 128 83 0
    endloop
  endfacet
  facet normal 0 0 -1
    outer loop
      vertex 116 83 0
      vertex 116 90 0
      vertex 128 90 0
    endloop
  endfacet
  facet normal 0 0 -1
    outer loop
      vertex 114.5 81.5 0
      vertex 116 90 0
      vertex 116 83 0
    endloop
  endfacet
  facet normal -0 0 -1
    outer loop
      vertex 116 90 0
      vertex 114.5 81.5 0
      vertex 114.5 91.5 0
    endloop
  endfacet
  facet normal 0 0 -1
    outer loop
      vertex 128 72 0
      vertex 129.5 80.5 0
      vertex 129.5 70.5 0
    endloop
  endfacet
  facet normal 0 0 -1
    outer loop
      vertex 128 72 0
      vertex 128 79 0
      vertex 129.5 80.5 0
    endloop
  endfacet
  facet normal 0 0 -1
    outer loop
      vertex 116 72 0
      vertex 128 79 0
      vertex 128 72 0
    endloop
  endfacet
  facet normal 0 0 -1
    outer loop
      vertex 116 72 0
      vertex 116 79 0
      vertex 128 79 0
    endloop
  endfacet
  facet normal 0 0 -1
    outer loop
      vertex 114.5 70.5 0
      vertex 116 79 0
      vertex 116 72 0
    endloop
  endfacet
  facet normal -0 0 -1
    outer loop
      vertex 116 79 0
      vertex 114.5 70.5 0
      vertex 114.5 80.5 0
    endloop
  endfacet
  facet normal 0 0 -1
    outer loop
      vertex 128 61 0
      vertex 129.5 69.5 0
      vertex 129.5 59.5 0
    endloop
  endfacet
  facet normal 0 0 -1
    outer loop
      vertex 128 61 0
      vertex 128 68 0
      vertex 129.5 69.5 0
    endloop
  endfacet
  facet normal 0 0 -1
    outer loop
      vertex 116 61 0
      vertex 128 68 0
      vertex 128 61 0
    endloop
  endfacet
  facet normal 0 0 -1
    outer loop
      vertex 116 61 0
      vertex 116 68 0
      vertex 128 68 0
    endloop
  endfacet
  facet normal 0 0 -1
    outer loop
      vertex 114.5 59.5 0
      vertex 116 68 0
      vertex 116 61 0
    endloop
  endfacet
  facet normal -0 0 -1
    outer loop
      vertex 116 68 0
      vertex 114.5 59.5 0
      vertex 114.5 69.5 0
    endloop
  endfacet
  facet normal 0 0 -1
    outer loop
      vertex 128 50 0
      vertex 129.5 58.5 0
      vertex 129.5 48.5 0
    endloop
  endfacet
  facet normal 0 0 -1
    outer loop
      vertex 128 50 0
      vertex 128 57 0
      vertex 129.5 58.5 0
    endloop
  endfacet
  facet normal 0 0 -1
    outer loop
      vertex 116 50 0
      vertex 128 57 0
      vertex 128 50 0
    endloop
  endfacet
  facet normal 0 0 -1
    outer loop
      vertex 116 50 0
      vertex 116 57 0
      vertex 128 57 0
    endloop
  endfacet
  facet normal 0 0 -1
    outer loop
      vertex 114.5 48.5 0
      vertex 116 57 0
      vertex 116 50 0
    endloop
  endfacet
  facet normal -0 0 -1
    outer loop
      vertex 116 57 0
      vertex 114.5 48.5 0
      vertex 114.5 58.5 0
    endloop
  endfacet
  facet normal 0 0 -1
    outer loop
      vertex 128 39 0
      vertex 129.5 47.5 0
      vertex 129.5 37.5 0
    endloop
  endfacet
  facet normal 0 0 -1
    outer loop
      vertex 128 39 0
      vertex 128 46 0
      vertex 129.5 47.5 0
    endloop
  endfacet
  facet normal 0 0 -1
    outer loop
      vertex 116 39 0
      vertex 128 46 0
      vertex 128 39 0
    endloop
  endfacet
  facet normal 0 0 -1
    outer loop
      vertex 116 39 0
      vertex 116 46 0
      vertex 128 46 0
    endloop
  endfacet
  facet normal 0 0 -1
    outer loop
      vertex 114.5 37.5 0
      vertex 116 46 0
      vertex 116 39 0
    endloop
  endfacet
  facet normal -0 0 -1
    outer loop
      vertex 116 46 0
      vertex 114.5 37.5 0
      vertex 114.5 47.5 0
    endloop
  endfacet
  facet normal 0 0 -1
    outer loop
      vertex 128 28 0
      vertex 129.5 36.5 0
      vertex 129.5 26.5 0
    endloop
  endfacet
  facet normal 0 0 -1
    outer loop
      vertex 128 28 0
      vertex 128 35 0
      vertex 129.5 36.5 0
    endloop
  endfacet
  facet normal 0 0 -1
    outer loop
      vertex 116 28 0
      vertex 128 35 0
      vertex 128 28 0
    endloop
  endfacet
  facet normal 0 0 -1
    outer loop
      vertex 116 28 0
      vertex 116 35 0
      vertex 128 35 0
    endloop
  endfacet
  facet normal 0 0 -1
    outer loop
      vertex 114.5 26.5 0
      vertex 116 35 0
      vertex 116 28 0
    endloop
  endfacet
  facet normal -0 0 -1
    outer loop
      vertex 116 35 0
      vertex 114.5 26.5 0
      vertex 114.5 36.5 0
    endloop
  endfacet
  facet normal 0 0 -1
    outer loop
      vertex 152 116 0
      vertex 153.5 124.5 0
      vertex 153.5 114.5 0
    endloop
  endfacet
  facet normal 0 0 -1
    outer loop
      vertex 152 116 0
      vertex 152 123 0
      vertex 153.5 124.5 0
    endloop
  endfacet
  facet normal 0 0 -1
    outer loop
      vertex 140 116 0
      vertex 152 123 0
      vertex 152 116 0
    endloop
  endfacet
  facet normal 0 0 -1
    outer loop
      vertex 140 116 0
      vertex 140 123 0
      vertex 152 123 0
    endloop
  endfacet
  facet normal 0 0 -1
    outer loop
      vertex 138.5 114.5 0
      vertex 140 123 0
      vertex 140 116 0
    endloop
  endfacet
  facet normal -0 0 -1
    outer loop
      vertex 140 123 0
      vertex 138.5 114.5 0
      vertex 138.5 124.5 0
    endloop
  endfacet
  facet normal 0 0 -1
    outer loop
      vertex 152 105 0
      vertex 153.5 113.5 0
      vertex 153.5 103.5 0
    endloop
  endfacet
  facet normal 0 0 -1
    outer loop
      vertex 152 105 0
      vertex 152 112 0
      vertex 153.5 113.5 0
    endloop
  endfacet
  facet normal 0 0 -1
    outer loop
      vertex 140 105 0
      vertex 152 112 0
      vertex 152 105 0
    endloop
  endfacet
  facet normal 0 0 -1
    outer loop
      vertex 140 105 0
      vertex 140 112 0
      vertex 152 112 0
    endloop
  endfacet
  facet normal 0 0 -1
    outer loop
      vertex 138.5 103.5 0
      vertex 140 112 0
      vertex 140 105 0
    endloop
  endfacet
  facet normal -0 0 -1
    outer loop
      vertex 140 112 0
      vertex 138.5 103.5 0
      vertex 138.5 113.5 0
    endloop
  endfacet
  facet normal 0 0 -1
    outer loop
      vertex 152 94 0
      vertex 153.5 102.5 0
      vertex 153.5 92.5 0
    endloop
  endfacet
  facet normal 0 0 -1
    outer loop
      vertex 152 94 0
      vertex 152 101 0
      vertex 153.5 102.5 0
    endloop
  endfacet
  facet normal 0 0 -1
    outer loop
      vertex 140 94 0
      vertex 152 101 0
      vertex 152 94 0
    endloop
  endfacet
  facet normal 0 0 -1
    outer loop
      vertex 140 94 0
      vertex 140 101 0
      vertex 152 101 0
    endloop
  endfacet
  facet normal 0 0 -1
    outer loop
      vertex 138.5 92.5 0
      vertex 140 101 0
      vertex 140 94 0
    endloop
  endfacet
  facet normal -0 0 -1
    outer loop
      vertex 140 101 0
      vertex 138.5 92.5 0
      vertex 138.5 102.5 0
    endloop
  endfacet
  facet normal 0 0 -1
    outer loop
      vertex 152 83 0
      vertex 153.5 91.5 0
      vertex 153.5 81.5 0
    endloop
  endfacet
  facet normal 0 0 -1
    outer loop
      vertex 152 83 0
      vertex 152 90 0
      vertex 153.5 91.5 0
    endloop
  endfacet
  facet normal 0 0 -1
    outer loop
      vertex 140 83 0
      vertex 152 90 0
      vertex 152 83 0
    endloop
  endfacet
  facet normal 0 0 -1
    outer loop
      vertex 140 83 0
      vertex 140 90 0
      vertex 152 90 0
    endloop
  endfacet
  facet normal 0 0 -1
    outer loop
      vertex 138.5 81.5 0
      vertex 140 90 0
      vertex 140 83 0
    endloop
  endfacet
  facet normal -0 0 -1
    outer loop
      vertex 140 90 0
      vertex 138.5 81.5 0
      vertex 138.5 91.5 0
    endloop
  endfacet
  facet normal 0 0 -1
    outer loop
      vertex 152 72 0
      vertex 153.5 80.5 0
      vertex 153.5 70.5 0
    endloop
  endfacet
  facet normal 0 0 -1
    outer loop
      vertex 152 72 0
      vertex 152 79 0
      vertex 153.5 80.5 0
    endloop
  endfacet
  facet normal 0 0 -1
    outer loop
      vertex 140 72 0
      vertex 152 79 0
      vertex 152 72 0
    endloop
  endfacet
  facet normal 0 0 -1
    outer loop
      vertex 140 72 0
      vertex 140 79 0
      vertex 152 79 0
    endloop
  endfacet
  facet normal 0 0 -1
    outer loop
      vertex 138.5 70.5 0
      vertex 140 79 0
      vertex 140 72 0
    endloop
  endfacet
  facet normal -0 0 -1
    outer loop
      vertex 140 79 0
      vertex 138.5 70.5 0
      vertex 138.5 80.5 0
    endloop
  endfacet
  facet normal 0 0 -1
    outer loop
      vertex 152 61 0
      vertex 153.5 69.5 0
      vertex 153.5 59.5 0
    endloop
  endfacet
  facet normal 0 0 -1
    outer loop
      vertex 152 61 0
      vertex 152 68 0
      vertex 153.5 69.5 0
    endloop
  endfacet
  facet normal 0 0 -1
    outer loop
      vertex 140 61 0
      vertex 152 68 0
      vertex 152 61 0
    endloop
  endfacet
  facet normal 0 0 -1
    outer loop
      vertex 140 61 0
      vertex 140 68 0
      vertex 152 68 0
    endloop
  endfacet
  facet normal 0 0 -1
    outer loop
      vertex 138.5 59.5 0
      vertex 140 68 0
      vertex 140 61 0
    endloop
  endfacet
  facet normal -0 0 -1
    outer loop
      vertex 140 68 0
      vertex 138.5 59.5 0
      vertex 138.5 69.5 0
    endloop
  endfacet
  facet normal 0 0 -1
    outer loop
      vertex 152 50 0
      vertex 153.5 58.5 0
      vertex 153.5 48.5 0
    endloop
  endfacet
  facet normal 0 0 -1
    outer loop
      vertex 152 50 0
      vertex 152 57 0
      vertex 153.5 58.5 0
    endloop
  endfacet
  facet normal 0 0 -1
    outer loop
      vertex 140 50 0
      vertex 152 57 0
      vertex 152 50 0
    endloop
  endfacet
  facet normal 0 0 -1
    outer loop
      vertex 140 50 0
      vertex 140 57 0
      vertex 152 57 0
    endloop
  endfacet
  facet normal 0 0 -1
    outer loop
      vertex 138.5 48.5 0
      vertex 140 57 0
      vertex 140 50 0
    endloop
  endfacet
  facet normal -0 0 -1
    outer loop
      vertex 140 57 0
      vertex 138.5 48.5 0
      vertex 138.5 58.5 0
    endloop
  endfacet
  facet normal 0 0 -1
    outer loop
      vertex 152 39 0
      vertex 153.5 47.5 0
      vertex 153.5 37.5 0
    endloop
  endfacet
  facet normal 0 0 -1
    outer loop
      vertex 152 39 0
      vertex 152 46 0
      vertex 153.5 47.5 0
    endloop
  endfacet
  facet normal 0 0 -1
    outer loop
      vertex 140 39 0
      vertex 152 46 0
      vertex 152 39 0
    endloop
  endfacet
  facet normal 0 0 -1
    outer loop
      vertex 140 39 0
      vertex 140 46 0
      vertex 152 46 0
    endloop
  endfacet
  facet normal 0 0 -1
    outer loop
      vertex 138.5 37.5 0
      vertex 140 46 0
      vertex 140 39 0
    endloop
  endfacet
  facet normal -0 0 -1
    outer loop
      vertex 140 46 0
      vertex 138.5 37.5 0
      vertex 138.5 47.5 0
    endloop
  endfacet
  facet normal 0 0 -1
    outer loop
      vertex 152 28 0
      vertex 153.5 36.5 0
      vertex 153.5 26.5 0
    endloop
  endfacet
  facet normal 0 0 -1
    outer loop
      vertex 152 28 0
      vertex 152 35 0
      vertex 153.5 36.5 0
    endloop
  endfacet
  facet normal 0 0 -1
    outer loop
      vertex 140 28 0
      vertex 152 35 0
      vertex 152 28 0
    endloop
  endfacet
  facet normal 0 0 -1
    outer loop
      vertex 140 28 0
      vertex 140 35 0
      vertex 152 35 0
    endloop
  endfacet
  facet normal 0 0 -1
    outer loop
      vertex 138.5 26.5 0
      vertex 140 35 0
      vertex 140 28 0
    endloop
  endfacet
  facet normal -0 0 -1
    outer loop
      vertex 140 35 0
      vertex 138.5 26.5 0
      vertex 138.5 36.5 0
    endloop
  endfacet
  facet normal 0 0 -1
    outer loop
      vertex 176 116 0
      vertex 177.5 124.5 0
      vertex 177.5 114.5 0
    endloop
  endfacet
  facet normal 0 0 -1
    outer loop
      vertex 176 116 0
      vertex 176 123 0
      vertex 177.5 124.5 0
    endloop
  endfacet
  facet normal 0 0 -1
    outer loop
      vertex 164 116 0
      vertex 176 123 0
      vertex 176 116 0
    endloop
  endfacet
  facet normal 0 0 -1
    outer loop
      vertex 164 116 0
      vertex 164 123 0
      vertex 176 123 0
    endloop
  endfacet
  facet normal 0 0 -1
    outer loop
      vertex 162.5 114.5 0
      vertex 164 123 0
      vertex 164 116 0
    endloop
  endfacet
  facet normal -0 0 -1
    outer loop
      vertex 164 123 0
      vertex 162.5 114.5 0
      vertex 162.5 124.5 0
    endloop
  endfacet
  facet normal 0 0 -1
    outer loop
      vertex 176 105 0
      vertex 177.5 113.5 0
      vertex 177.5 103.5 0
    endloop
  endfacet
  facet normal 0 0 -1
    outer loop
      vertex 176 105 0
      vertex 176 112 0
      vertex 177.5 113.5 0
    endloop
  endfacet
  facet normal 0 0 -1
    outer loop
      vertex 164 105 0
      vertex 176 112 0
      vertex 176 105 0
    endloop
  endfacet
  facet normal 0 0 -1
    outer loop
      vertex 164 105 0
      vertex 164 112 0
      vertex 176 112 0
    endloop
  endfacet
  facet normal 0 0 -1
    outer loop
      vertex 162.5 103.5 0
      vertex 164 112 0
      vertex 164 105 0
    endloop
  endfacet
  facet normal -0 0 -1
    outer loop
      vertex 164 112 0
      vertex 162.5 103.5 0
      vertex 162.5 113.5 0
    endloop
  endfacet
  facet normal 0 0 -1
    outer loop
      vertex 176 94 0
      vertex 177.5 102.5 0
      vertex 177.5 92.5 0
    endloop
  endfacet
  facet normal 0 0 -1
    outer loop
      vertex 176 94 0
      vertex 176 101 0
      vertex 177.5 102.5 0
    endloop
  endfacet
  facet normal 0 0 -1
    outer loop
      vertex 164 94 0
      vertex 176 101 0
      vertex 176 94 0
    endloop
  endfacet
  facet normal 0 0 -1
    outer loop
      vertex 164 94 0
      vertex 164 101 0
      vertex 176 101 0
    endloop
  endfacet
  facet normal 0 0 -1
    outer loop
      vertex 162.5 92.5 0
      vertex 164 101 0
      vertex 164 94 0
    endloop
  endfacet
  facet normal -0 0 -1
    outer loop
      vertex 164 101 0
      vertex 162.5 92.5 0
      vertex 162.5 102.5 0
    endloop
  endfacet
  facet normal 0 0 -1
    outer loop
      vertex 176 83 0
      vertex 177.5 91.5 0
      vertex 177.5 81.5 0
    endloop
  endfacet
  facet normal 0 0 -1
    outer loop
      vertex 176 83 0
      vertex 176 90 0
      vertex 177.5 91.5 0
    endloop
  endfacet
  facet normal 0 0 -1
    outer loop
      vertex 164 83 0
      vertex 176 90 0
      vertex 176 83 0
    endloop
  endfacet
  facet normal 0 0 -1
    outer loop
      vertex 164 83 0
      vertex 164 90 0
      vertex 176 90 0
    endloop
  endfacet
  facet normal 0 0 -1
    outer loop
      vertex 162.5 81.5 0
      vertex 164 90 0
      vertex 164 83 0
    endloop
  endfacet
  facet normal -0 0 -1
    outer loop
      vertex 164 90 0
      vertex 162.5 81.5 0
      vertex 162.5 91.5 0
    endloop
  endfacet
  facet normal 0 0 -1
    outer loop
      vertex 176 72 0
      vertex 177.5 80.5 0
      vertex 177.5 70.5 0
    endloop
  endfacet
  facet normal 0 0 -1
    outer loop
      vertex 176 72 0
      vertex 176 79 0
      vertex 177.5 80.5 0
    endloop
  endfacet
  facet normal 0 0 -1
    outer loop
      vertex 164 72 0
      vertex 176 79 0
      vertex 176 72 0
    endloop
  endfacet
  facet normal 0 0 -1
    outer loop
      vertex 164 72 0
      vertex 164 79 0
      vertex 176 79 0
    endloop
  endfacet
  facet normal 0 0 -1
    outer loop
      vertex 162.5 70.5 0
      vertex 164 79 0
      vertex 164 72 0
    endloop
  endfacet
  facet normal -0 0 -1
    outer loop
      vertex 164 79 0
      vertex 162.5 70.5 0
      vertex 162.5 80.5 0
    endloop
  endfacet
  facet normal 0 0 -1
    outer loop
      vertex 176 61 0
      vertex 177.5 69.5 0
      vertex 177.5 59.5 0
    endloop
  endfacet
  facet normal 0 0 -1
    outer loop
      vertex 176 61 0
      vertex 176 68 0
      vertex 177.5 69.5 0
    endloop
  endfacet
  facet normal 0 0 -1
    outer loop
      vertex 164 61 0
      vertex 176 68 0
      vertex 176 61 0
    endloop
  endfacet
  facet normal 0 0 -1
    outer loop
      vertex 164 61 0
      vertex 164 68 0
      vertex 176 68 0
    endloop
  endfacet
  facet normal 0 0 -1
    outer loop
      vertex 162.5 59.5 0
      vertex 164 68 0
      vertex 164 61 0
    endloop
  endfacet
  facet normal -0 0 -1
    outer loop
      vertex 164 68 0
      vertex 162.5 59.5 0
      vertex 162.5 69.5 0
    endloop
  endfacet
  facet normal 0 0 -1
    outer loop
      vertex 176 50 0
      vertex 177.5 58.5 0
      vertex 177.5 48.5 0
    endloop
  endfacet
  facet normal 0 0 -1
    outer loop
      vertex 176 50 0
      vertex 176 57 0
      vertex 177.5 58.5 0
    endloop
  endfacet
  facet normal 0 0 -1
    outer loop
      vertex 164 50 0
      vertex 176 57 0
      vertex 176 50 0
    endloop
  endfacet
  facet normal 0 0 -1
    outer loop
      vertex 164 50 0
      vertex 164 57 0
      vertex 176 57 0
    endloop
  endfacet
  facet normal 0 0 -1
    outer loop
      vertex 162.5 48.5 0
      vertex 164 57 0
      vertex 164 50 0
    endloop
  endfacet
  facet normal -0 0 -1
    outer loop
      vertex 164 57 0
      vertex 162.5 48.5 0
      vertex 162.5 58.5 0
    endloop
  endfacet
  facet normal 0 0 -1
    outer loop
      vertex 176 39 0
      vertex 177.5 47.5 0
      vertex 177.5 37.5 0
    endloop
  endfacet
  facet normal 0 0 -1
    outer loop
      vertex 176 39 0
      vertex 176 46 0
      vertex 177.5 47.5 0
    endloop
  endfacet
  facet normal 0 0 -1
    outer loop
      vertex 164 39 0
      vertex 176 46 0
      vertex 176 39 0
    endloop
  endfacet
  facet normal 0 0 -1
    outer loop
      vertex 164 39 0
      vertex 164 46 0
      vertex 176 46 0
    endloop
  endfacet
  facet normal 0 0 -1
    outer loop
      vertex 162.5 37.5 0
      vertex 164 46 0
      vertex 164 39 0
    endloop
  endfacet
  facet normal -0 0 -1
    outer loop
      vertex 164 46 0
      vertex 162.5 37.5 0
      vertex 162.5 47.5 0
    endloop
  endfacet
  facet normal 0 0 -1
    outer loop
      vertex 176 28 0
      vertex 177.5 36.5 0
      vertex 177.5 26.5 0
    endloop
  endfacet
  facet normal 0 0 -1
    outer loop
      vertex 176 28 0
      vertex 176 35 0
      vertex 177.5 36.5 0
    endloop
  endfacet
  facet normal 0 0 -1
    outer loop
      vertex 164 28 0
      vertex 176 35 0
      vertex 176 28 0
    endloop
  endfacet
  facet normal 0 0 -1
    outer loop
      vertex 164 28 0
      vertex 164 35 0
      vertex 176 35 0
    endloop
  endfacet
  facet normal 0 0 -1
    outer loop
      vertex 162.5 26.5 0
      vertex 164 35 0
      vertex 164 28 0
    endloop
  endfacet
  facet normal -0 0 -1
    outer loop
      vertex 164 35 0
      vertex 162.5 26.5 0
      vertex 162.5 36.5 0
    endloop
  endfacet
  facet normal 0 0 -1
    outer loop
      vertex 195.494 9.94046 0
      vertex 203.2 3 0
      vertex 195.662 9.65078 0
    endloop
  endfacet
  facet normal 0 0 -1
    outer loop
      vertex 203.2 150 0
      vertex 195.765 143.667 0
      vertex 195.8 144 0
    endloop
  endfacet
  facet normal 0 0 -1
    outer loop
      vertex 195.271 10.189 0
      vertex 203.2 3 0
      vertex 195.494 9.94046 0
    endloop
  endfacet
  facet normal 0 0 -1
    outer loop
      vertex 203.2 150 0
      vertex 195.662 143.349 0
      vertex 195.765 143.667 0
    endloop
  endfacet
  facet normal 0 0 -1
    outer loop
      vertex 203.2 3 0
      vertex 177.5 70.5 0
      vertex 203.2 150 0
    endloop
  endfacet
  facet normal 0 0 -1
    outer loop
      vertex 203.2 150 0
      vertex 195.494 143.06 0
      vertex 195.662 143.349 0
    endloop
  endfacet
  facet normal 0 0 -1
    outer loop
      vertex 203.2 3 0
      vertex 195.271 10.189 0
      vertex 177.5 58.5 0
    endloop
  endfacet
  facet normal 0 0 -1
    outer loop
      vertex 177.5 80.5 0
      vertex 203.2 150 0
      vertex 177.5 70.5 0
    endloop
  endfacet
  facet normal 0 0 -1
    outer loop
      vertex 177.5 47.5 0
      vertex 195.271 10.189 0
      vertex 195 10.3856 0
    endloop
  endfacet
  facet normal 0 0 -1
    outer loop
      vertex 177.5 81.5 0
      vertex 203.2 150 0
      vertex 177.5 80.5 0
    endloop
  endfacet
  facet normal 0 0 -1
    outer loop
      vertex 177.5 37.5 0
      vertex 195 10.3856 0
      vertex 194.694 10.5217 0
    endloop
  endfacet
  facet normal 0 0 -1
    outer loop
      vertex 177.5 91.5 0
      vertex 203.2 150 0
      vertex 177.5 81.5 0
    endloop
  endfacet
  facet normal 0 0 -1
    outer loop
      vertex 177.5 36.5 0
      vertex 194.694 10.5217 0
      vertex 194.367 10.5912 0
    endloop
  endfacet
  facet normal 0 0 -1
    outer loop
      vertex 177.5 92.5 0
      vertex 203.2 150 0
      vertex 177.5 91.5 0
    endloop
  endfacet
  facet normal 0 0 -1
    outer loop
      vertex 177.5 26.5 0
      vertex 194.367 10.5912 0
      vertex 194.033 10.5912 0
    endloop
  endfacet
  facet normal 0 -0 -1
    outer loop
      vertex 195.271 142.811 0
      vertex 203.2 150 0
      vertex 177.5 92.5 0
    endloop
  endfacet
  facet normal 0 0 -1
    outer loop
      vertex 177.5 25.5 0
      vertex 194.033 10.5912 0
      vertex 193.706 10.5217 0
    endloop
  endfacet
  facet normal 0 0 -1
    outer loop
      vertex 203.2 150 0
      vertex 195.271 142.811 0
      vertex 195.494 143.06 0
    endloop
  endfacet
  facet normal 0 0 -1
    outer loop
      vertex 177.5 25.5 0
      vertex 193.706 10.5217 0
      vertex 193.4 10.3856 0
    endloop
  endfacet
  facet normal 0 0 -1
    outer loop
      vertex 177.5 102.5 0
      vertex 195.271 142.811 0
      vertex 177.5 92.5 0
    endloop
  endfacet
  facet normal 0 0 -1
    outer loop
      vertex 177.5 25.5 0
      vertex 193.4 10.3856 0
      vertex 193.129 10.189 0
    endloop
  endfacet
  facet normal 0 0 -1
    outer loop
      vertex 177.5 103.5 0
      vertex 195.271 142.811 0
      vertex 177.5 102.5 0
    endloop
  endfacet
  facet normal 0 0 -1
    outer loop
      vertex 177.5 25.5 0
      vertex 193.129 10.189 0
      vertex 192.906 9.94046 0
    endloop
  endfacet
  facet normal 0 0 -1
    outer loop
      vertex 195.271 142.811 0
      vertex 177.5 103.5 0
      vertex 195 142.614 0
    endloop
  endfacet
  facet normal 0 0 -1
    outer loop
      vertex 176 24 0
      vertex 192.906 9.94046 0
      vertex 192.738 9.65078 0
    endloop
  endfacet
  facet normal 0 0 -1
    outer loop
      vertex 177.5 113.5 0
      vertex 195 142.614 0
      vertex 177.5 103.5 0
    endloop
  endfacet
  facet normal 0 0 -1
    outer loop
      vertex 176 24 0
      vertex 192.738 9.65078 0
      vertex 192.635 9.33266 0
    endloop
  endfacet
  facet normal 0 0 -1
    outer loop
      vertex 177.5 114.5 0
      vertex 195 142.614 0
      vertex 177.5 113.5 0
    endloop
  endfacet
  facet normal 0 0 -1
    outer loop
      vertex 176 24 0
      vertex 192.635 9.33266 0
      vertex 192.6 9 0
    endloop
  endfacet
  facet normal 0 0 -1
    outer loop
      vertex 195 142.614 0
      vertex 177.5 114.5 0
      vertex 194.694 142.478 0
    endloop
  endfacet
  facet normal 0 0 -1
    outer loop
      vertex 195.662 9.65078 0
      vertex 203.2 3 0
      vertex 195.765 9.33266 0
    endloop
  endfacet
  facet normal 0 0 -1
    outer loop
      vertex 200.2 0 0
      vertex 203.2 3 0
      vertex 201.963 0.572952 0
    endloop
  endfacet
  facet normal 0 0 -1
    outer loop
      vertex 195.271 7.81097 0
      vertex 203.2 3 0
      vertex 200.2 0 0
    endloop
  endfacet
  facet normal 0 0 -1
    outer loop
      vertex 195.765 9.33266 0
      vertex 203.2 3 0
      vertex 195.8 9 0
    endloop
  endfacet
  facet normal 0 0 -1
    outer loop
      vertex 195.765 144.333 0
      vertex 203.2 150 0
      vertex 195.8 144 0
    endloop
  endfacet
  facet normal 0 0 -1
    outer loop
      vertex 203.2 3 0
      vertex 195.765 8.66734 0
      vertex 195.8 9 0
    endloop
  endfacet
  facet normal 0 0 -1
    outer loop
      vertex 203.2 3 0
      vertex 195.662 8.34922 0
      vertex 195.765 8.66734 0
    endloop
  endfacet
  facet normal 0 0 -1
    outer loop
      vertex 203.2 3 0
      vertex 195.494 8.05954 0
      vertex 195.662 8.34922 0
    endloop
  endfacet
  facet normal 0 0 -1
    outer loop
      vertex 203.2 3 0
      vertex 195.271 7.81097 0
      vertex 195.494 8.05954 0
    endloop
  endfacet
  facet normal 0 0 -1
    outer loop
      vertex 200.2 0 0
      vertex 195 7.61436 0
      vertex 195.271 7.81097 0
    endloop
  endfacet
  facet normal 0 0 -1
    outer loop
      vertex 200.2 0 0
      vertex 194.694 7.47831 0
      vertex 195 7.61436 0
    endloop
  endfacet
  facet normal 0 0 -1
    outer loop
      vertex 200.2 0 0
      vertex 194.367 7.40876 0
      vertex 194.694 7.47831 0
    endloop
  endfacet
  facet normal 0 0 -1
    outer loop
      vertex 200.2 0 0
      vertex 194.033 7.40876 0
      vertex 194.367 7.40876 0
    endloop
  endfacet
  facet normal 0 0 -1
    outer loop
      vertex 200.2 0 0
      vertex 193.706 7.47831 0
      vertex 194.033 7.40876 0
    endloop
  endfacet
  facet normal 0 0 -1
    outer loop
      vertex 200.2 0 0
      vertex 193.4 7.61436 0
      vertex 193.706 7.47831 0
    endloop
  endfacet
  facet normal 0 0 -1
    outer loop
      vertex 200.2 0 0
      vertex 193.129 7.81097 0
      vertex 193.4 7.61436 0
    endloop
  endfacet
  facet normal 0 0 -1
    outer loop
      vertex 194.033 10.5912 0
      vertex 177.5 25.5 0
      vertex 177.5 26.5 0
    endloop
  endfacet
  facet normal 0 0 -1
    outer loop
      vertex 176 24 0
      vertex 192.6 9 0
      vertex 192.635 8.66734 0
    endloop
  endfacet
  facet normal 0 0 -1
    outer loop
      vertex 176 24 0
      vertex 192.635 8.66734 0
      vertex 192.738 8.34922 0
    endloop
  endfacet
  facet normal 0 0 -1
    outer loop
      vertex 164 24 0
      vertex 192.738 8.34922 0
      vertex 192.906 8.05954 0
    endloop
  endfacet
  facet normal 0 0 -1
    outer loop
      vertex 192.906 9.94046 0
      vertex 176 24 0
      vertex 177.5 25.5 0
    endloop
  endfacet
  facet normal 0 0 -1
    outer loop
      vertex 121.892 8.72774 0
      vertex 192.906 8.05954 0
      vertex 193.129 7.81097 0
    endloop
  endfacet
  facet normal 0 0 -1
    outer loop
      vertex 121.892 8.72774 0
      vertex 193.129 7.81097 0
      vertex 200.2 0 0
    endloop
  endfacet
  facet normal 0 0 -1
    outer loop
      vertex 192.738 8.34922 0
      vertex 164 24 0
      vertex 176 24 0
    endloop
  endfacet
  facet normal 0 0 -1
    outer loop
      vertex 153.5 26.5 0
      vertex 162.5 26.5 0
      vertex 162.5 25.5 0
    endloop
  endfacet
  facet normal 0 0 -1
    outer loop
      vertex 162.5 26.5 0
      vertex 153.5 26.5 0
      vertex 162.5 36.5 0
    endloop
  endfacet
  facet normal 0 0 -1
    outer loop
      vertex 162.5 36.5 0
      vertex 153.5 36.5 0
      vertex 162.5 37.5 0
    endloop
  endfacet
  facet normal 0 0 -1
    outer loop
      vertex 153.5 37.5 0
      vertex 162.5 37.5 0
      vertex 153.5 36.5 0
    endloop
  endfacet
  facet normal 0 0 -1
    outer loop
      vertex 153.5 47.5 0
      vertex 162.5 47.5 0
      vertex 153.5 37.5 0
    endloop
  endfacet
  facet normal 0 0 -1
    outer loop
      vertex 162.5 47.5 0
      vertex 153.5 47.5 0
      vertex 162.5 48.5 0
    endloop
  endfacet
  facet normal 0 0 -1
    outer loop
      vertex 162.5 48.5 0
      vertex 153.5 48.5 0
      vertex 162.5 58.5 0
    endloop
  endfacet
  facet normal 0 0 -1
    outer loop
      vertex 153.5 58.5 0
      vertex 162.5 58.5 0
      vertex 153.5 48.5 0
    endloop
  endfacet
  facet normal 0 0 -1
    outer loop
      vertex 153.5 59.5 0
      vertex 162.5 59.5 0
      vertex 153.5 58.5 0
    endloop
  endfacet
  facet normal 0 0 -1
    outer loop
      vertex 162.5 59.5 0
      vertex 153.5 59.5 0
      vertex 162.5 69.5 0
    endloop
  endfacet
  facet normal 0 0 -1
    outer loop
      vertex 162.5 69.5 0
      vertex 153.5 69.5 0
      vertex 162.5 70.5 0
    endloop
  endfacet
  facet normal 0 0 -1
    outer loop
      vertex 162.5 70.5 0
      vertex 153.5 70.5 0
      vertex 162.5 80.5 0
    endloop
  endfacet
  facet normal 0 0 -1
    outer loop
      vertex 153.5 80.5 0
      vertex 162.5 80.5 0
      vertex 153.5 70.5 0
    endloop
  endfacet
  facet normal 0 0 -1
    outer loop
      vertex 153.5 81.5 0
      vertex 162.5 81.5 0
      vertex 153.5 80.5 0
    endloop
  endfacet
  facet normal 0 0 -1
    outer loop
      vertex 162.5 81.5 0
      vertex 153.5 81.5 0
      vertex 162.5 91.5 0
    endloop
  endfacet
  facet normal 0 0 -1
    outer loop
      vertex 162.5 91.5 0
      vertex 153.5 91.5 0
      vertex 162.5 92.5 0
    endloop
  endfacet
  facet normal 0 0 -1
    outer loop
      vertex 153.5 92.5 0
      vertex 162.5 92.5 0
      vertex 153.5 91.5 0
    endloop
  endfacet
  facet normal 0 0 -1
    outer loop
      vertex 162.5 92.5 0
      vertex 153.5 92.5 0
      vertex 162.5 102.5 0
    endloop
  endfacet
  facet normal 0 0 -1
    outer loop
      vertex 153.5 26.5 0
      vertex 162.5 25.5 0
      vertex 153.5 25.5 0
    endloop
  endfacet
  facet normal 0 0 -1
    outer loop
      vertex 164 24 0
      vertex 153.5 25.5 0
      vertex 162.5 25.5 0
    endloop
  endfacet
  facet normal 0 0 -1
    outer loop
      vertex 192.906 8.05954 0
      vertex 152 24 0
      vertex 164 24 0
    endloop
  endfacet
  facet normal 0 0 -1
    outer loop
      vertex 164 24 0
      vertex 152 24 0
      vertex 153.5 25.5 0
    endloop
  endfacet
  facet normal 0 0 -1
    outer loop
      vertex 192.906 8.05954 0
      vertex 121.892 8.72774 0
      vertex 152 24 0
    endloop
  endfacet
  facet normal 0 0 -1
    outer loop
      vertex 129.5 26.5 0
      vertex 138.5 26.5 0
      vertex 138.5 25.5 0
    endloop
  endfacet
  facet normal 0 0 -1
    outer loop
      vertex 138.5 26.5 0
      vertex 129.5 26.5 0
      vertex 138.5 36.5 0
    endloop
  endfacet
  facet normal 0 0 -1
    outer loop
      vertex 138.5 36.5 0
      vertex 129.5 36.5 0
      vertex 138.5 37.5 0
    endloop
  endfacet
  facet normal 0 0 -1
    outer loop
      vertex 129.5 37.5 0
      vertex 138.5 37.5 0
      vertex 129.5 36.5 0
    endloop
  endfacet
  facet normal 0 0 -1
    outer loop
      vertex 129.5 47.5 0
      vertex 138.5 47.5 0
      vertex 129.5 37.5 0
    endloop
  endfacet
  facet normal 0 0 -1
    outer loop
      vertex 138.5 47.5 0
      vertex 129.5 47.5 0
      vertex 138.5 48.5 0
    endloop
  endfacet
  facet normal 0 0 -1
    outer loop
      vertex 138.5 48.5 0
      vertex 129.5 48.5 0
      vertex 138.5 58.5 0
    endloop
  endfacet
  facet normal 0 0 -1
    outer loop
      vertex 129.5 58.5 0
      vertex 138.5 58.5 0
      vertex 129.5 48.5 0
    endloop
  endfacet
  facet normal 0 0 -1
    outer loop
      vertex 129.5 59.5 0
      vertex 138.5 59.5 0
      vertex 129.5 58.5 0
    endloop
  endfacet
  facet normal 0 0 -1
    outer loop
      vertex 138.5 59.5 0
      vertex 129.5 59.5 0
      vertex 138.5 69.5 0
    endloop
  endfacet
  facet normal 0 0 -1
    outer loop
      vertex 138.5 69.5 0
      vertex 129.5 69.5 0
      vertex 138.5 70.5 0
    endloop
  endfacet
  facet normal 0 0 -1
    outer loop
      vertex 138.5 70.5 0
      vertex 129.5 70.5 0
      vertex 138.5 80.5 0
    endloop
  endfacet
  facet normal 0 0 -1
    outer loop
      vertex 129.5 80.5 0
      vertex 138.5 80.5 0
      vertex 129.5 70.5 0
    endloop
  endfacet
  facet normal 0 0 -1
    outer loop
      vertex 129.5 81.5 0
      vertex 138.5 81.5 0
      vertex 129.5 80.5 0
    endloop
  endfacet
  facet normal 0 0 -1
    outer loop
      vertex 138.5 81.5 0
      vertex 129.5 81.5 0
      vertex 138.5 91.5 0
    endloop
  endfacet
  facet normal 0 0 -1
    outer loop
      vertex 138.5 91.5 0
      vertex 129.5 91.5 0
      vertex 138.5 92.5 0
    endloop
  endfacet
  facet normal 0 0 -1
    outer loop
      vertex 129.5 92.5 0
      vertex 138.5 92.5 0
      vertex 129.5 91.5 0
    endloop
  endfacet
  facet normal 0 0 -1
    outer loop
      vertex 138.5 92.5 0
      vertex 129.5 92.5 0
      vertex 138.5 102.5 0
    endloop
  endfacet
  facet normal 0 0 -1
    outer loop
      vertex 129.5 26.5 0
      vertex 138.5 25.5 0
      vertex 129.5 25.5 0
    endloop
  endfacet
  facet normal 0 0 -1
    outer loop
      vertex 140 24 0
      vertex 129.5 25.5 0
      vertex 138.5 25.5 0
    endloop
  endfacet
  facet normal -0 0 -1
    outer loop
      vertex 152 24 0
      vertex 121.892 8.72774 0
      vertex 140 24 0
    endloop
  endfacet
  facet normal 0 -0 -1
    outer loop
      vertex 128 24 0
      vertex 140 24 0
      vertex 122.6 11 0
    endloop
  endfacet
  facet normal 0 0 -1
    outer loop
      vertex 140 24 0
      vertex 128 24 0
      vertex 129.5 25.5 0
    endloop
  endfacet
  facet normal 0 0 -1
    outer loop
      vertex 140 24 0
      vertex 121.892 8.72774 0
      vertex 122.6 11 0
    endloop
  endfacet
  facet normal 0 0 -1
    outer loop
      vertex 200.2 0 0
      vertex 120.459 7.45818 0
      vertex 121.892 8.72774 0
    endloop
  endfacet
  facet normal 0 0 -1
    outer loop
      vertex 200.2 0 0
      vertex 118.6 7 0
      vertex 120.459 7.45818 0
    endloop
  endfacet
  facet normal 0 0 -1
    outer loop
      vertex 200.2 0 0
      vertex 84.6 7 0
      vertex 118.6 7 0
    endloop
  endfacet
  facet normal 0 0 -1
    outer loop
      vertex 68 24 0
      vertex 80.6 17 0
      vertex 80.6 11 0
    endloop
  endfacet
  facet normal 0 0 -1
    outer loop
      vertex 80.6 17 0
      vertex 68 24 0
      vertex 80 24 0
    endloop
  endfacet
  facet normal 0 0 -1
    outer loop
      vertex 81.0582 9.14111 0
      vertex 68 24 0
      vertex 80.6 11 0
    endloop
  endfacet
  facet normal 0 0 -1
    outer loop
      vertex 56 24 0
      vertex 68 24 0
      vertex 81.0582 9.14111 0
    endloop
  endfacet
  facet normal 0 0 -1
    outer loop
      vertex 44 24 0
      vertex 81.0582 9.14111 0
      vertex 82.3277 7.70807 0
    endloop
  endfacet
  facet normal 0 0 -1
    outer loop
      vertex 57.5 26.5 0
      vertex 66.5 26.5 0
      vertex 66.5 25.5 0
    endloop
  endfacet
  facet normal 0 0 -1
    outer loop
      vertex 66.5 26.5 0
      vertex 57.5 26.5 0
      vertex 66.5 36.5 0
    endloop
  endfacet
  facet normal 0 0 -1
    outer loop
      vertex 66.5 36.5 0
      vertex 57.5 36.5 0
      vertex 66.5 37.5 0
    endloop
  endfacet
  facet normal 0 0 -1
    outer loop
      vertex 57.5 37.5 0
      vertex 66.5 37.5 0
      vertex 57.5 36.5 0
    endloop
  endfacet
  facet normal 0 0 -1
    outer loop
      vertex 57.5 47.5 0
      vertex 66.5 47.5 0
      vertex 57.5 37.5 0
    endloop
  endfacet
  facet normal 0 0 -1
    outer loop
      vertex 66.5 47.5 0
      vertex 57.5 47.5 0
      vertex 66.5 48.5 0
    endloop
  endfacet
  facet normal 0 0 -1
    outer loop
      vertex 66.5 48.5 0
      vertex 57.5 48.5 0
      vertex 66.5 58.5 0
    endloop
  endfacet
  facet normal 0 0 -1
    outer loop
      vertex 57.5 58.5 0
      vertex 66.5 58.5 0
      vertex 57.5 48.5 0
    endloop
  endfacet
  facet normal 0 0 -1
    outer loop
      vertex 57.5 59.5 0
      vertex 66.5 59.5 0
      vertex 57.5 58.5 0
    endloop
  endfacet
  facet normal 0 0 -1
    outer loop
      vertex 66.5 59.5 0
      vertex 57.5 59.5 0
      vertex 66.5 69.5 0
    endloop
  endfacet
  facet normal 0 0 -1
    outer loop
      vertex 66.5 69.5 0
      vertex 57.5 69.5 0
      vertex 66.5 70.5 0
    endloop
  endfacet
  facet normal 0 0 -1
    outer loop
      vertex 66.5 70.5 0
      vertex 57.5 70.5 0
      vertex 66.5 80.5 0
    endloop
  endfacet
  facet normal 0 0 -1
    outer loop
      vertex 57.5 80.5 0
      vertex 66.5 80.5 0
      vertex 57.5 70.5 0
    endloop
  endfacet
  facet normal 0 0 -1
    outer loop
      vertex 57.5 81.5 0
      vertex 66.5 81.5 0
      vertex 57.5 80.5 0
    endloop
  endfacet
  facet normal 0 0 -1
    outer loop
      vertex 66.5 81.5 0
      vertex 57.5 81.5 0
      vertex 66.5 91.5 0
    endloop
  endfacet
  facet normal 0 0 -1
    outer loop
      vertex 66.5 91.5 0
      vertex 57.5 91.5 0
      vertex 66.5 92.5 0
    endloop
  endfacet
  facet normal 0 0 -1
    outer loop
      vertex 57.5 92.5 0
      vertex 66.5 92.5 0
      vertex 57.5 91.5 0
    endloop
  endfacet
  facet normal 0 0 -1
    outer loop
      vertex 66.5 92.5 0
      vertex 57.5 92.5 0
      vertex 66.5 102.5 0
    endloop
  endfacet
  facet normal 0 0 -1
    outer loop
      vertex 57.5 26.5 0
      vertex 66.5 25.5 0
      vertex 57.5 25.5 0
    endloop
  endfacet
  facet normal 0 0 -1
    outer loop
      vertex 68 24 0
      vertex 56 24 0
      vertex 66.5 25.5 0
    endloop
  endfacet
  facet normal -0 0 -1
    outer loop
      vertex 66.5 25.5 0
      vertex 56 24 0
      vertex 57.5 25.5 0
    endloop
  endfacet
  facet normal 0 0 -1
    outer loop
      vertex 81.0582 9.14111 0
      vertex 44 24 0
      vertex 56 24 0
    endloop
  endfacet
  facet normal 0 0 -1
    outer loop
      vertex 33.5 26.5 0
      vertex 42.5 26.5 0
      vertex 42.5 25.5 0
    endloop
  endfacet
  facet normal 0 0 -1
    outer loop
      vertex 42.5 26.5 0
      vertex 33.5 26.5 0
      vertex 42.5 36.5 0
    endloop
  endfacet
  facet normal 0 0 -1
    outer loop
      vertex 42.5 36.5 0
      vertex 33.5 36.5 0
      vertex 42.5 37.5 0
    endloop
  endfacet
  facet normal 0 0 -1
    outer loop
      vertex 33.5 37.5 0
      vertex 42.5 37.5 0
      vertex 33.5 36.5 0
    endloop
  endfacet
  facet normal 0 0 -1
    outer loop
      vertex 33.5 47.5 0
      vertex 42.5 47.5 0
      vertex 33.5 37.5 0
    endloop
  endfacet
  facet normal 0 0 -1
    outer loop
      vertex 42.5 47.5 0
      vertex 33.5 47.5 0
      vertex 42.5 48.5 0
    endloop
  endfacet
  facet normal 0 0 -1
    outer loop
      vertex 42.5 48.5 0
      vertex 33.5 48.5 0
      vertex 42.5 58.5 0
    endloop
  endfacet
  facet normal 0 0 -1
    outer loop
      vertex 33.5 58.5 0
      vertex 42.5 58.5 0
      vertex 33.5 48.5 0
    endloop
  endfacet
  facet normal 0 0 -1
    outer loop
      vertex 33.5 59.5 0
      vertex 42.5 59.5 0
      vertex 33.5 58.5 0
    endloop
  endfacet
  facet normal 0 0 -1
    outer loop
      vertex 42.5 59.5 0
      vertex 33.5 59.5 0
      vertex 42.5 69.5 0
    endloop
  endfacet
  facet normal 0 0 -1
    outer loop
      vertex 42.5 69.5 0
      vertex 33.5 69.5 0
      vertex 42.5 70.5 0
    endloop
  endfacet
  facet normal 0 0 -1
    outer loop
      vertex 42.5 70.5 0
      vertex 33.5 70.5 0
      vertex 42.5 80.5 0
    endloop
  endfacet
  facet normal 0 0 -1
    outer loop
      vertex 33.5 80.5 0
      vertex 42.5 80.5 0
      vertex 33.5 70.5 0
    endloop
  endfacet
  facet normal 0 0 -1
    outer loop
      vertex 33.5 81.5 0
      vertex 42.5 81.5 0
      vertex 33.5 80.5 0
    endloop
  endfacet
  facet normal 0 0 -1
    outer loop
      vertex 42.5 81.5 0
      vertex 33.5 81.5 0
      vertex 42.5 91.5 0
    endloop
  endfacet
  facet normal 0 0 -1
    outer loop
      vertex 42.5 91.5 0
      vertex 33.5 91.5 0
      vertex 42.5 92.5 0
    endloop
  endfacet
  facet normal 0 0 -1
    outer loop
      vertex 33.5 92.5 0
      vertex 42.5 92.5 0
      vertex 33.5 91.5 0
    endloop
  endfacet
  facet normal 0 0 -1
    outer loop
      vertex 42.5 92.5 0
      vertex 33.5 92.5 0
      vertex 42.5 102.5 0
    endloop
  endfacet
  facet normal 0 0 -1
    outer loop
      vertex 33.5 26.5 0
      vertex 42.5 25.5 0
      vertex 33.5 25.5 0
    endloop
  endfacet
  facet normal 0 0 -1
    outer loop
      vertex 44 24 0
      vertex 33.5 25.5 0
      vertex 42.5 25.5 0
    endloop
  endfacet
  facet normal 0 0 -1
    outer loop
      vertex 10.2944 8.05954 0
      vertex 44 24 0
      vertex 82.3277 7.70807 0
    endloop
  endfacet
  facet normal 0 0 -1
    outer loop
      vertex 44 24 0
      vertex 32 24 0
      vertex 33.5 25.5 0
    endloop
  endfacet
  facet normal 0 -0 -1
    outer loop
      vertex 10.4617 8.34922 0
      vertex 44 24 0
      vertex 10.2944 8.05954 0
    endloop
  endfacet
  facet normal 0 0 -1
    outer loop
      vertex 3 0 0
      vertex 82.3277 7.70807 0
      vertex 84.6 7 0
    endloop
  endfacet
  facet normal 0 0 -1
    outer loop
      vertex 10.4617 9.65078 0
      vertex 20 24 0
      vertex 10.565 9.33266 0
    endloop
  endfacet
  facet normal 0 0 -1
    outer loop
      vertex 10.2944 9.94046 0
      vertex 20 24 0
      vertex 10.4617 9.65078 0
    endloop
  endfacet
  facet normal 0 0 -1
    outer loop
      vertex 10.0706 10.189 0
      vertex 20 24 0
      vertex 10.2944 9.94046 0
    endloop
  endfacet
  facet normal 0 0 -1
    outer loop
      vertex 9.8 10.3856 0
      vertex 20 24 0
      vertex 10.0706 10.189 0
    endloop
  endfacet
  facet normal 0 0 -1
    outer loop
      vertex 9.49443 10.5217 0
      vertex 20 24 0
      vertex 9.8 10.3856 0
    endloop
  endfacet
  facet normal -0 0 -1
    outer loop
      vertex 20 24 0
      vertex 9.49443 10.5217 0
      vertex 18.5 25.5 0
    endloop
  endfacet
  facet normal 0 0 -1
    outer loop
      vertex 9.16724 10.5912 0
      vertex 18.5 25.5 0
      vertex 9.49443 10.5217 0
    endloop
  endfacet
  facet normal 0 0 -1
    outer loop
      vertex 8.83275 10.5912 0
      vertex 18.5 25.5 0
      vertex 9.16724 10.5912 0
    endloop
  endfacet
  facet normal 0 0 -1
    outer loop
      vertex 8.50557 10.5217 0
      vertex 18.5 25.5 0
      vertex 8.83275 10.5912 0
    endloop
  endfacet
  facet normal -0 0 -1
    outer loop
      vertex 18.5 25.5 0
      vertex 8.50557 10.5217 0
      vertex 18.5 26.5 0
    endloop
  endfacet
  facet normal 0 0 -1
    outer loop
      vertex 8.2 10.3856 0
      vertex 18.5 26.5 0
      vertex 8.50557 10.5217 0
    endloop
  endfacet
  facet normal 0 0 -1
    outer loop
      vertex 18.5 80.5 0
      vertex 10.6 144 0
      vertex 18.5 81.5 0
    endloop
  endfacet
  facet normal 0 0 -1
    outer loop
      vertex 18.5 81.5 0
      vertex 10.6 144 0
      vertex 18.5 91.5 0
    endloop
  endfacet
  facet normal 0 0 -1
    outer loop
      vertex 18.5 91.5 0
      vertex 10.6 144 0
      vertex 18.5 92.5 0
    endloop
  endfacet
  facet normal 0 0 -1
    outer loop
      vertex 18.5 92.5 0
      vertex 10.6 144 0
      vertex 18.5 102.5 0
    endloop
  endfacet
  facet normal 0 0 -1
    outer loop
      vertex 18.5 102.5 0
      vertex 10.6 144 0
      vertex 18.5 103.5 0
    endloop
  endfacet
  facet normal 0 0 -1
    outer loop
      vertex 18.5 103.5 0
      vertex 10.6 144 0
      vertex 18.5 113.5 0
    endloop
  endfacet
  facet normal 0 0 -1
    outer loop
      vertex 18.5 113.5 0
      vertex 10.6 144 0
      vertex 18.5 114.5 0
    endloop
  endfacet
  facet normal 0 0 -1
    outer loop
      vertex 18.5 114.5 0
      vertex 10.6 144 0
      vertex 18.5 124.5 0
    endloop
  endfacet
  facet normal 0 0 -1
    outer loop
      vertex 10.565 9.33266 0
      vertex 20 24 0
      vertex 10.6 9 0
    endloop
  endfacet
  facet normal 0 -0 -1
    outer loop
      vertex 10.6 9 0
      vertex 32 24 0
      vertex 10.565 8.66734 0
    endloop
  endfacet
  facet normal 0 0 -1
    outer loop
      vertex 3 0 0
      vertex 84.6 7 0
      vertex 200.2 0 0
    endloop
  endfacet
  facet normal -0 0 -1
    outer loop
      vertex 32 24 0
      vertex 10.6 9 0
      vertex 20 24 0
    endloop
  endfacet
  facet normal 0 0 -1
    outer loop
      vertex 32 24 0
      vertex 10.4617 8.34922 0
      vertex 10.565 8.66734 0
    endloop
  endfacet
  facet normal -0 0 -1
    outer loop
      vertex 44 24 0
      vertex 10.4617 8.34922 0
      vertex 32 24 0
    endloop
  endfacet
  facet normal 0 0 -1
    outer loop
      vertex 82.3277 7.70807 0
      vertex 10.0706 7.81097 0
      vertex 10.2944 8.05954 0
    endloop
  endfacet
  facet normal -0 0 -1
    outer loop
      vertex 82.3277 7.70807 0
      vertex 3 0 0
      vertex 10.0706 7.81097 0
    endloop
  endfacet
  facet normal 0 0 -1
    outer loop
      vertex 10.0706 7.81097 0
      vertex 3 0 0
      vertex 9.8 7.61436 0
    endloop
  endfacet
  facet normal 0 0 -1
    outer loop
      vertex 9.8 7.61436 0
      vertex 3 0 0
      vertex 9.49443 7.47831 0
    endloop
  endfacet
  facet normal 0 0 -1
    outer loop
      vertex 9.49443 7.47831 0
      vertex 3 0 0
      vertex 9.16724 7.40876 0
    endloop
  endfacet
  facet normal -0 0 -1
    outer loop
      vertex 7.43496 8.66734 0
      vertex 0 3 0
      vertex 7.4 9 0
    endloop
  endfacet
  facet normal -0 0 -1
    outer loop
      vertex 7.53833 8.34922 0
      vertex 0 3 0
      vertex 7.43496 8.66734 0
    endloop
  endfacet
  facet normal -0 0 -1
    outer loop
      vertex 7.70557 8.05954 0
      vertex 0 3 0
      vertex 7.53833 8.34922 0
    endloop
  endfacet
  facet normal -0 0 -1
    outer loop
      vertex 7.92939 7.81097 0
      vertex 0 3 0
      vertex 7.70557 8.05954 0
    endloop
  endfacet
  facet normal 0 0 -1
    outer loop
      vertex 0 3 0
      vertex 7.92939 7.81097 0
      vertex 3 0 0
    endloop
  endfacet
  facet normal -0 0 -1
    outer loop
      vertex 8.2 7.61436 0
      vertex 3 0 0
      vertex 7.92939 7.81097 0
    endloop
  endfacet
  facet normal -0 0 -1
    outer loop
      vertex 8.50557 7.47831 0
      vertex 3 0 0
      vertex 8.2 7.61436 0
    endloop
  endfacet
  facet normal -0 0 -1
    outer loop
      vertex 8.83275 7.40876 0
      vertex 3 0 0
      vertex 8.50557 7.47831 0
    endloop
  endfacet
  facet normal -0 0 -1
    outer loop
      vertex 9.16724 7.40876 0
      vertex 3 0 0
      vertex 8.83275 7.40876 0
    endloop
  endfacet
  facet normal 0 0 -1
    outer loop
      vertex 195.662 144.651 0
      vertex 203.2 150 0
      vertex 195.765 144.333 0
    endloop
  endfacet
  facet normal 0 0 -1
    outer loop
      vertex 195.494 144.94 0
      vertex 203.2 150 0
      vertex 195.662 144.651 0
    endloop
  endfacet
  facet normal 0 0 -1
    outer loop
      vertex 195.271 145.189 0
      vertex 203.2 150 0
      vertex 195.494 144.94 0
    endloop
  endfacet
  facet normal 0 0 -1
    outer loop
      vertex 203.2 150 0
      vertex 200.2 153 0
      vertex 202.627 151.763 0
    endloop
  endfacet
  facet normal -0 0 -1
    outer loop
      vertex 203.2 150 0
      vertex 195.271 145.189 0
      vertex 200.2 153 0
    endloop
  endfacet
  facet normal 0 0 -1
    outer loop
      vertex 195 145.386 0
      vertex 200.2 153 0
      vertex 195.271 145.189 0
    endloop
  endfacet
  facet normal 0 0 -1
    outer loop
      vertex 194.694 145.522 0
      vertex 200.2 153 0
      vertex 195 145.386 0
    endloop
  endfacet
  facet normal 0 0 -1
    outer loop
      vertex 194.367 145.591 0
      vertex 200.2 153 0
      vertex 194.694 145.522 0
    endloop
  endfacet
  facet normal 0 0 -1
    outer loop
      vertex 194.033 145.591 0
      vertex 200.2 153 0
      vertex 194.367 145.591 0
    endloop
  endfacet
  facet normal 0 0 -1
    outer loop
      vertex 193.706 145.522 0
      vertex 200.2 153 0
      vertex 194.033 145.591 0
    endloop
  endfacet
  facet normal 0 0 -1
    outer loop
      vertex 193.4 145.386 0
      vertex 200.2 153 0
      vertex 193.706 145.522 0
    endloop
  endfacet
  facet normal 0 0 -1
    outer loop
      vertex 193.129 145.189 0
      vertex 200.2 153 0
      vertex 193.4 145.386 0
    endloop
  endfacet
  facet normal 0 0 -1
    outer loop
      vertex 194.367 10.5912 0
      vertex 177.5 26.5 0
      vertex 177.5 36.5 0
    endloop
  endfacet
  facet normal 0 0 -1
    outer loop
      vertex 194.694 10.5217 0
      vertex 177.5 36.5 0
      vertex 177.5 37.5 0
    endloop
  endfacet
  facet normal 0 0 -1
    outer loop
      vertex 195 10.3856 0
      vertex 177.5 37.5 0
      vertex 177.5 47.5 0
    endloop
  endfacet
  facet normal 0 0 -1
    outer loop
      vertex 195.271 10.189 0
      vertex 177.5 47.5 0
      vertex 177.5 48.5 0
    endloop
  endfacet
  facet normal 0 0 -1
    outer loop
      vertex 195.271 10.189 0
      vertex 177.5 48.5 0
      vertex 177.5 58.5 0
    endloop
  endfacet
  facet normal 0 0 -1
    outer loop
      vertex 203.2 3 0
      vertex 177.5 58.5 0
      vertex 177.5 59.5 0
    endloop
  endfacet
  facet normal 0 0 -1
    outer loop
      vertex 203.2 3 0
      vertex 177.5 59.5 0
      vertex 177.5 69.5 0
    endloop
  endfacet
  facet normal 0 0 -1
    outer loop
      vertex 203.2 3 0
      vertex 177.5 69.5 0
      vertex 177.5 70.5 0
    endloop
  endfacet
  facet normal 0 0 -1
    outer loop
      vertex 177.5 124.5 0
      vertex 194.694 142.478 0
      vertex 177.5 114.5 0
    endloop
  endfacet
  facet normal 0 0 -1
    outer loop
      vertex 194.694 142.478 0
      vertex 177.5 124.5 0
      vertex 194.367 142.409 0
    endloop
  endfacet
  facet normal 0 0 -1
    outer loop
      vertex 177.5 125.5 0
      vertex 194.367 142.409 0
      vertex 177.5 124.5 0
    endloop
  endfacet
  facet normal -0 0 -1
    outer loop
      vertex 194.367 142.409 0
      vertex 177.5 125.5 0
      vertex 194.033 142.409 0
    endloop
  endfacet
  facet normal -0 0 -1
    outer loop
      vertex 194.033 142.409 0
      vertex 177.5 125.5 0
      vertex 193.706 142.478 0
    endloop
  endfacet
  facet normal -0 0 -1
    outer loop
      vertex 193.706 142.478 0
      vertex 177.5 125.5 0
      vertex 193.4 142.614 0
    endloop
  endfacet
  facet normal -0 0 -1
    outer loop
      vertex 193.4 142.614 0
      vertex 177.5 125.5 0
      vertex 193.129 142.811 0
    endloop
  endfacet
  facet normal 0 0 -1
    outer loop
      vertex 176 127 0
      vertex 193.129 142.811 0
      vertex 177.5 125.5 0
    endloop
  endfacet
  facet normal -0 0 -1
    outer loop
      vertex 193.129 142.811 0
      vertex 176 127 0
      vertex 192.906 143.06 0
    endloop
  endfacet
  facet normal -0 0 -1
    outer loop
      vertex 192.906 143.06 0
      vertex 176 127 0
      vertex 192.738 143.349 0
    endloop
  endfacet
  facet normal -0 0 -1
    outer loop
      vertex 192.738 143.349 0
      vertex 176 127 0
      vertex 192.635 143.667 0
    endloop
  endfacet
  facet normal -0 0 -1
    outer loop
      vertex 192.635 143.667 0
      vertex 176 127 0
      vertex 192.6 144 0
    endloop
  endfacet
  facet normal -0 0 -1
    outer loop
      vertex 192.6 144 0
      vertex 176 127 0
      vertex 192.635 144.333 0
    endloop
  endfacet
  facet normal 0 0 -1
    outer loop
      vertex 164 127 0
      vertex 192.635 144.333 0
      vertex 176 127 0
    endloop
  endfacet
  facet normal -0 0 -1
    outer loop
      vertex 192.635 144.333 0
      vertex 164 127 0
      vertex 192.738 144.651 0
    endloop
  endfacet
  facet normal -0 0 -1
    outer loop
      vertex 192.738 144.651 0
      vertex 164 127 0
      vertex 192.906 144.94 0
    endloop
  endfacet
  facet normal 0 0 -1
    outer loop
      vertex 152 127 0
      vertex 192.906 144.94 0
      vertex 164 127 0
    endloop
  endfacet
  facet normal -0 0 -1
    outer loop
      vertex 192.906 144.94 0
      vertex 152 127 0
      vertex 193.129 145.189 0
    endloop
  endfacet
  facet normal -0 0 -1
    outer loop
      vertex 162.5 36.5 0
      vertex 153.5 26.5 0
      vertex 153.5 36.5 0
    endloop
  endfacet
  facet normal 0 0 -1
    outer loop
      vertex 162.5 37.5 0
      vertex 153.5 37.5 0
      vertex 162.5 47.5 0
    endloop
  endfacet
  facet normal 0 0 -1
    outer loop
      vertex 153.5 48.5 0
      vertex 162.5 48.5 0
      vertex 153.5 47.5 0
    endloop
  endfacet
  facet normal 0 0 -1
    outer loop
      vertex 162.5 58.5 0
      vertex 153.5 58.5 0
      vertex 162.5 59.5 0
    endloop
  endfacet
  facet normal 0 0 -1
    outer loop
      vertex 153.5 69.5 0
      vertex 162.5 69.5 0
      vertex 153.5 59.5 0
    endloop
  endfacet
  facet normal 0 0 -1
    outer loop
      vertex 153.5 70.5 0
      vertex 162.5 70.5 0
      vertex 153.5 69.5 0
    endloop
  endfacet
  facet normal 0 0 -1
    outer loop
      vertex 162.5 80.5 0
      vertex 153.5 80.5 0
      vertex 162.5 81.5 0
    endloop
  endfacet
  facet normal 0 0 -1
    outer loop
      vertex 153.5 91.5 0
      vertex 162.5 91.5 0
      vertex 153.5 81.5 0
    endloop
  endfacet
  facet normal 0 0 -1
    outer loop
      vertex 153.5 102.5 0
      vertex 162.5 102.5 0
      vertex 153.5 92.5 0
    endloop
  endfacet
  facet normal 0 0 -1
    outer loop
      vertex 162.5 102.5 0
      vertex 153.5 102.5 0
      vertex 162.5 103.5 0
    endloop
  endfacet
  facet normal 0 0 -1
    outer loop
      vertex 153.5 103.5 0
      vertex 162.5 103.5 0
      vertex 153.5 102.5 0
    endloop
  endfacet
  facet normal 0 0 -1
    outer loop
      vertex 162.5 103.5 0
      vertex 153.5 103.5 0
      vertex 162.5 113.5 0
    endloop
  endfacet
  facet normal 0 0 -1
    outer loop
      vertex 153.5 113.5 0
      vertex 162.5 113.5 0
      vertex 153.5 103.5 0
    endloop
  endfacet
  facet normal 0 0 -1
    outer loop
      vertex 162.5 113.5 0
      vertex 153.5 113.5 0
      vertex 162.5 114.5 0
    endloop
  endfacet
  facet normal 0 0 -1
    outer loop
      vertex 153.5 114.5 0
      vertex 162.5 114.5 0
      vertex 153.5 113.5 0
    endloop
  endfacet
  facet normal 0 0 -1
    outer loop
      vertex 162.5 114.5 0
      vertex 153.5 114.5 0
      vertex 162.5 124.5 0
    endloop
  endfacet
  facet normal 0 0 -1
    outer loop
      vertex 153.5 124.5 0
      vertex 162.5 124.5 0
      vertex 153.5 114.5 0
    endloop
  endfacet
  facet normal 0 0 -1
    outer loop
      vertex 162.5 124.5 0
      vertex 153.5 124.5 0
      vertex 162.5 125.5 0
    endloop
  endfacet
  facet normal 0 0 -1
    outer loop
      vertex 153.5 125.5 0
      vertex 162.5 125.5 0
      vertex 153.5 124.5 0
    endloop
  endfacet
  facet normal 0 0 -1
    outer loop
      vertex 162.5 125.5 0
      vertex 153.5 125.5 0
      vertex 164 127 0
    endloop
  endfacet
  facet normal 0 0 -1
    outer loop
      vertex 152 127 0
      vertex 164 127 0
      vertex 153.5 125.5 0
    endloop
  endfacet
  facet normal -0 0 -1
    outer loop
      vertex 193.129 145.189 0
      vertex 152 127 0
      vertex 200.2 153 0
    endloop
  endfacet
  facet normal 0 0 -1
    outer loop
      vertex 140 127 0
      vertex 200.2 153 0
      vertex 152 127 0
    endloop
  endfacet
  facet normal -0 0 -1
    outer loop
      vertex 138.5 36.5 0
      vertex 129.5 26.5 0
      vertex 129.5 36.5 0
    endloop
  endfacet
  facet normal 0 0 -1
    outer loop
      vertex 138.5 37.5 0
      vertex 129.5 37.5 0
      vertex 138.5 47.5 0
    endloop
  endfacet
  facet normal 0 0 -1
    outer loop
      vertex 129.5 48.5 0
      vertex 138.5 48.5 0
      vertex 129.5 47.5 0
    endloop
  endfacet
  facet normal 0 0 -1
    outer loop
      vertex 138.5 58.5 0
      vertex 129.5 58.5 0
      vertex 138.5 59.5 0
    endloop
  endfacet
  facet normal 0 0 -1
    outer loop
      vertex 129.5 69.5 0
      vertex 138.5 69.5 0
      vertex 129.5 59.5 0
    endloop
  endfacet
  facet normal 0 0 -1
    outer loop
      vertex 129.5 70.5 0
      vertex 138.5 70.5 0
      vertex 129.5 69.5 0
    endloop
  endfacet
  facet normal 0 0 -1
    outer loop
      vertex 138.5 80.5 0
      vertex 129.5 80.5 0
      vertex 138.5 81.5 0
    endloop
  endfacet
  facet normal 0 0 -1
    outer loop
      vertex 129.5 91.5 0
      vertex 138.5 91.5 0
      vertex 129.5 81.5 0
    endloop
  endfacet
  facet normal 0 0 -1
    outer loop
      vertex 129.5 102.5 0
      vertex 138.5 102.5 0
      vertex 129.5 92.5 0
    endloop
  endfacet
  facet normal 0 0 -1
    outer loop
      vertex 138.5 102.5 0
      vertex 129.5 102.5 0
      vertex 138.5 103.5 0
    endloop
  endfacet
  facet normal 0 0 -1
    outer loop
      vertex 129.5 103.5 0
      vertex 138.5 103.5 0
      vertex 129.5 102.5 0
    endloop
  endfacet
  facet normal 0 0 -1
    outer loop
      vertex 138.5 103.5 0
      vertex 129.5 103.5 0
      vertex 138.5 113.5 0
    endloop
  endfacet
  facet normal 0 0 -1
    outer loop
      vertex 129.5 113.5 0
      vertex 138.5 113.5 0
      vertex 129.5 103.5 0
    endloop
  endfacet
  facet normal 0 0 -1
    outer loop
      vertex 138.5 113.5 0
      vertex 129.5 113.5 0
      vertex 138.5 114.5 0
    endloop
  endfacet
  facet normal 0 0 -1
    outer loop
      vertex 129.5 114.5 0
      vertex 138.5 114.5 0
      vertex 129.5 113.5 0
    endloop
  endfacet
  facet normal 0 0 -1
    outer loop
      vertex 138.5 114.5 0
      vertex 129.5 114.5 0
      vertex 138.5 124.5 0
    endloop
  endfacet
  facet normal 0 0 -1
    outer loop
      vertex 129.5 124.5 0
      vertex 138.5 124.5 0
      vertex 129.5 114.5 0
    endloop
  endfacet
  facet normal 0 0 -1
    outer loop
      vertex 138.5 124.5 0
      vertex 129.5 124.5 0
      vertex 138.5 125.5 0
    endloop
  endfacet
  facet normal 0 0 -1
    outer loop
      vertex 129.5 125.5 0
      vertex 138.5 125.5 0
      vertex 129.5 124.5 0
    endloop
  endfacet
  facet normal 0 0 -1
    outer loop
      vertex 138.5 125.5 0
      vertex 129.5 125.5 0
      vertex 140 127 0
    endloop
  endfacet
  facet normal 0 0 -1
    outer loop
      vertex 128 127 0
      vertex 140 127 0
      vertex 129.5 125.5 0
    endloop
  endfacet
  facet normal 0 0 -1
    outer loop
      vertex 140 127 0
      vertex 128 127 0
      vertex 200.2 153 0
    endloop
  endfacet
  facet normal 0 0 -1
    outer loop
      vertex 116 127 0
      vertex 200.2 153 0
      vertex 128 127 0
    endloop
  endfacet
  facet normal 0 0 -1
    outer loop
      vertex 105.5 80.5 0
      vertex 114.5 80.5 0
      vertex 105.5 70.5 0
    endloop
  endfacet
  facet normal 0 0 -1
    outer loop
      vertex 114.5 80.5 0
      vertex 105.5 80.5 0
      vertex 114.5 81.5 0
    endloop
  endfacet
  facet normal 0 0 -1
    outer loop
      vertex 105.5 81.5 0
      vertex 114.5 81.5 0
      vertex 105.5 80.5 0
    endloop
  endfacet
  facet normal 0 0 -1
    outer loop
      vertex 114.5 81.5 0
      vertex 105.5 81.5 0
      vertex 114.5 91.5 0
    endloop
  endfacet
  facet normal 0 0 -1
    outer loop
      vertex 105.5 91.5 0
      vertex 114.5 91.5 0
      vertex 105.5 81.5 0
    endloop
  endfacet
  facet normal 0 0 -1
    outer loop
      vertex 114.5 91.5 0
      vertex 105.5 91.5 0
      vertex 114.5 92.5 0
    endloop
  endfacet
  facet normal 0 0 -1
    outer loop
      vertex 105.5 92.5 0
      vertex 114.5 92.5 0
      vertex 105.5 91.5 0
    endloop
  endfacet
  facet normal 0 0 -1
    outer loop
      vertex 114.5 92.5 0
      vertex 105.5 92.5 0
      vertex 114.5 102.5 0
    endloop
  endfacet
  facet normal 0 0 -1
    outer loop
      vertex 105.5 102.5 0
      vertex 114.5 102.5 0
      vertex 105.5 92.5 0
    endloop
  endfacet
  facet normal 0 0 -1
    outer loop
      vertex 114.5 102.5 0
      vertex 105.5 102.5 0
      vertex 114.5 103.5 0
    endloop
  endfacet
  facet normal 0 0 -1
    outer loop
      vertex 105.5 103.5 0
      vertex 114.5 103.5 0
      vertex 105.5 102.5 0
    endloop
  endfacet
  facet normal 0 0 -1
    outer loop
      vertex 114.5 103.5 0
      vertex 105.5 103.5 0
      vertex 114.5 113.5 0
    endloop
  endfacet
  facet normal 0 0 -1
    outer loop
      vertex 105.5 113.5 0
      vertex 114.5 113.5 0
      vertex 105.5 103.5 0
    endloop
  endfacet
  facet normal 0 0 -1
    outer loop
      vertex 114.5 113.5 0
      vertex 105.5 113.5 0
      vertex 114.5 114.5 0
    endloop
  endfacet
  facet normal 0 0 -1
    outer loop
      vertex 105.5 114.5 0
      vertex 114.5 114.5 0
      vertex 105.5 113.5 0
    endloop
  endfacet
  facet normal 0 0 -1
    outer loop
      vertex 114.5 114.5 0
      vertex 105.5 114.5 0
      vertex 114.5 124.5 0
    endloop
  endfacet
  facet normal 0 0 -1
    outer loop
      vertex 105.5 124.5 0
      vertex 114.5 124.5 0
      vertex 105.5 114.5 0
    endloop
  endfacet
  facet normal 0 0 -1
    outer loop
      vertex 114.5 124.5 0
      vertex 105.5 124.5 0
      vertex 114.5 125.5 0
    endloop
  endfacet
  facet normal 0 0 -1
    outer loop
      vertex 105.5 125.5 0
      vertex 114.5 125.5 0
      vertex 105.5 124.5 0
    endloop
  endfacet
  facet normal 0 0 -1
    outer loop
      vertex 114.5 125.5 0
      vertex 105.5 125.5 0
      vertex 116 127 0
    endloop
  endfacet
  facet normal 0 0 -1
    outer loop
      vertex 104 127 0
      vertex 116 127 0
      vertex 105.5 125.5 0
    endloop
  endfacet
  facet normal 0 0 -1
    outer loop
      vertex 116 127 0
      vertex 104 127 0
      vertex 200.2 153 0
    endloop
  endfacet
  facet normal 0 0 -1
    outer loop
      vertex 3 153 0
      vertex 104 127 0
      vertex 92 127 0
    endloop
  endfacet
  facet normal 0 0 -1
    outer loop
      vertex 81.5 81.5 0
      vertex 90.5 81.5 0
      vertex 81.5 80.5 0
    endloop
  endfacet
  facet normal 0 0 -1
    outer loop
      vertex 81.5 26.5 0
      vertex 82.7411 20.5418 0
      vertex 81.5 25.5 0
    endloop
  endfacet
  facet normal 0 0 -1
    outer loop
      vertex 81.5 36.5 0
      vertex 82.7411 20.5418 0
      vertex 81.5 26.5 0
    endloop
  endfacet
  facet normal 0 0 -1
    outer loop
      vertex 81.5 37.5 0
      vertex 82.7411 20.5418 0
      vertex 81.5 36.5 0
    endloop
  endfacet
  facet normal 0 0 -1
    outer loop
      vertex 81.5 47.5 0
      vertex 82.7411 20.5418 0
      vertex 81.5 37.5 0
    endloop
  endfacet
  facet normal 0 0 -1
    outer loop
      vertex 90.5 81.5 0
      vertex 81.5 81.5 0
      vertex 90.5 91.5 0
    endloop
  endfacet
  facet normal 0 0 -1
    outer loop
      vertex 81.5 91.5 0
      vertex 90.5 91.5 0
      vertex 81.5 81.5 0
    endloop
  endfacet
  facet normal 0 0 -1
    outer loop
      vertex 90.5 91.5 0
      vertex 81.5 91.5 0
      vertex 90.5 92.5 0
    endloop
  endfacet
  facet normal 0 0 -1
    outer loop
      vertex 81.5 92.5 0
      vertex 90.5 92.5 0
      vertex 81.5 91.5 0
    endloop
  endfacet
  facet normal 0 0 -1
    outer loop
      vertex 90.5 92.5 0
      vertex 81.5 92.5 0
      vertex 90.5 102.5 0
    endloop
  endfacet
  facet normal 0 0 -1
    outer loop
      vertex 81.5 102.5 0
      vertex 90.5 102.5 0
      vertex 81.5 92.5 0
    endloop
  endfacet
  facet normal 0 0 -1
    outer loop
      vertex 90.5 102.5 0
      vertex 81.5 102.5 0
      vertex 90.5 103.5 0
    endloop
  endfacet
  facet normal 0 0 -1
    outer loop
      vertex 81.5 103.5 0
      vertex 90.5 103.5 0
      vertex 81.5 102.5 0
    endloop
  endfacet
  facet normal 0 0 -1
    outer loop
      vertex 90.5 103.5 0
      vertex 81.5 103.5 0
      vertex 90.5 113.5 0
    endloop
  endfacet
  facet normal 0 0 -1
    outer loop
      vertex 81.5 113.5 0
      vertex 90.5 113.5 0
      vertex 81.5 103.5 0
    endloop
  endfacet
  facet normal 0 0 -1
    outer loop
      vertex 90.5 113.5 0
      vertex 81.5 113.5 0
      vertex 90.5 114.5 0
    endloop
  endfacet
  facet normal 0 0 -1
    outer loop
      vertex 81.5 114.5 0
      vertex 90.5 114.5 0
      vertex 81.5 113.5 0
    endloop
  endfacet
  facet normal 0 0 -1
    outer loop
      vertex 90.5 114.5 0
      vertex 81.5 114.5 0
      vertex 90.5 124.5 0
    endloop
  endfacet
  facet normal 0 0 -1
    outer loop
      vertex 81.5 124.5 0
      vertex 90.5 124.5 0
      vertex 81.5 114.5 0
    endloop
  endfacet
  facet normal 0 0 -1
    outer loop
      vertex 90.5 124.5 0
      vertex 81.5 124.5 0
      vertex 90.5 125.5 0
    endloop
  endfacet
  facet normal 0 0 -1
    outer loop
      vertex 81.5 125.5 0
      vertex 90.5 125.5 0
      vertex 81.5 124.5 0
    endloop
  endfacet
  facet normal 0 0 -1
    outer loop
      vertex 90.5 125.5 0
      vertex 81.5 125.5 0
      vertex 92 127 0
    endloop
  endfacet
  facet normal 0 0 -1
    outer loop
      vertex 80 127 0
      vertex 92 127 0
      vertex 81.5 125.5 0
    endloop
  endfacet
  facet normal 0 0 -1
    outer loop
      vertex 3 153 0
      vertex 92 127 0
      vertex 80 127 0
    endloop
  endfacet
  facet normal 0 0 -1
    outer loop
      vertex 3 153 0
      vertex 80 127 0
      vertex 68 127 0
    endloop
  endfacet
  facet normal -0 0 -1
    outer loop
      vertex 66.5 36.5 0
      vertex 57.5 26.5 0
      vertex 57.5 36.5 0
    endloop
  endfacet
  facet normal 0 0 -1
    outer loop
      vertex 66.5 37.5 0
      vertex 57.5 37.5 0
      vertex 66.5 47.5 0
    endloop
  endfacet
  facet normal 0 0 -1
    outer loop
      vertex 57.5 48.5 0
      vertex 66.5 48.5 0
      vertex 57.5 47.5 0
    endloop
  endfacet
  facet normal 0 0 -1
    outer loop
      vertex 66.5 58.5 0
      vertex 57.5 58.5 0
      vertex 66.5 59.5 0
    endloop
  endfacet
  facet normal 0 0 -1
    outer loop
      vertex 57.5 69.5 0
      vertex 66.5 69.5 0
      vertex 57.5 59.5 0
    endloop
  endfacet
  facet normal 0 0 -1
    outer loop
      vertex 57.5 70.5 0
      vertex 66.5 70.5 0
      vertex 57.5 69.5 0
    endloop
  endfacet
  facet normal 0 0 -1
    outer loop
      vertex 66.5 80.5 0
      vertex 57.5 80.5 0
      vertex 66.5 81.5 0
    endloop
  endfacet
  facet normal 0 0 -1
    outer loop
      vertex 57.5 91.5 0
      vertex 66.5 91.5 0
      vertex 57.5 81.5 0
    endloop
  endfacet
  facet normal 0 0 -1
    outer loop
      vertex 57.5 102.5 0
      vertex 66.5 102.5 0
      vertex 57.5 92.5 0
    endloop
  endfacet
  facet normal 0 0 -1
    outer loop
      vertex 66.5 102.5 0
      vertex 57.5 102.5 0
      vertex 66.5 103.5 0
    endloop
  endfacet
  facet normal 0 0 -1
    outer loop
      vertex 57.5 103.5 0
      vertex 66.5 103.5 0
      vertex 57.5 102.5 0
    endloop
  endfacet
  facet normal 0 0 -1
    outer loop
      vertex 66.5 103.5 0
      vertex 57.5 103.5 0
      vertex 66.5 113.5 0
    endloop
  endfacet
  facet normal 0 0 -1
    outer loop
      vertex 57.5 113.5 0
      vertex 66.5 113.5 0
      vertex 57.5 103.5 0
    endloop
  endfacet
  facet normal 0 0 -1
    outer loop
      vertex 66.5 113.5 0
      vertex 57.5 113.5 0
      vertex 66.5 114.5 0
    endloop
  endfacet
  facet normal 0 0 -1
    outer loop
      vertex 57.5 114.5 0
      vertex 66.5 114.5 0
      vertex 57.5 113.5 0
    endloop
  endfacet
  facet normal 0 0 -1
    outer loop
      vertex 66.5 114.5 0
      vertex 57.5 114.5 0
      vertex 66.5 124.5 0
    endloop
  endfacet
  facet normal 0 0 -1
    outer loop
      vertex 57.5 124.5 0
      vertex 66.5 124.5 0
      vertex 57.5 114.5 0
    endloop
  endfacet
  facet normal 0 0 -1
    outer loop
      vertex 66.5 124.5 0
      vertex 57.5 124.5 0
      vertex 66.5 125.5 0
    endloop
  endfacet
  facet normal 0 0 -1
    outer loop
      vertex 57.5 125.5 0
      vertex 66.5 125.5 0
      vertex 57.5 124.5 0
    endloop
  endfacet
  facet normal 0 0 -1
    outer loop
      vertex 66.5 125.5 0
      vertex 57.5 125.5 0
      vertex 68 127 0
    endloop
  endfacet
  facet normal 0 0 -1
    outer loop
      vertex 56 127 0
      vertex 68 127 0
      vertex 57.5 125.5 0
    endloop
  endfacet
  facet normal 0 0 -1
    outer loop
      vertex 3 153 0
      vertex 68 127 0
      vertex 56 127 0
    endloop
  endfacet
  facet normal 0 0 -1
    outer loop
      vertex 10.2944 144.94 0
      vertex 56 127 0
      vertex 44 127 0
    endloop
  endfacet
  facet normal -0 0 -1
    outer loop
      vertex 42.5 36.5 0
      vertex 33.5 26.5 0
      vertex 33.5 36.5 0
    endloop
  endfacet
  facet normal 0 0 -1
    outer loop
      vertex 42.5 37.5 0
      vertex 33.5 37.5 0
      vertex 42.5 47.5 0
    endloop
  endfacet
  facet normal 0 0 -1
    outer loop
      vertex 33.5 48.5 0
      vertex 42.5 48.5 0
      vertex 33.5 47.5 0
    endloop
  endfacet
  facet normal 0 0 -1
    outer loop
      vertex 42.5 58.5 0
      vertex 33.5 58.5 0
      vertex 42.5 59.5 0
    endloop
  endfacet
  facet normal 0 0 -1
    outer loop
      vertex 33.5 69.5 0
      vertex 42.5 69.5 0
      vertex 33.5 59.5 0
    endloop
  endfacet
  facet normal 0 0 -1
    outer loop
      vertex 33.5 70.5 0
      vertex 42.5 70.5 0
      vertex 33.5 69.5 0
    endloop
  endfacet
  facet normal 0 0 -1
    outer loop
      vertex 42.5 80.5 0
      vertex 33.5 80.5 0
      vertex 42.5 81.5 0
    endloop
  endfacet
  facet normal 0 0 -1
    outer loop
      vertex 33.5 91.5 0
      vertex 42.5 91.5 0
      vertex 33.5 81.5 0
    endloop
  endfacet
  facet normal 0 0 -1
    outer loop
      vertex 33.5 102.5 0
      vertex 42.5 102.5 0
      vertex 33.5 92.5 0
    endloop
  endfacet
  facet normal 0 0 -1
    outer loop
      vertex 42.5 102.5 0
      vertex 33.5 102.5 0
      vertex 42.5 103.5 0
    endloop
  endfacet
  facet normal 0 0 -1
    outer loop
      vertex 33.5 103.5 0
      vertex 42.5 103.5 0
      vertex 33.5 102.5 0
    endloop
  endfacet
  facet normal 0 0 -1
    outer loop
      vertex 42.5 103.5 0
      vertex 33.5 103.5 0
      vertex 42.5 113.5 0
    endloop
  endfacet
  facet normal 0 0 -1
    outer loop
      vertex 33.5 113.5 0
      vertex 42.5 113.5 0
      vertex 33.5 103.5 0
    endloop
  endfacet
  facet normal 0 0 -1
    outer loop
      vertex 42.5 113.5 0
      vertex 33.5 113.5 0
      vertex 42.5 114.5 0
    endloop
  endfacet
  facet normal 0 0 -1
    outer loop
      vertex 33.5 114.5 0
      vertex 42.5 114.5 0
      vertex 33.5 113.5 0
    endloop
  endfacet
  facet normal 0 0 -1
    outer loop
      vertex 42.5 114.5 0
      vertex 33.5 114.5 0
      vertex 42.5 124.5 0
    endloop
  endfacet
  facet normal 0 0 -1
    outer loop
      vertex 33.5 124.5 0
      vertex 42.5 124.5 0
      vertex 33.5 114.5 0
    endloop
  endfacet
  facet normal 0 0 -1
    outer loop
      vertex 42.5 124.5 0
      vertex 33.5 124.5 0
      vertex 42.5 125.5 0
    endloop
  endfacet
  facet normal 0 0 -1
    outer loop
      vertex 33.5 125.5 0
      vertex 42.5 125.5 0
      vertex 33.5 124.5 0
    endloop
  endfacet
  facet normal 0 0 -1
    outer loop
      vertex 42.5 125.5 0
      vertex 33.5 125.5 0
      vertex 44 127 0
    endloop
  endfacet
  facet normal 0 0 -1
    outer loop
      vertex 32 127 0
      vertex 44 127 0
      vertex 33.5 125.5 0
    endloop
  endfacet
  facet normal 0 0 -1
    outer loop
      vertex 10.4617 144.651 0
      vertex 44 127 0
      vertex 32 127 0
    endloop
  endfacet
  facet normal 0 0 -1
    outer loop
      vertex 10.6 144 0
      vertex 32 127 0
      vertex 20 127 0
    endloop
  endfacet
  facet normal 0 0 -1
    outer loop
      vertex 18.5 124.5 0
      vertex 10.6 144 0
      vertex 18.5 125.5 0
    endloop
  endfacet
  facet normal 0 0 -1
    outer loop
      vertex 10.6 144 0
      vertex 20 127 0
      vertex 18.5 125.5 0
    endloop
  endfacet
  facet normal 0 0 -1
    outer loop
      vertex 32 127 0
      vertex 10.6 144 0
      vertex 10.565 144.333 0
    endloop
  endfacet
  facet normal 0 0 -1
    outer loop
      vertex 32 127 0
      vertex 10.565 144.333 0
      vertex 10.4617 144.651 0
    endloop
  endfacet
  facet normal 0 0 -1
    outer loop
      vertex 44 127 0
      vertex 10.4617 144.651 0
      vertex 10.2944 144.94 0
    endloop
  endfacet
  facet normal 0 0 -1
    outer loop
      vertex 56 127 0
      vertex 10.2944 144.94 0
      vertex 10.0706 145.189 0
    endloop
  endfacet
  facet normal 0 0 -1
    outer loop
      vertex 56 127 0
      vertex 10.0706 145.189 0
      vertex 3 153 0
    endloop
  endfacet
  facet normal 0 0 -1
    outer loop
      vertex 3 153 0
      vertex 10.0706 145.189 0
      vertex 9.8 145.386 0
    endloop
  endfacet
  facet normal 0 0 -1
    outer loop
      vertex 3 153 0
      vertex 9.8 145.386 0
      vertex 9.49443 145.522 0
    endloop
  endfacet
  facet normal 0 0 -1
    outer loop
      vertex 3 153 0
      vertex 9.49443 145.522 0
      vertex 9.16724 145.591 0
    endloop
  endfacet
  facet normal 0 0 -1
    outer loop
      vertex 3 153 0
      vertex 9.16724 145.591 0
      vertex 8.83275 145.591 0
    endloop
  endfacet
  facet normal 0 0 -1
    outer loop
      vertex 104 127 0
      vertex 3 153 0
      vertex 200.2 153 0
    endloop
  endfacet
  facet normal 0 0 -1
    outer loop
      vertex 8.50557 145.522 0
      vertex 3 153 0
      vertex 8.83275 145.591 0
    endloop
  endfacet
  facet normal 0 0 -1
    outer loop
      vertex 8.2 145.386 0
      vertex 3 153 0
      vertex 8.50557 145.522 0
    endloop
  endfacet
  facet normal 0 0 -1
    outer loop
      vertex 7.92939 145.189 0
      vertex 3 153 0
      vertex 8.2 145.386 0
    endloop
  endfacet
  facet normal 0 0 -1
    outer loop
      vertex 0 150 0
      vertex 7.92939 145.189 0
      vertex 7.70557 144.94 0
    endloop
  endfacet
  facet normal 0 0 -1
    outer loop
      vertex 0 150 0
      vertex 7.70557 144.94 0
      vertex 7.53833 144.651 0
    endloop
  endfacet
  facet normal 0 0 -1
    outer loop
      vertex 0 150 0
      vertex 7.53833 144.651 0
      vertex 7.43496 144.333 0
    endloop
  endfacet
  facet normal 0 0 -1
    outer loop
      vertex 0 150 0
      vertex 7.43496 144.333 0
      vertex 7.4 144 0
    endloop
  endfacet
  facet normal 0 0 -1
    outer loop
      vertex 7.53833 143.349 0
      vertex 0 150 0
      vertex 7.43496 143.667 0
    endloop
  endfacet
  facet normal 0 0 -1
    outer loop
      vertex 7.92939 145.189 0
      vertex 0 150 0
      vertex 3 153 0
    endloop
  endfacet
  facet normal 0 0 -1
    outer loop
      vertex 0 3 0
      vertex 3 0 0
      vertex 0.572952 1.23665 0
    endloop
  endfacet
  facet normal 0 0 -1
    outer loop
      vertex 7.43496 143.667 0
      vertex 0 150 0
      vertex 7.4 144 0
    endloop
  endfacet
  facet normal 0 0 -1
    outer loop
      vertex 3 153 0
      vertex 0 150 0
      vertex 1.23665 152.427 0
    endloop
  endfacet
  facet normal 0 0 -1
    outer loop
      vertex 122.6 17 0
      vertex 128 24 0
      vertex 122.6 11 0
    endloop
  endfacet
  facet normal 0 0 -1
    outer loop
      vertex 122.142 18.8589 0
      vertex 128 24 0
      vertex 122.6 17 0
    endloop
  endfacet
  facet normal 0 0 -1
    outer loop
      vertex 120.872 20.2919 0
      vertex 128 24 0
      vertex 122.142 18.8589 0
    endloop
  endfacet
  facet normal 0 0 -1
    outer loop
      vertex 116 24 0
      vertex 120.872 20.2919 0
      vertex 118.6 21 0
    endloop
  endfacet
  facet normal 0 0 -1
    outer loop
      vertex 120.872 20.2919 0
      vertex 116 24 0
      vertex 128 24 0
    endloop
  endfacet
  facet normal 0 0 -1
    outer loop
      vertex 104 24 0
      vertex 116 24 0
      vertex 118.6 21 0
    endloop
  endfacet
  facet normal 0 0 -1
    outer loop
      vertex 105.5 25.5 0
      vertex 114.5 26.5 0
      vertex 114.5 25.5 0
    endloop
  endfacet
  facet normal 0 0 -1
    outer loop
      vertex 105.5 26.5 0
      vertex 114.5 26.5 0
      vertex 105.5 25.5 0
    endloop
  endfacet
  facet normal 0 0 -1
    outer loop
      vertex 114.5 26.5 0
      vertex 105.5 26.5 0
      vertex 114.5 36.5 0
    endloop
  endfacet
  facet normal 0 0 -1
    outer loop
      vertex 105.5 36.5 0
      vertex 114.5 36.5 0
      vertex 105.5 26.5 0
    endloop
  endfacet
  facet normal 0 0 -1
    outer loop
      vertex 114.5 36.5 0
      vertex 105.5 36.5 0
      vertex 114.5 37.5 0
    endloop
  endfacet
  facet normal 0 0 -1
    outer loop
      vertex 105.5 37.5 0
      vertex 114.5 37.5 0
      vertex 105.5 36.5 0
    endloop
  endfacet
  facet normal 0 0 -1
    outer loop
      vertex 114.5 37.5 0
      vertex 105.5 37.5 0
      vertex 114.5 47.5 0
    endloop
  endfacet
  facet normal 0 0 -1
    outer loop
      vertex 105.5 47.5 0
      vertex 114.5 47.5 0
      vertex 105.5 37.5 0
    endloop
  endfacet
  facet normal 0 0 -1
    outer loop
      vertex 114.5 47.5 0
      vertex 105.5 47.5 0
      vertex 114.5 48.5 0
    endloop
  endfacet
  facet normal 0 0 -1
    outer loop
      vertex 105.5 48.5 0
      vertex 114.5 48.5 0
      vertex 105.5 47.5 0
    endloop
  endfacet
  facet normal 0 0 -1
    outer loop
      vertex 114.5 48.5 0
      vertex 105.5 48.5 0
      vertex 114.5 58.5 0
    endloop
  endfacet
  facet normal 0 0 -1
    outer loop
      vertex 105.5 58.5 0
      vertex 114.5 58.5 0
      vertex 105.5 48.5 0
    endloop
  endfacet
  facet normal 0 0 -1
    outer loop
      vertex 114.5 58.5 0
      vertex 105.5 58.5 0
      vertex 114.5 59.5 0
    endloop
  endfacet
  facet normal 0 0 -1
    outer loop
      vertex 105.5 59.5 0
      vertex 114.5 59.5 0
      vertex 105.5 58.5 0
    endloop
  endfacet
  facet normal 0 0 -1
    outer loop
      vertex 114.5 59.5 0
      vertex 105.5 59.5 0
      vertex 114.5 69.5 0
    endloop
  endfacet
  facet normal 0 0 -1
    outer loop
      vertex 105.5 69.5 0
      vertex 114.5 69.5 0
      vertex 105.5 59.5 0
    endloop
  endfacet
  facet normal 0 0 -1
    outer loop
      vertex 114.5 69.5 0
      vertex 105.5 69.5 0
      vertex 114.5 70.5 0
    endloop
  endfacet
  facet normal 0 0 -1
    outer loop
      vertex 105.5 70.5 0
      vertex 114.5 70.5 0
      vertex 105.5 69.5 0
    endloop
  endfacet
  facet normal 0 0 -1
    outer loop
      vertex 114.5 70.5 0
      vertex 105.5 70.5 0
      vertex 114.5 80.5 0
    endloop
  endfacet
  facet normal 0 0 -1
    outer loop
      vertex 116 24 0
      vertex 104 24 0
      vertex 114.5 25.5 0
    endloop
  endfacet
  facet normal -0 0 -1
    outer loop
      vertex 114.5 25.5 0
      vertex 104 24 0
      vertex 105.5 25.5 0
    endloop
  endfacet
  facet normal 0 0 -1
    outer loop
      vertex 84.6 21 0
      vertex 104 24 0
      vertex 118.6 21 0
    endloop
  endfacet
  facet normal 0 0 -1
    outer loop
      vertex 84.6 21 0
      vertex 90.5 26.5 0
      vertex 90.5 25.5 0
    endloop
  endfacet
  facet normal 0 0 -1
    outer loop
      vertex 82.7411 20.5418 0
      vertex 90.5 26.5 0
      vertex 84.6 21 0
    endloop
  endfacet
  facet normal -0 0 -1
    outer loop
      vertex 90.5 26.5 0
      vertex 82.7411 20.5418 0
      vertex 90.5 36.5 0
    endloop
  endfacet
  facet normal 0 0 -1
    outer loop
      vertex 81.5 47.5 0
      vertex 90.5 36.5 0
      vertex 82.7411 20.5418 0
    endloop
  endfacet
  facet normal 0 0 -1
    outer loop
      vertex 90.5 36.5 0
      vertex 81.5 47.5 0
      vertex 90.5 37.5 0
    endloop
  endfacet
  facet normal 0 0 -1
    outer loop
      vertex 90.5 37.5 0
      vertex 81.5 47.5 0
      vertex 90.5 47.5 0
    endloop
  endfacet
  facet normal 0 0 -1
    outer loop
      vertex 90.5 47.5 0
      vertex 81.5 47.5 0
      vertex 90.5 48.5 0
    endloop
  endfacet
  facet normal 0 0 -1
    outer loop
      vertex 81.5 48.5 0
      vertex 90.5 48.5 0
      vertex 81.5 47.5 0
    endloop
  endfacet
  facet normal 0 0 -1
    outer loop
      vertex 90.5 48.5 0
      vertex 81.5 48.5 0
      vertex 90.5 58.5 0
    endloop
  endfacet
  facet normal 0 0 -1
    outer loop
      vertex 81.5 58.5 0
      vertex 90.5 58.5 0
      vertex 81.5 48.5 0
    endloop
  endfacet
  facet normal 0 0 -1
    outer loop
      vertex 90.5 58.5 0
      vertex 81.5 58.5 0
      vertex 90.5 59.5 0
    endloop
  endfacet
  facet normal 0 0 -1
    outer loop
      vertex 81.5 59.5 0
      vertex 90.5 59.5 0
      vertex 81.5 58.5 0
    endloop
  endfacet
  facet normal 0 0 -1
    outer loop
      vertex 90.5 59.5 0
      vertex 81.5 59.5 0
      vertex 90.5 69.5 0
    endloop
  endfacet
  facet normal 0 0 -1
    outer loop
      vertex 81.5 69.5 0
      vertex 90.5 69.5 0
      vertex 81.5 59.5 0
    endloop
  endfacet
  facet normal 0 0 -1
    outer loop
      vertex 90.5 69.5 0
      vertex 81.5 69.5 0
      vertex 90.5 70.5 0
    endloop
  endfacet
  facet normal 0 0 -1
    outer loop
      vertex 81.5 70.5 0
      vertex 90.5 70.5 0
      vertex 81.5 69.5 0
    endloop
  endfacet
  facet normal 0 0 -1
    outer loop
      vertex 90.5 70.5 0
      vertex 81.5 70.5 0
      vertex 90.5 80.5 0
    endloop
  endfacet
  facet normal 0 0 -1
    outer loop
      vertex 81.5 80.5 0
      vertex 90.5 80.5 0
      vertex 81.5 70.5 0
    endloop
  endfacet
  facet normal 0 0 -1
    outer loop
      vertex 90.5 80.5 0
      vertex 81.5 80.5 0
      vertex 90.5 81.5 0
    endloop
  endfacet
  facet normal -0 0 -1
    outer loop
      vertex 92 24 0
      vertex 84.6 21 0
      vertex 90.5 25.5 0
    endloop
  endfacet
  facet normal -0 0 -1
    outer loop
      vertex 104 24 0
      vertex 84.6 21 0
      vertex 92 24 0
    endloop
  endfacet
  facet normal 0 -1 0
    outer loop
      vertex 3 0 0
      vertex 200.2 0 3
      vertex 3 0 3
    endloop
  endfacet
  facet normal 0 -1 -0
    outer loop
      vertex 200.2 0 3
      vertex 3 0 0
      vertex 200.2 0 0
    endloop
  endfacet
  facet normal -0.891002 0.454 0
    outer loop
      vertex 0 150 0
      vertex 1.23665 152.427 3
      vertex 1.23665 152.427 0
    endloop
  endfacet
  facet normal -0.891002 0.454 0
    outer loop
      vertex 1.23665 152.427 3
      vertex 0 150 0
      vertex 0 150 3
    endloop
  endfacet
  facet normal 0 0 1
    outer loop
      vertex 7.92939 142.811 3
      vertex 18.5 124.5 3
      vertex 8.2 142.614 3
    endloop
  endfacet
  facet normal 0 0 1
    outer loop
      vertex 18.5 70.5 3
      vertex 10.565 9.33266 3
      vertex 10.6 9 3
    endloop
  endfacet
  facet normal 0 0 1
    outer loop
      vertex 18.5 124.5 3
      vertex 7.92939 142.811 3
      vertex 18.5 114.5 3
    endloop
  endfacet
  facet normal 0 0 1
    outer loop
      vertex 18.5 70.5 3
      vertex 10.4617 9.65078 3
      vertex 10.565 9.33266 3
    endloop
  endfacet
  facet normal 0 0 1
    outer loop
      vertex 7.70557 143.06 3
      vertex 18.5 114.5 3
      vertex 7.92939 142.811 3
    endloop
  endfacet
  facet normal 0 0 1
    outer loop
      vertex 18.5 70.5 3
      vertex 10.2944 9.94046 3
      vertex 10.4617 9.65078 3
    endloop
  endfacet
  facet normal 0 0 1
    outer loop
      vertex 18.5 114.5 3
      vertex 7.70557 143.06 3
      vertex 18.5 113.5 3
    endloop
  endfacet
  facet normal 0 0 1
    outer loop
      vertex 18.5 70.5 3
      vertex 10.0706 10.189 3
      vertex 10.2944 9.94046 3
    endloop
  endfacet
  facet normal 0 0 1
    outer loop
      vertex 0 150 3
      vertex 18.5 113.5 3
      vertex 7.70557 143.06 3
    endloop
  endfacet
  facet normal 0 0 1
    outer loop
      vertex 18.5 70.5 3
      vertex 9.8 10.3856 3
      vertex 10.0706 10.189 3
    endloop
  endfacet
  facet normal 0 0 1
    outer loop
      vertex 18.5 113.5 3
      vertex 0 150 3
      vertex 18.5 103.5 3
    endloop
  endfacet
  facet normal 0 0 1
    outer loop
      vertex 18.5 70.5 3
      vertex 9.49443 10.5217 3
      vertex 9.8 10.3856 3
    endloop
  endfacet
  facet normal 0 0 1
    outer loop
      vertex 18.5 102.5 3
      vertex 0 150 3
      vertex 18.5 92.5 3
    endloop
  endfacet
  facet normal 0 0 1
    outer loop
      vertex 18.5 70.5 3
      vertex 9.16724 10.5912 3
      vertex 9.49443 10.5217 3
    endloop
  endfacet
  facet normal 0 0 1
    outer loop
      vertex 18.5 92.5 3
      vertex 0 150 3
      vertex 18.5 91.5 3
    endloop
  endfacet
  facet normal 0 0 1
    outer loop
      vertex 18.5 70.5 3
      vertex 8.83275 10.5912 3
      vertex 9.16724 10.5912 3
    endloop
  endfacet
  facet normal 0 0 1
    outer loop
      vertex 18.5 91.5 3
      vertex 0 150 3
      vertex 18.5 81.5 3
    endloop
  endfacet
  facet normal 0 0 1
    outer loop
      vertex 18.5 70.5 3
      vertex 8.50557 10.5217 3
      vertex 8.83275 10.5912 3
    endloop
  endfacet
  facet normal 0 0 1
    outer loop
      vertex 18.5 81.5 3
      vertex 0 150 3
      vertex 18.5 80.5 3
    endloop
  endfacet
  facet normal 0 0 1
    outer loop
      vertex 18.5 70.5 3
      vertex 8.2 10.3856 3
      vertex 8.50557 10.5217 3
    endloop
  endfacet
  facet normal 0 0 1
    outer loop
      vertex 18.5 80.5 3
      vertex 0 150 3
      vertex 18.5 70.5 3
    endloop
  endfacet
  facet normal 0 0 1
    outer loop
      vertex 18.5 70.5 3
      vertex 7.92939 10.189 3
      vertex 8.2 10.3856 3
    endloop
  endfacet
  facet normal 0 0 1
    outer loop
      vertex 18.5 103.5 3
      vertex 0 150 3
      vertex 18.5 102.5 3
    endloop
  endfacet
  facet normal 0 0 1
    outer loop
      vertex 0 3 3
      vertex 18.5 70.5 3
      vertex 0 150 3
    endloop
  endfacet
  facet normal 0 0 1
    outer loop
      vertex 0 150 3
      vertex 7.70557 143.06 3
      vertex 7.53833 143.349 3
    endloop
  endfacet
  facet normal 0 0 1
    outer loop
      vertex 18.5 70.5 3
      vertex 0 3 3
      vertex 7.92939 10.189 3
    endloop
  endfacet
  facet normal 0 0 1
    outer loop
      vertex 0 150 3
      vertex 7.53833 143.349 3
      vertex 7.43496 143.667 3
    endloop
  endfacet
  facet normal 0 0 1
    outer loop
      vertex 7.92939 10.189 3
      vertex 0 3 3
      vertex 7.70557 9.94046 3
    endloop
  endfacet
  facet normal 0 0 1
    outer loop
      vertex 0 150 3
      vertex 7.43496 143.667 3
      vertex 7.4 144 3
    endloop
  endfacet
  facet normal 0 0 1
    outer loop
      vertex 7.70557 9.94046 3
      vertex 0 3 3
      vertex 7.53833 9.65078 3
    endloop
  endfacet
  facet normal -0 0 1
    outer loop
      vertex 32 35 3
      vertex 33.5 26.5 3
      vertex 33.5 36.5 3
    endloop
  endfacet
  facet normal 0 0 1
    outer loop
      vertex 32 35 3
      vertex 32 28 3
      vertex 33.5 26.5 3
    endloop
  endfacet
  facet normal -0 0 1
    outer loop
      vertex 20 35 3
      vertex 32 28 3
      vertex 32 35 3
    endloop
  endfacet
  facet normal 0 0 1
    outer loop
      vertex 20 35 3
      vertex 20 28 3
      vertex 32 28 3
    endloop
  endfacet
  facet normal 0 0 1
    outer loop
      vertex 18.5 36.5 3
      vertex 20 28 3
      vertex 20 35 3
    endloop
  endfacet
  facet normal 0 0 1
    outer loop
      vertex 20 28 3
      vertex 18.5 36.5 3
      vertex 18.5 26.5 3
    endloop
  endfacet
  facet normal -0 0 1
    outer loop
      vertex 32 46 3
      vertex 33.5 37.5 3
      vertex 33.5 47.5 3
    endloop
  endfacet
  facet normal 0 0 1
    outer loop
      vertex 32 46 3
      vertex 32 39 3
      vertex 33.5 37.5 3
    endloop
  endfacet
  facet normal -0 0 1
    outer loop
      vertex 20 46 3
      vertex 32 39 3
      vertex 32 46 3
    endloop
  endfacet
  facet normal 0 0 1
    outer loop
      vertex 20 46 3
      vertex 20 39 3
      vertex 32 39 3
    endloop
  endfacet
  facet normal 0 0 1
    outer loop
      vertex 18.5 47.5 3
      vertex 20 39 3
      vertex 20 46 3
    endloop
  endfacet
  facet normal 0 0 1
    outer loop
      vertex 20 39 3
      vertex 18.5 47.5 3
      vertex 18.5 37.5 3
    endloop
  endfacet
  facet normal -0 0 1
    outer loop
      vertex 32 57 3
      vertex 33.5 48.5 3
      vertex 33.5 58.5 3
    endloop
  endfacet
  facet normal 0 0 1
    outer loop
      vertex 32 57 3
      vertex 32 50 3
      vertex 33.5 48.5 3
    endloop
  endfacet
  facet normal -0 0 1
    outer loop
      vertex 20 57 3
      vertex 32 50 3
      vertex 32 57 3
    endloop
  endfacet
  facet normal 0 0 1
    outer loop
      vertex 20 57 3
      vertex 20 50 3
      vertex 32 50 3
    endloop
  endfacet
  facet normal 0 0 1
    outer loop
      vertex 18.5 58.5 3
      vertex 20 50 3
      vertex 20 57 3
    endloop
  endfacet
  facet normal 0 0 1
    outer loop
      vertex 20 50 3
      vertex 18.5 58.5 3
      vertex 18.5 48.5 3
    endloop
  endfacet
  facet normal -0 0 1
    outer loop
      vertex 32 68 3
      vertex 33.5 59.5 3
      vertex 33.5 69.5 3
    endloop
  endfacet
  facet normal 0 0 1
    outer loop
      vertex 32 68 3
      vertex 32 61 3
      vertex 33.5 59.5 3
    endloop
  endfacet
  facet normal -0 0 1
    outer loop
      vertex 20 68 3
      vertex 32 61 3
      vertex 32 68 3
    endloop
  endfacet
  facet normal 0 0 1
    outer loop
      vertex 20 68 3
      vertex 20 61 3
      vertex 32 61 3
    endloop
  endfacet
  facet normal 0 0 1
    outer loop
      vertex 18.5 69.5 3
      vertex 20 61 3
      vertex 20 68 3
    endloop
  endfacet
  facet normal 0 0 1
    outer loop
      vertex 20 61 3
      vertex 18.5 69.5 3
      vertex 18.5 59.5 3
    endloop
  endfacet
  facet normal -0 0 1
    outer loop
      vertex 32 79 3
      vertex 33.5 70.5 3
      vertex 33.5 80.5 3
    endloop
  endfacet
  facet normal 0 0 1
    outer loop
      vertex 32 79 3
      vertex 32 72 3
      vertex 33.5 70.5 3
    endloop
  endfacet
  facet normal -0 0 1
    outer loop
      vertex 20 79 3
      vertex 32 72 3
      vertex 32 79 3
    endloop
  endfacet
  facet normal 0 0 1
    outer loop
      vertex 20 79 3
      vertex 20 72 3
      vertex 32 72 3
    endloop
  endfacet
  facet normal 0 0 1
    outer loop
      vertex 18.5 80.5 3
      vertex 20 72 3
      vertex 20 79 3
    endloop
  endfacet
  facet normal 0 0 1
    outer loop
      vertex 20 72 3
      vertex 18.5 80.5 3
      vertex 18.5 70.5 3
    endloop
  endfacet
  facet normal -0 0 1
    outer loop
      vertex 32 90 3
      vertex 33.5 81.5 3
      vertex 33.5 91.5 3
    endloop
  endfacet
  facet normal 0 0 1
    outer loop
      vertex 32 90 3
      vertex 32 83 3
      vertex 33.5 81.5 3
    endloop
  endfacet
  facet normal -0 0 1
    outer loop
      vertex 20 90 3
      vertex 32 83 3
      vertex 32 90 3
    endloop
  endfacet
  facet normal 0 0 1
    outer loop
      vertex 20 90 3
      vertex 20 83 3
      vertex 32 83 3
    endloop
  endfacet
  facet normal 0 0 1
    outer loop
      vertex 18.5 91.5 3
      vertex 20 83 3
      vertex 20 90 3
    endloop
  endfacet
  facet normal 0 0 1
    outer loop
      vertex 20 83 3
      vertex 18.5 91.5 3
      vertex 18.5 81.5 3
    endloop
  endfacet
  facet normal -0 0 1
    outer loop
      vertex 32 101 3
      vertex 33.5 92.5 3
      vertex 33.5 102.5 3
    endloop
  endfacet
  facet normal 0 0 1
    outer loop
      vertex 32 101 3
      vertex 32 94 3
      vertex 33.5 92.5 3
    endloop
  endfacet
  facet normal -0 0 1
    outer loop
      vertex 20 101 3
      vertex 32 94 3
      vertex 32 101 3
    endloop
  endfacet
  facet normal 0 0 1
    outer loop
      vertex 20 101 3
      vertex 20 94 3
      vertex 32 94 3
    endloop
  endfacet
  facet normal 0 0 1
    outer loop
      vertex 18.5 102.5 3
      vertex 20 94 3
      vertex 20 101 3
    endloop
  endfacet
  facet normal 0 0 1
    outer loop
      vertex 20 94 3
      vertex 18.5 102.5 3
      vertex 18.5 92.5 3
    endloop
  endfacet
  facet normal -0 0 1
    outer loop
      vertex 32 112 3
      vertex 33.5 103.5 3
      vertex 33.5 113.5 3
    endloop
  endfacet
  facet normal 0 0 1
    outer loop
      vertex 32 112 3
      vertex 32 105 3
      vertex 33.5 103.5 3
    endloop
  endfacet
  facet normal -0 0 1
    outer loop
      vertex 20 112 3
      vertex 32 105 3
      vertex 32 112 3
    endloop
  endfacet
  facet normal 0 0 1
    outer loop
      vertex 20 112 3
      vertex 20 105 3
      vertex 32 105 3
    endloop
  endfacet
  facet normal 0 0 1
    outer loop
      vertex 18.5 113.5 3
      vertex 20 105 3
      vertex 20 112 3
    endloop
  endfacet
  facet normal 0 0 1
    outer loop
      vertex 20 105 3
      vertex 18.5 113.5 3
      vertex 18.5 103.5 3
    endloop
  endfacet
  facet normal -0 0 1
    outer loop
      vertex 32 123 3
      vertex 33.5 114.5 3
      vertex 33.5 124.5 3
    endloop
  endfacet
  facet normal 0 0 1
    outer loop
      vertex 32 123 3
      vertex 32 116 3
      vertex 33.5 114.5 3
    endloop
  endfacet
  facet normal -0 0 1
    outer loop
      vertex 20 123 3
      vertex 32 116 3
      vertex 32 123 3
    endloop
  endfacet
  facet normal 0 0 1
    outer loop
      vertex 20 123 3
      vertex 20 116 3
      vertex 32 116 3
    endloop
  endfacet
  facet normal 0 0 1
    outer loop
      vertex 18.5 124.5 3
      vertex 20 116 3
      vertex 20 123 3
    endloop
  endfacet
  facet normal 0 0 1
    outer loop
      vertex 20 116 3
      vertex 18.5 124.5 3
      vertex 18.5 114.5 3
    endloop
  endfacet
  facet normal -0 0 1
    outer loop
      vertex 56 35 3
      vertex 57.5 26.5 3
      vertex 57.5 36.5 3
    endloop
  endfacet
  facet normal 0 0 1
    outer loop
      vertex 56 35 3
      vertex 56 28 3
      vertex 57.5 26.5 3
    endloop
  endfacet
  facet normal -0 0 1
    outer loop
      vertex 44 35 3
      vertex 56 28 3
      vertex 56 35 3
    endloop
  endfacet
  facet normal 0 0 1
    outer loop
      vertex 44 35 3
      vertex 44 28 3
      vertex 56 28 3
    endloop
  endfacet
  facet normal 0 0 1
    outer loop
      vertex 42.5 36.5 3
      vertex 44 28 3
      vertex 44 35 3
    endloop
  endfacet
  facet normal 0 0 1
    outer loop
      vertex 44 28 3
      vertex 42.5 36.5 3
      vertex 42.5 26.5 3
    endloop
  endfacet
  facet normal -0 0 1
    outer loop
      vertex 56 46 3
      vertex 57.5 37.5 3
      vertex 57.5 47.5 3
    endloop
  endfacet
  facet normal 0 0 1
    outer loop
      vertex 56 46 3
      vertex 56 39 3
      vertex 57.5 37.5 3
    endloop
  endfacet
  facet normal -0 0 1
    outer loop
      vertex 44 46 3
      vertex 56 39 3
      vertex 56 46 3
    endloop
  endfacet
  facet normal 0 0 1
    outer loop
      vertex 44 46 3
      vertex 44 39 3
      vertex 56 39 3
    endloop
  endfacet
  facet normal 0 0 1
    outer loop
      vertex 42.5 47.5 3
      vertex 44 39 3
      vertex 44 46 3
    endloop
  endfacet
  facet normal 0 0 1
    outer loop
      vertex 44 39 3
      vertex 42.5 47.5 3
      vertex 42.5 37.5 3
    endloop
  endfacet
  facet normal -0 0 1
    outer loop
      vertex 56 57 3
      vertex 57.5 48.5 3
      vertex 57.5 58.5 3
    endloop
  endfacet
  facet normal 0 0 1
    outer loop
      vertex 56 57 3
      vertex 56 50 3
      vertex 57.5 48.5 3
    endloop
  endfacet
  facet normal -0 0 1
    outer loop
      vertex 44 57 3
      vertex 56 50 3
      vertex 56 57 3
    endloop
  endfacet
  facet normal 0 0 1
    outer loop
      vertex 44 57 3
      vertex 44 50 3
      vertex 56 50 3
    endloop
  endfacet
  facet normal 0 0 1
    outer loop
      vertex 42.5 58.5 3
      vertex 44 50 3
      vertex 44 57 3
    endloop
  endfacet
  facet normal 0 0 1
    outer loop
      vertex 44 50 3
      vertex 42.5 58.5 3
      vertex 42.5 48.5 3
    endloop
  endfacet
  facet normal -0 0 1
    outer loop
      vertex 56 68 3
      vertex 57.5 59.5 3
      vertex 57.5 69.5 3
    endloop
  endfacet
  facet normal 0 0 1
    outer loop
      vertex 56 68 3
      vertex 56 61 3
      vertex 57.5 59.5 3
    endloop
  endfacet
  facet normal -0 0 1
    outer loop
      vertex 44 68 3
      vertex 56 61 3
      vertex 56 68 3
    endloop
  endfacet
  facet normal 0 0 1
    outer loop
      vertex 44 68 3
      vertex 44 61 3
      vertex 56 61 3
    endloop
  endfacet
  facet normal 0 0 1
    outer loop
      vertex 42.5 69.5 3
      vertex 44 61 3
      vertex 44 68 3
    endloop
  endfacet
  facet normal 0 0 1
    outer loop
      vertex 44 61 3
      vertex 42.5 69.5 3
      vertex 42.5 59.5 3
    endloop
  endfacet
  facet normal -0 0 1
    outer loop
      vertex 56 79 3
      vertex 57.5 70.5 3
      vertex 57.5 80.5 3
    endloop
  endfacet
  facet normal 0 0 1
    outer loop
      vertex 56 79 3
      vertex 56 72 3
      vertex 57.5 70.5 3
    endloop
  endfacet
  facet normal -0 0 1
    outer loop
      vertex 44 79 3
      vertex 56 72 3
      vertex 56 79 3
    endloop
  endfacet
  facet normal 0 0 1
    outer loop
      vertex 44 79 3
      vertex 44 72 3
      vertex 56 72 3
    endloop
  endfacet
  facet normal 0 0 1
    outer loop
      vertex 42.5 80.5 3
      vertex 44 72 3
      vertex 44 79 3
    endloop
  endfacet
  facet normal 0 0 1
    outer loop
      vertex 44 72 3
      vertex 42.5 80.5 3
      vertex 42.5 70.5 3
    endloop
  endfacet
  facet normal -0 0 1
    outer loop
      vertex 56 90 3
      vertex 57.5 81.5 3
      vertex 57.5 91.5 3
    endloop
  endfacet
  facet normal 0 0 1
    outer loop
      vertex 56 90 3
      vertex 56 83 3
      vertex 57.5 81.5 3
    endloop
  endfacet
  facet normal -0 0 1
    outer loop
      vertex 44 90 3
      vertex 56 83 3
      vertex 56 90 3
    endloop
  endfacet
  facet normal 0 0 1
    outer loop
      vertex 44 90 3
      vertex 44 83 3
      vertex 56 83 3
    endloop
  endfacet
  facet normal 0 0 1
    outer loop
      vertex 42.5 91.5 3
      vertex 44 83 3
      vertex 44 90 3
    endloop
  endfacet
  facet normal 0 0 1
    outer loop
      vertex 44 83 3
      vertex 42.5 91.5 3
      vertex 42.5 81.5 3
    endloop
  endfacet
  facet normal -0 0 1
    outer loop
      vertex 56 101 3
      vertex 57.5 92.5 3
      vertex 57.5 102.5 3
    endloop
  endfacet
  facet normal 0 0 1
    outer loop
      vertex 56 101 3
      vertex 56 94 3
      vertex 57.5 92.5 3
    endloop
  endfacet
  facet normal -0 0 1
    outer loop
      vertex 44 101 3
      vertex 56 94 3
      vertex 56 101 3
    endloop
  endfacet
  facet normal 0 0 1
    outer loop
      vertex 44 101 3
      vertex 44 94 3
      vertex 56 94 3
    endloop
  endfacet
  facet normal 0 0 1
    outer loop
      vertex 42.5 102.5 3
      vertex 44 94 3
      vertex 44 101 3
    endloop
  endfacet
  facet normal 0 0 1
    outer loop
      vertex 44 94 3
      vertex 42.5 102.5 3
      vertex 42.5 92.5 3
    endloop
  endfacet
  facet normal -0 0 1
    outer loop
      vertex 56 112 3
      vertex 57.5 103.5 3
      vertex 57.5 113.5 3
    endloop
  endfacet
  facet normal 0 0 1
    outer loop
      vertex 56 112 3
      vertex 56 105 3
      vertex 57.5 103.5 3
    endloop
  endfacet
  facet normal -0 0 1
    outer loop
      vertex 44 112 3
      vertex 56 105 3
      vertex 56 112 3
    endloop
  endfacet
  facet normal 0 0 1
    outer loop
      vertex 44 112 3
      vertex 44 105 3
      vertex 56 105 3
    endloop
  endfacet
  facet normal 0 0 1
    outer loop
      vertex 42.5 113.5 3
      vertex 44 105 3
      vertex 44 112 3
    endloop
  endfacet
  facet normal 0 0 1
    outer loop
      vertex 44 105 3
      vertex 42.5 113.5 3
      vertex 42.5 103.5 3
    endloop
  endfacet
  facet normal -0 0 1
    outer loop
      vertex 56 123 3
      vertex 57.5 114.5 3
      vertex 57.5 124.5 3
    endloop
  endfacet
  facet normal 0 0 1
    outer loop
      vertex 56 123 3
      vertex 56 116 3
      vertex 57.5 114.5 3
    endloop
  endfacet
  facet normal -0 0 1
    outer loop
      vertex 44 123 3
      vertex 56 116 3
      vertex 56 123 3
    endloop
  endfacet
  facet normal 0 0 1
    outer loop
      vertex 44 123 3
      vertex 44 116 3
      vertex 56 116 3
    endloop
  endfacet
  facet normal 0 0 1
    outer loop
      vertex 42.5 124.5 3
      vertex 44 116 3
      vertex 44 123 3
    endloop
  endfacet
  facet normal 0 0 1
    outer loop
      vertex 44 116 3
      vertex 42.5 124.5 3
      vertex 42.5 114.5 3
    endloop
  endfacet
  facet normal -0 0 1
    outer loop
      vertex 80 35 3
      vertex 81.5 26.5 3
      vertex 81.5 36.5 3
    endloop
  endfacet
  facet normal 0 0 1
    outer loop
      vertex 80 35 3
      vertex 80 28 3
      vertex 81.5 26.5 3
    endloop
  endfacet
  facet normal -0 0 1
    outer loop
      vertex 68 35 3
      vertex 80 28 3
      vertex 80 35 3
    endloop
  endfacet
  facet normal 0 0 1
    outer loop
      vertex 68 35 3
      vertex 68 28 3
      vertex 80 28 3
    endloop
  endfacet
  facet normal 0 0 1
    outer loop
      vertex 66.5 36.5 3
      vertex 68 28 3
      vertex 68 35 3
    endloop
  endfacet
  facet normal 0 0 1
    outer loop
      vertex 68 28 3
      vertex 66.5 36.5 3
      vertex 66.5 26.5 3
    endloop
  endfacet
  facet normal -0 0 1
    outer loop
      vertex 80 46 3
      vertex 81.5 37.5 3
      vertex 81.5 47.5 3
    endloop
  endfacet
  facet normal 0 0 1
    outer loop
      vertex 80 46 3
      vertex 80 39 3
      vertex 81.5 37.5 3
    endloop
  endfacet
  facet normal -0 0 1
    outer loop
      vertex 68 46 3
      vertex 80 39 3
      vertex 80 46 3
    endloop
  endfacet
  facet normal 0 0 1
    outer loop
      vertex 68 46 3
      vertex 68 39 3
      vertex 80 39 3
    endloop
  endfacet
  facet normal 0 0 1
    outer loop
      vertex 66.5 47.5 3
      vertex 68 39 3
      vertex 68 46 3
    endloop
  endfacet
  facet normal 0 0 1
    outer loop
      vertex 68 39 3
      vertex 66.5 47.5 3
      vertex 66.5 37.5 3
    endloop
  endfacet
  facet normal -0 0 1
    outer loop
      vertex 80 57 3
      vertex 81.5 48.5 3
      vertex 81.5 58.5 3
    endloop
  endfacet
  facet normal 0 0 1
    outer loop
      vertex 80 57 3
      vertex 80 50 3
      vertex 81.5 48.5 3
    endloop
  endfacet
  facet normal -0 0 1
    outer loop
      vertex 68 57 3
      vertex 80 50 3
      vertex 80 57 3
    endloop
  endfacet
  facet normal 0 0 1
    outer loop
      vertex 68 57 3
      vertex 68 50 3
      vertex 80 50 3
    endloop
  endfacet
  facet normal 0 0 1
    outer loop
      vertex 66.5 58.5 3
      vertex 68 50 3
      vertex 68 57 3
    endloop
  endfacet
  facet normal 0 0 1
    outer loop
      vertex 68 50 3
      vertex 66.5 58.5 3
      vertex 66.5 48.5 3
    endloop
  endfacet
  facet normal -0 0 1
    outer loop
      vertex 80 68 3
      vertex 81.5 59.5 3
      vertex 81.5 69.5 3
    endloop
  endfacet
  facet normal 0 0 1
    outer loop
      vertex 80 68 3
      vertex 80 61 3
      vertex 81.5 59.5 3
    endloop
  endfacet
  facet normal -0 0 1
    outer loop
      vertex 68 68 3
      vertex 80 61 3
      vertex 80 68 3
    endloop
  endfacet
  facet normal 0 0 1
    outer loop
      vertex 68 68 3
      vertex 68 61 3
      vertex 80 61 3
    endloop
  endfacet
  facet normal 0 0 1
    outer loop
      vertex 66.5 69.5 3
      vertex 68 61 3
      vertex 68 68 3
    endloop
  endfacet
  facet normal 0 0 1
    outer loop
      vertex 68 61 3
      vertex 66.5 69.5 3
      vertex 66.5 59.5 3
    endloop
  endfacet
  facet normal -0 0 1
    outer loop
      vertex 80 79 3
      vertex 81.5 70.5 3
      vertex 81.5 80.5 3
    endloop
  endfacet
  facet normal 0 0 1
    outer loop
      vertex 80 79 3
      vertex 80 72 3
      vertex 81.5 70.5 3
    endloop
  endfacet
  facet normal -0 0 1
    outer loop
      vertex 68 79 3
      vertex 80 72 3
      vertex 80 79 3
    endloop
  endfacet
  facet normal 0 0 1
    outer loop
      vertex 68 79 3
      vertex 68 72 3
      vertex 80 72 3
    endloop
  endfacet
  facet normal 0 0 1
    outer loop
      vertex 66.5 80.5 3
      vertex 68 72 3
      vertex 68 79 3
    endloop
  endfacet
  facet normal 0 0 1
    outer loop
      vertex 68 72 3
      vertex 66.5 80.5 3
      vertex 66.5 70.5 3
    endloop
  endfacet
  facet normal -0 0 1
    outer loop
      vertex 80 90 3
      vertex 81.5 81.5 3
      vertex 81.5 91.5 3
    endloop
  endfacet
  facet normal 0 0 1
    outer loop
      vertex 80 90 3
      vertex 80 83 3
      vertex 81.5 81.5 3
    endloop
  endfacet
  facet normal -0 0 1
    outer loop
      vertex 68 90 3
      vertex 80 83 3
      vertex 80 90 3
    endloop
  endfacet
  facet normal 0 0 1
    outer loop
      vertex 68 90 3
      vertex 68 83 3
      vertex 80 83 3
    endloop
  endfacet
  facet normal 0 0 1
    outer loop
      vertex 66.5 91.5 3
      vertex 68 83 3
      vertex 68 90 3
    endloop
  endfacet
  facet normal 0 0 1
    outer loop
      vertex 68 83 3
      vertex 66.5 91.5 3
      vertex 66.5 81.5 3
    endloop
  endfacet
  facet normal -0 0 1
    outer loop
      vertex 80 101 3
      vertex 81.5 92.5 3
      vertex 81.5 102.5 3
    endloop
  endfacet
  facet normal 0 0 1
    outer loop
      vertex 80 101 3
      vertex 80 94 3
      vertex 81.5 92.5 3
    endloop
  endfacet
  facet normal -0 0 1
    outer loop
      vertex 68 101 3
      vertex 80 94 3
      vertex 80 101 3
    endloop
  endfacet
  facet normal 0 0 1
    outer loop
      vertex 68 101 3
      vertex 68 94 3
      vertex 80 94 3
    endloop
  endfacet
  facet normal 0 0 1
    outer loop
      vertex 66.5 102.5 3
      vertex 68 94 3
      vertex 68 101 3
    endloop
  endfacet
  facet normal 0 0 1
    outer loop
      vertex 68 94 3
      vertex 66.5 102.5 3
      vertex 66.5 92.5 3
    endloop
  endfacet
  facet normal -0 0 1
    outer loop
      vertex 80 112 3
      vertex 81.5 103.5 3
      vertex 81.5 113.5 3
    endloop
  endfacet
  facet normal 0 0 1
    outer loop
      vertex 80 112 3
      vertex 80 105 3
      vertex 81.5 103.5 3
    endloop
  endfacet
  facet normal -0 0 1
    outer loop
      vertex 68 112 3
      vertex 80 105 3
      vertex 80 112 3
    endloop
  endfacet
  facet normal 0 0 1
    outer loop
      vertex 68 112 3
      vertex 68 105 3
      vertex 80 105 3
    endloop
  endfacet
  facet normal 0 0 1
    outer loop
      vertex 66.5 113.5 3
      vertex 68 105 3
      vertex 68 112 3
    endloop
  endfacet
  facet normal 0 0 1
    outer loop
      vertex 68 105 3
      vertex 66.5 113.5 3
      vertex 66.5 103.5 3
    endloop
  endfacet
  facet normal -0 0 1
    outer loop
      vertex 80 123 3
      vertex 81.5 114.5 3
      vertex 81.5 124.5 3
    endloop
  endfacet
  facet normal 0 0 1
    outer loop
      vertex 80 123 3
      vertex 80 116 3
      vertex 81.5 114.5 3
    endloop
  endfacet
  facet normal -0 0 1
    outer loop
      vertex 68 123 3
      vertex 80 116 3
      vertex 80 123 3
    endloop
  endfacet
  facet normal 0 0 1
    outer loop
      vertex 68 123 3
      vertex 68 116 3
      vertex 80 116 3
    endloop
  endfacet
  facet normal 0 0 1
    outer loop
      vertex 66.5 124.5 3
      vertex 68 116 3
      vertex 68 123 3
    endloop
  endfacet
  facet normal 0 0 1
    outer loop
      vertex 68 116 3
      vertex 66.5 124.5 3
      vertex 66.5 114.5 3
    endloop
  endfacet
  facet normal -0 0 1
    outer loop
      vertex 104 35 3
      vertex 105.5 26.5 3
      vertex 105.5 36.5 3
    endloop
  endfacet
  facet normal 0 0 1
    outer loop
      vertex 104 35 3
      vertex 104 28 3
      vertex 105.5 26.5 3
    endloop
  endfacet
  facet normal -0 0 1
    outer loop
      vertex 92 35 3
      vertex 104 28 3
      vertex 104 35 3
    endloop
  endfacet
  facet normal 0 0 1
    outer loop
      vertex 92 35 3
      vertex 92 28 3
      vertex 104 28 3
    endloop
  endfacet
  facet normal 0 0 1
    outer loop
      vertex 90.5 36.5 3
      vertex 92 28 3
      vertex 92 35 3
    endloop
  endfacet
  facet normal 0 0 1
    outer loop
      vertex 92 28 3
      vertex 90.5 36.5 3
      vertex 90.5 26.5 3
    endloop
  endfacet
  facet normal -0 0 1
    outer loop
      vertex 104 46 3
      vertex 105.5 37.5 3
      vertex 105.5 47.5 3
    endloop
  endfacet
  facet normal 0 0 1
    outer loop
      vertex 104 46 3
      vertex 104 39 3
      vertex 105.5 37.5 3
    endloop
  endfacet
  facet normal -0 0 1
    outer loop
      vertex 92 46 3
      vertex 104 39 3
      vertex 104 46 3
    endloop
  endfacet
  facet normal 0 0 1
    outer loop
      vertex 92 46 3
      vertex 92 39 3
      vertex 104 39 3
    endloop
  endfacet
  facet normal 0 0 1
    outer loop
      vertex 90.5 47.5 3
      vertex 92 39 3
      vertex 92 46 3
    endloop
  endfacet
  facet normal 0 0 1
    outer loop
      vertex 92 39 3
      vertex 90.5 47.5 3
      vertex 90.5 37.5 3
    endloop
  endfacet
  facet normal -0 0 1
    outer loop
      vertex 104 57 3
      vertex 105.5 48.5 3
      vertex 105.5 58.5 3
    endloop
  endfacet
  facet normal 0 0 1
    outer loop
      vertex 104 57 3
      vertex 104 50 3
      vertex 105.5 48.5 3
    endloop
  endfacet
  facet normal -0 0 1
    outer loop
      vertex 92 57 3
      vertex 104 50 3
      vertex 104 57 3
    endloop
  endfacet
  facet normal 0 0 1
    outer loop
      vertex 92 57 3
      vertex 92 50 3
      vertex 104 50 3
    endloop
  endfacet
  facet normal 0 0 1
    outer loop
      vertex 90.5 58.5 3
      vertex 92 50 3
      vertex 92 57 3
    endloop
  endfacet
  facet normal 0 0 1
    outer loop
      vertex 92 50 3
      vertex 90.5 58.5 3
      vertex 90.5 48.5 3
    endloop
  endfacet
  facet normal -0 0 1
    outer loop
      vertex 104 68 3
      vertex 105.5 59.5 3
      vertex 105.5 69.5 3
    endloop
  endfacet
  facet normal 0 0 1
    outer loop
      vertex 104 68 3
      vertex 104 61 3
      vertex 105.5 59.5 3
    endloop
  endfacet
  facet normal -0 0 1
    outer loop
      vertex 92 68 3
      vertex 104 61 3
      vertex 104 68 3
    endloop
  endfacet
  facet normal 0 0 1
    outer loop
      vertex 92 68 3
      vertex 92 61 3
      vertex 104 61 3
    endloop
  endfacet
  facet normal 0 0 1
    outer loop
      vertex 90.5 69.5 3
      vertex 92 61 3
      vertex 92 68 3
    endloop
  endfacet
  facet normal 0 0 1
    outer loop
      vertex 92 61 3
      vertex 90.5 69.5 3
      vertex 90.5 59.5 3
    endloop
  endfacet
  facet normal -0 0 1
    outer loop
      vertex 104 79 3
      vertex 105.5 70.5 3
      vertex 105.5 80.5 3
    endloop
  endfacet
  facet normal 0 0 1
    outer loop
      vertex 104 79 3
      vertex 104 72 3
      vertex 105.5 70.5 3
    endloop
  endfacet
  facet normal -0 0 1
    outer loop
      vertex 92 79 3
      vertex 104 72 3
      vertex 104 79 3
    endloop
  endfacet
  facet normal 0 0 1
    outer loop
      vertex 92 79 3
      vertex 92 72 3
      vertex 104 72 3
    endloop
  endfacet
  facet normal 0 0 1
    outer loop
      vertex 90.5 80.5 3
      vertex 92 72 3
      vertex 92 79 3
    endloop
  endfacet
  facet normal 0 0 1
    outer loop
      vertex 92 72 3
      vertex 90.5 80.5 3
      vertex 90.5 70.5 3
    endloop
  endfacet
  facet normal -0 0 1
    outer loop
      vertex 104 90 3
      vertex 105.5 81.5 3
      vertex 105.5 91.5 3
    endloop
  endfacet
  facet normal 0 0 1
    outer loop
      vertex 104 90 3
      vertex 104 83 3
      vertex 105.5 81.5 3
    endloop
  endfacet
  facet normal -0 0 1
    outer loop
      vertex 92 90 3
      vertex 104 83 3
      vertex 104 90 3
    endloop
  endfacet
  facet normal 0 0 1
    outer loop
      vertex 92 90 3
      vertex 92 83 3
      vertex 104 83 3
    endloop
  endfacet
  facet normal 0 0 1
    outer loop
      vertex 90.5 91.5 3
      vertex 92 83 3
      vertex 92 90 3
    endloop
  endfacet
  facet normal 0 0 1
    outer loop
      vertex 92 83 3
      vertex 90.5 91.5 3
      vertex 90.5 81.5 3
    endloop
  endfacet
  facet normal -0 0 1
    outer loop
      vertex 104 101 3
      vertex 105.5 92.5 3
      vertex 105.5 102.5 3
    endloop
  endfacet
  facet normal 0 0 1
    outer loop
      vertex 104 101 3
      vertex 104 94 3
      vertex 105.5 92.5 3
    endloop
  endfacet
  facet normal -0 0 1
    outer loop
      vertex 92 101 3
      vertex 104 94 3
      vertex 104 101 3
    endloop
  endfacet
  facet normal 0 0 1
    outer loop
      vertex 92 101 3
      vertex 92 94 3
      vertex 104 94 3
    endloop
  endfacet
  facet normal 0 0 1
    outer loop
      vertex 90.5 102.5 3
      vertex 92 94 3
      vertex 92 101 3
    endloop
  endfacet
  facet normal 0 0 1
    outer loop
      vertex 92 94 3
      vertex 90.5 102.5 3
      vertex 90.5 92.5 3
    endloop
  endfacet
  facet normal -0 0 1
    outer loop
      vertex 104 112 3
      vertex 105.5 103.5 3
      vertex 105.5 113.5 3
    endloop
  endfacet
  facet normal 0 0 1
    outer loop
      vertex 104 112 3
      vertex 104 105 3
      vertex 105.5 103.5 3
    endloop
  endfacet
  facet normal -0 0 1
    outer loop
      vertex 92 112 3
      vertex 104 105 3
      vertex 104 112 3
    endloop
  endfacet
  facet normal 0 0 1
    outer loop
      vertex 92 112 3
      vertex 92 105 3
      vertex 104 105 3
    endloop
  endfacet
  facet normal 0 0 1
    outer loop
      vertex 90.5 113.5 3
      vertex 92 105 3
      vertex 92 112 3
    endloop
  endfacet
  facet normal 0 0 1
    outer loop
      vertex 92 105 3
      vertex 90.5 113.5 3
      vertex 90.5 103.5 3
    endloop
  endfacet
  facet normal -0 0 1
    outer loop
      vertex 104 123 3
      vertex 105.5 114.5 3
      vertex 105.5 124.5 3
    endloop
  endfacet
  facet normal 0 0 1
    outer loop
      vertex 104 123 3
      vertex 104 116 3
      vertex 105.5 114.5 3
    endloop
  endfacet
  facet normal -0 0 1
    outer loop
      vertex 92 123 3
      vertex 104 116 3
      vertex 104 123 3
    endloop
  endfacet
  facet normal 0 0 1
    outer loop
      vertex 92 123 3
      vertex 92 116 3
      vertex 104 116 3
    endloop
  endfacet
  facet normal 0 0 1
    outer loop
      vertex 90.5 124.5 3
      vertex 92 116 3
      vertex 92 123 3
    endloop
  endfacet
  facet normal 0 0 1
    outer loop
      vertex 92 116 3
      vertex 90.5 124.5 3
      vertex 90.5 114.5 3
    endloop
  endfacet
  facet normal 0 0 1
    outer loop
      vertex 128 24 3
      vertex 122.142 18.8589 3
      vertex 122.6 17 3
    endloop
  endfacet
  facet normal 0 0 1
    outer loop
      vertex 128 24 3
      vertex 120.872 20.2919 3
      vertex 122.142 18.8589 3
    endloop
  endfacet
  facet normal -0 0 1
    outer loop
      vertex 116 24 3
      vertex 120.872 20.2919 3
      vertex 128 24 3
    endloop
  endfacet
  facet normal 0 0 1
    outer loop
      vertex 120.872 20.2919 3
      vertex 116 24 3
      vertex 118.6 21 3
    endloop
  endfacet
  facet normal 0 0 1
    outer loop
      vertex 104 24 3
      vertex 116 24 3
      vertex 114.5 25.5 3
    endloop
  endfacet
  facet normal 0 0 1
    outer loop
      vertex 105.5 70.5 3
      vertex 114.5 70.5 3
      vertex 105.5 80.5 3
    endloop
  endfacet
  facet normal 0 0 1
    outer loop
      vertex 114.5 70.5 3
      vertex 105.5 70.5 3
      vertex 114.5 69.5 3
    endloop
  endfacet
  facet normal 0 0 1
    outer loop
      vertex 105.5 69.5 3
      vertex 114.5 69.5 3
      vertex 105.5 70.5 3
    endloop
  endfacet
  facet normal 0 0 1
    outer loop
      vertex 114.5 69.5 3
      vertex 105.5 69.5 3
      vertex 114.5 59.5 3
    endloop
  endfacet
  facet normal 0 0 1
    outer loop
      vertex 105.5 59.5 3
      vertex 114.5 59.5 3
      vertex 105.5 69.5 3
    endloop
  endfacet
  facet normal 0 0 1
    outer loop
      vertex 114.5 59.5 3
      vertex 105.5 59.5 3
      vertex 114.5 58.5 3
    endloop
  endfacet
  facet normal 0 0 1
    outer loop
      vertex 105.5 58.5 3
      vertex 114.5 58.5 3
      vertex 105.5 59.5 3
    endloop
  endfacet
  facet normal 0 0 1
    outer loop
      vertex 114.5 58.5 3
      vertex 105.5 58.5 3
      vertex 114.5 48.5 3
    endloop
  endfacet
  facet normal 0 0 1
    outer loop
      vertex 105.5 48.5 3
      vertex 114.5 48.5 3
      vertex 105.5 58.5 3
    endloop
  endfacet
  facet normal 0 0 1
    outer loop
      vertex 114.5 48.5 3
      vertex 105.5 48.5 3
      vertex 114.5 47.5 3
    endloop
  endfacet
  facet normal 0 0 1
    outer loop
      vertex 105.5 47.5 3
      vertex 114.5 47.5 3
      vertex 105.5 48.5 3
    endloop
  endfacet
  facet normal 0 0 1
    outer loop
      vertex 114.5 47.5 3
      vertex 105.5 47.5 3
      vertex 114.5 37.5 3
    endloop
  endfacet
  facet normal 0 0 1
    outer loop
      vertex 105.5 37.5 3
      vertex 114.5 37.5 3
      vertex 105.5 47.5 3
    endloop
  endfacet
  facet normal 0 0 1
    outer loop
      vertex 114.5 37.5 3
      vertex 105.5 37.5 3
      vertex 114.5 36.5 3
    endloop
  endfacet
  facet normal 0 0 1
    outer loop
      vertex 105.5 36.5 3
      vertex 114.5 36.5 3
      vertex 105.5 37.5 3
    endloop
  endfacet
  facet normal 0 0 1
    outer loop
      vertex 114.5 36.5 3
      vertex 105.5 36.5 3
      vertex 114.5 26.5 3
    endloop
  endfacet
  facet normal 0 0 1
    outer loop
      vertex 105.5 26.5 3
      vertex 114.5 26.5 3
      vertex 105.5 36.5 3
    endloop
  endfacet
  facet normal 0 0 1
    outer loop
      vertex 114.5 26.5 3
      vertex 105.5 26.5 3
      vertex 114.5 25.5 3
    endloop
  endfacet
  facet normal 0 0 1
    outer loop
      vertex 105.5 25.5 3
      vertex 114.5 25.5 3
      vertex 105.5 26.5 3
    endloop
  endfacet
  facet normal 0 0 1
    outer loop
      vertex 104 24 3
      vertex 114.5 25.5 3
      vertex 105.5 25.5 3
    endloop
  endfacet
  facet normal 0 0 1
    outer loop
      vertex 116 24 3
      vertex 104 24 3
      vertex 118.6 21 3
    endloop
  endfacet
  facet normal 0 0 1
    outer loop
      vertex 84.6 21 3
      vertex 104 24 3
      vertex 92 24 3
    endloop
  endfacet
  facet normal 0 0 1
    outer loop
      vertex 104 24 3
      vertex 84.6 21 3
      vertex 118.6 21 3
    endloop
  endfacet
  facet normal 0 0 1
    outer loop
      vertex 84.6 21 3
      vertex 92 24 3
      vertex 90.5 25.5 3
    endloop
  endfacet
  facet normal -0 0 1
    outer loop
      vertex 128 35 3
      vertex 129.5 26.5 3
      vertex 129.5 36.5 3
    endloop
  endfacet
  facet normal 0 0 1
    outer loop
      vertex 128 35 3
      vertex 128 28 3
      vertex 129.5 26.5 3
    endloop
  endfacet
  facet normal -0 0 1
    outer loop
      vertex 116 35 3
      vertex 128 28 3
      vertex 128 35 3
    endloop
  endfacet
  facet normal 0 0 1
    outer loop
      vertex 116 35 3
      vertex 116 28 3
      vertex 128 28 3
    endloop
  endfacet
  facet normal 0 0 1
    outer loop
      vertex 114.5 36.5 3
      vertex 116 28 3
      vertex 116 35 3
    endloop
  endfacet
  facet normal 0 0 1
    outer loop
      vertex 116 28 3
      vertex 114.5 36.5 3
      vertex 114.5 26.5 3
    endloop
  endfacet
  facet normal -0 0 1
    outer loop
      vertex 128 46 3
      vertex 129.5 37.5 3
      vertex 129.5 47.5 3
    endloop
  endfacet
  facet normal 0 0 1
    outer loop
      vertex 128 46 3
      vertex 128 39 3
      vertex 129.5 37.5 3
    endloop
  endfacet
  facet normal -0 0 1
    outer loop
      vertex 116 46 3
      vertex 128 39 3
      vertex 128 46 3
    endloop
  endfacet
  facet normal 0 0 1
    outer loop
      vertex 116 46 3
      vertex 116 39 3
      vertex 128 39 3
    endloop
  endfacet
  facet normal 0 0 1
    outer loop
      vertex 114.5 47.5 3
      vertex 116 39 3
      vertex 116 46 3
    endloop
  endfacet
  facet normal 0 0 1
    outer loop
      vertex 116 39 3
      vertex 114.5 47.5 3
      vertex 114.5 37.5 3
    endloop
  endfacet
  facet normal -0 0 1
    outer loop
      vertex 128 57 3
      vertex 129.5 48.5 3
      vertex 129.5 58.5 3
    endloop
  endfacet
  facet normal 0 0 1
    outer loop
      vertex 128 57 3
      vertex 128 50 3
      vertex 129.5 48.5 3
    endloop
  endfacet
  facet normal -0 0 1
    outer loop
      vertex 116 57 3
      vertex 128 50 3
      vertex 128 57 3
    endloop
  endfacet
  facet normal 0 0 1
    outer loop
      vertex 116 57 3
      vertex 116 50 3
      vertex 128 50 3
    endloop
  endfacet
  facet normal 0 0 1
    outer loop
      vertex 114.5 58.5 3
      vertex 116 50 3
      vertex 116 57 3
    endloop
  endfacet
  facet normal 0 0 1
    outer loop
      vertex 116 50 3
      vertex 114.5 58.5 3
      vertex 114.5 48.5 3
    endloop
  endfacet
  facet normal -0 0 1
    outer loop
      vertex 128 68 3
      vertex 129.5 59.5 3
      vertex 129.5 69.5 3
    endloop
  endfacet
  facet normal 0 0 1
    outer loop
      vertex 128 68 3
      vertex 128 61 3
      vertex 129.5 59.5 3
    endloop
  endfacet
  facet normal -0 0 1
    outer loop
      vertex 116 68 3
      vertex 128 61 3
      vertex 128 68 3
    endloop
  endfacet
  facet normal 0 0 1
    outer loop
      vertex 116 68 3
      vertex 116 61 3
      vertex 128 61 3
    endloop
  endfacet
  facet normal 0 0 1
    outer loop
      vertex 114.5 69.5 3
      vertex 116 61 3
      vertex 116 68 3
    endloop
  endfacet
  facet normal 0 0 1
    outer loop
      vertex 116 61 3
      vertex 114.5 69.5 3
      vertex 114.5 59.5 3
    endloop
  endfacet
  facet normal -0 0 1
    outer loop
      vertex 128 79 3
      vertex 129.5 70.5 3
      vertex 129.5 80.5 3
    endloop
  endfacet
  facet normal 0 0 1
    outer loop
      vertex 128 79 3
      vertex 128 72 3
      vertex 129.5 70.5 3
    endloop
  endfacet
  facet normal -0 0 1
    outer loop
      vertex 116 79 3
      vertex 128 72 3
      vertex 128 79 3
    endloop
  endfacet
  facet normal 0 0 1
    outer loop
      vertex 116 79 3
      vertex 116 72 3
      vertex 128 72 3
    endloop
  endfacet
  facet normal 0 0 1
    outer loop
      vertex 114.5 80.5 3
      vertex 116 72 3
      vertex 116 79 3
    endloop
  endfacet
  facet normal 0 0 1
    outer loop
      vertex 116 72 3
      vertex 114.5 80.5 3
      vertex 114.5 70.5 3
    endloop
  endfacet
  facet normal -0 0 1
    outer loop
      vertex 128 90 3
      vertex 129.5 81.5 3
      vertex 129.5 91.5 3
    endloop
  endfacet
  facet normal 0 0 1
    outer loop
      vertex 128 90 3
      vertex 128 83 3
      vertex 129.5 81.5 3
    endloop
  endfacet
  facet normal -0 0 1
    outer loop
      vertex 116 90 3
      vertex 128 83 3
      vertex 128 90 3
    endloop
  endfacet
  facet normal 0 0 1
    outer loop
      vertex 116 90 3
      vertex 116 83 3
      vertex 128 83 3
    endloop
  endfacet
  facet normal 0 0 1
    outer loop
      vertex 114.5 91.5 3
      vertex 116 83 3
      vertex 116 90 3
    endloop
  endfacet
  facet normal 0 0 1
    outer loop
      vertex 116 83 3
      vertex 114.5 91.5 3
      vertex 114.5 81.5 3
    endloop
  endfacet
  facet normal -0 0 1
    outer loop
      vertex 128 101 3
      vertex 129.5 92.5 3
      vertex 129.5 102.5 3
    endloop
  endfacet
  facet normal 0 0 1
    outer loop
      vertex 128 101 3
      vertex 128 94 3
      vertex 129.5 92.5 3
    endloop
  endfacet
  facet normal -0 0 1
    outer loop
      vertex 116 101 3
      vertex 128 94 3
      vertex 128 101 3
    endloop
  endfacet
  facet normal 0 0 1
    outer loop
      vertex 116 101 3
      vertex 116 94 3
      vertex 128 94 3
    endloop
  endfacet
  facet normal 0 0 1
    outer loop
      vertex 114.5 102.5 3
      vertex 116 94 3
      vertex 116 101 3
    endloop
  endfacet
  facet normal 0 0 1
    outer loop
      vertex 116 94 3
      vertex 114.5 102.5 3
      vertex 114.5 92.5 3
    endloop
  endfacet
  facet normal -0 0 1
    outer loop
      vertex 128 112 3
      vertex 129.5 103.5 3
      vertex 129.5 113.5 3
    endloop
  endfacet
  facet normal 0 0 1
    outer loop
      vertex 128 112 3
      vertex 128 105 3
      vertex 129.5 103.5 3
    endloop
  endfacet
  facet normal -0 0 1
    outer loop
      vertex 116 112 3
      vertex 128 105 3
      vertex 128 112 3
    endloop
  endfacet
  facet normal 0 0 1
    outer loop
      vertex 116 112 3
      vertex 116 105 3
      vertex 128 105 3
    endloop
  endfacet
  facet normal 0 0 1
    outer loop
      vertex 114.5 113.5 3
      vertex 116 105 3
      vertex 116 112 3
    endloop
  endfacet
  facet normal 0 0 1
    outer loop
      vertex 116 105 3
      vertex 114.5 113.5 3
      vertex 114.5 103.5 3
    endloop
  endfacet
  facet normal -0 0 1
    outer loop
      vertex 128 123 3
      vertex 129.5 114.5 3
      vertex 129.5 124.5 3
    endloop
  endfacet
  facet normal 0 0 1
    outer loop
      vertex 128 123 3
      vertex 128 116 3
      vertex 129.5 114.5 3
    endloop
  endfacet
  facet normal -0 0 1
    outer loop
      vertex 116 123 3
      vertex 128 116 3
      vertex 128 123 3
    endloop
  endfacet
  facet normal 0 0 1
    outer loop
      vertex 116 123 3
      vertex 116 116 3
      vertex 128 116 3
    endloop
  endfacet
  facet normal 0 0 1
    outer loop
      vertex 114.5 124.5 3
      vertex 116 116 3
      vertex 116 123 3
    endloop
  endfacet
  facet normal 0 0 1
    outer loop
      vertex 116 116 3
      vertex 114.5 124.5 3
      vertex 114.5 114.5 3
    endloop
  endfacet
  facet normal -0 0 1
    outer loop
      vertex 152 35 3
      vertex 153.5 26.5 3
      vertex 153.5 36.5 3
    endloop
  endfacet
  facet normal 0 0 1
    outer loop
      vertex 152 35 3
      vertex 152 28 3
      vertex 153.5 26.5 3
    endloop
  endfacet
  facet normal -0 0 1
    outer loop
      vertex 140 35 3
      vertex 152 28 3
      vertex 152 35 3
    endloop
  endfacet
  facet normal 0 0 1
    outer loop
      vertex 140 35 3
      vertex 140 28 3
      vertex 152 28 3
    endloop
  endfacet
  facet normal 0 0 1
    outer loop
      vertex 138.5 36.5 3
      vertex 140 28 3
      vertex 140 35 3
    endloop
  endfacet
  facet normal 0 0 1
    outer loop
      vertex 140 28 3
      vertex 138.5 36.5 3
      vertex 138.5 26.5 3
    endloop
  endfacet
  facet normal -0 0 1
    outer loop
      vertex 152 46 3
      vertex 153.5 37.5 3
      vertex 153.5 47.5 3
    endloop
  endfacet
  facet normal 0 0 1
    outer loop
      vertex 152 46 3
      vertex 152 39 3
      vertex 153.5 37.5 3
    endloop
  endfacet
  facet normal -0 0 1
    outer loop
      vertex 140 46 3
      vertex 152 39 3
      vertex 152 46 3
    endloop
  endfacet
  facet normal 0 0 1
    outer loop
      vertex 140 46 3
      vertex 140 39 3
      vertex 152 39 3
    endloop
  endfacet
  facet normal 0 0 1
    outer loop
      vertex 138.5 47.5 3
      vertex 140 39 3
      vertex 140 46 3
    endloop
  endfacet
  facet normal 0 0 1
    outer loop
      vertex 140 39 3
      vertex 138.5 47.5 3
      vertex 138.5 37.5 3
    endloop
  endfacet
  facet normal -0 0 1
    outer loop
      vertex 152 57 3
      vertex 153.5 48.5 3
      vertex 153.5 58.5 3
    endloop
  endfacet
  facet normal 0 0 1
    outer loop
      vertex 152 57 3
      vertex 152 50 3
      vertex 153.5 48.5 3
    endloop
  endfacet
  facet normal -0 0 1
    outer loop
      vertex 140 57 3
      vertex 152 50 3
      vertex 152 57 3
    endloop
  endfacet
  facet normal 0 0 1
    outer loop
      vertex 140 57 3
      vertex 140 50 3
      vertex 152 50 3
    endloop
  endfacet
  facet normal 0 0 1
    outer loop
      vertex 138.5 58.5 3
      vertex 140 50 3
      vertex 140 57 3
    endloop
  endfacet
  facet normal 0 0 1
    outer loop
      vertex 140 50 3
      vertex 138.5 58.5 3
      vertex 138.5 48.5 3
    endloop
  endfacet
  facet normal -0 0 1
    outer loop
      vertex 152 68 3
      vertex 153.5 59.5 3
      vertex 153.5 69.5 3
    endloop
  endfacet
  facet normal 0 0 1
    outer loop
      vertex 152 68 3
      vertex 152 61 3
      vertex 153.5 59.5 3
    endloop
  endfacet
  facet normal -0 0 1
    outer loop
      vertex 140 68 3
      vertex 152 61 3
      vertex 152 68 3
    endloop
  endfacet
  facet normal 0 0 1
    outer loop
      vertex 140 68 3
      vertex 140 61 3
      vertex 152 61 3
    endloop
  endfacet
  facet normal 0 0 1
    outer loop
      vertex 138.5 69.5 3
      vertex 140 61 3
      vertex 140 68 3
    endloop
  endfacet
  facet normal 0 0 1
    outer loop
      vertex 140 61 3
      vertex 138.5 69.5 3
      vertex 138.5 59.5 3
    endloop
  endfacet
  facet normal -0 0 1
    outer loop
      vertex 152 79 3
      vertex 153.5 70.5 3
      vertex 153.5 80.5 3
    endloop
  endfacet
  facet normal 0 0 1
    outer loop
      vertex 152 79 3
      vertex 152 72 3
      vertex 153.5 70.5 3
    endloop
  endfacet
  facet normal -0 0 1
    outer loop
      vertex 140 79 3
      vertex 152 72 3
      vertex 152 79 3
    endloop
  endfacet
  facet normal 0 0 1
    outer loop
      vertex 140 79 3
      vertex 140 72 3
      vertex 152 72 3
    endloop
  endfacet
  facet normal 0 0 1
    outer loop
      vertex 138.5 80.5 3
      vertex 140 72 3
      vertex 140 79 3
    endloop
  endfacet
  facet normal 0 0 1
    outer loop
      vertex 140 72 3
      vertex 138.5 80.5 3
      vertex 138.5 70.5 3
    endloop
  endfacet
  facet normal -0 0 1
    outer loop
      vertex 152 90 3
      vertex 153.5 81.5 3
      vertex 153.5 91.5 3
    endloop
  endfacet
  facet normal 0 0 1
    outer loop
      vertex 152 90 3
      vertex 152 83 3
      vertex 153.5 81.5 3
    endloop
  endfacet
  facet normal -0 0 1
    outer loop
      vertex 140 90 3
      vertex 152 83 3
      vertex 152 90 3
    endloop
  endfacet
  facet normal 0 0 1
    outer loop
      vertex 140 90 3
      vertex 140 83 3
      vertex 152 83 3
    endloop
  endfacet
  facet normal 0 0 1
    outer loop
      vertex 138.5 91.5 3
      vertex 140 83 3
      vertex 140 90 3
    endloop
  endfacet
  facet normal 0 0 1
    outer loop
      vertex 140 83 3
      vertex 138.5 91.5 3
      vertex 138.5 81.5 3
    endloop
  endfacet
  facet normal -0 0 1
    outer loop
      vertex 152 101 3
      vertex 153.5 92.5 3
      vertex 153.5 102.5 3
    endloop
  endfacet
  facet normal 0 0 1
    outer loop
      vertex 152 101 3
      vertex 152 94 3
      vertex 153.5 92.5 3
    endloop
  endfacet
  facet normal -0 0 1
    outer loop
      vertex 140 101 3
      vertex 152 94 3
      vertex 152 101 3
    endloop
  endfacet
  facet normal 0 0 1
    outer loop
      vertex 140 101 3
      vertex 140 94 3
      vertex 152 94 3
    endloop
  endfacet
  facet normal 0 0 1
    outer loop
      vertex 138.5 102.5 3
      vertex 140 94 3
      vertex 140 101 3
    endloop
  endfacet
  facet normal 0 0 1
    outer loop
      vertex 140 94 3
      vertex 138.5 102.5 3
      vertex 138.5 92.5 3
    endloop
  endfacet
  facet normal -0 0 1
    outer loop
      vertex 152 112 3
      vertex 153.5 103.5 3
      vertex 153.5 113.5 3
    endloop
  endfacet
  facet normal 0 0 1
    outer loop
      vertex 152 112 3
      vertex 152 105 3
      vertex 153.5 103.5 3
    endloop
  endfacet
  facet normal -0 0 1
    outer loop
      vertex 140 112 3
      vertex 152 105 3
      vertex 152 112 3
    endloop
  endfacet
  facet normal 0 0 1
    outer loop
      vertex 140 112 3
      vertex 140 105 3
      vertex 152 105 3
    endloop
  endfacet
  facet normal 0 0 1
    outer loop
      vertex 138.5 113.5 3
      vertex 140 105 3
      vertex 140 112 3
    endloop
  endfacet
  facet normal 0 0 1
    outer loop
      vertex 140 105 3
      vertex 138.5 113.5 3
      vertex 138.5 103.5 3
    endloop
  endfacet
  facet normal -0 0 1
    outer loop
      vertex 152 123 3
      vertex 153.5 114.5 3
      vertex 153.5 124.5 3
    endloop
  endfacet
  facet normal 0 0 1
    outer loop
      vertex 152 123 3
      vertex 152 116 3
      vertex 153.5 114.5 3
    endloop
  endfacet
  facet normal -0 0 1
    outer loop
      vertex 140 123 3
      vertex 152 116 3
      vertex 152 123 3
    endloop
  endfacet
  facet normal 0 0 1
    outer loop
      vertex 140 123 3
      vertex 140 116 3
      vertex 152 116 3
    endloop
  endfacet
  facet normal 0 0 1
    outer loop
      vertex 138.5 124.5 3
      vertex 140 116 3
      vertex 140 123 3
    endloop
  endfacet
  facet normal 0 0 1
    outer loop
      vertex 140 116 3
      vertex 138.5 124.5 3
      vertex 138.5 114.5 3
    endloop
  endfacet
  facet normal -0 0 1
    outer loop
      vertex 176 35 3
      vertex 177.5 26.5 3
      vertex 177.5 36.5 3
    endloop
  endfacet
  facet normal 0 0 1
    outer loop
      vertex 176 35 3
      vertex 176 28 3
      vertex 177.5 26.5 3
    endloop
  endfacet
  facet normal -0 0 1
    outer loop
      vertex 164 35 3
      vertex 176 28 3
      vertex 176 35 3
    endloop
  endfacet
  facet normal 0 0 1
    outer loop
      vertex 164 35 3
      vertex 164 28 3
      vertex 176 28 3
    endloop
  endfacet
  facet normal 0 0 1
    outer loop
      vertex 162.5 36.5 3
      vertex 164 28 3
      vertex 164 35 3
    endloop
  endfacet
  facet normal 0 0 1
    outer loop
      vertex 164 28 3
      vertex 162.5 36.5 3
      vertex 162.5 26.5 3
    endloop
  endfacet
  facet normal -0 0 1
    outer loop
      vertex 176 46 3
      vertex 177.5 37.5 3
      vertex 177.5 47.5 3
    endloop
  endfacet
  facet normal 0 0 1
    outer loop
      vertex 176 46 3
      vertex 176 39 3
      vertex 177.5 37.5 3
    endloop
  endfacet
  facet normal -0 0 1
    outer loop
      vertex 164 46 3
      vertex 176 39 3
      vertex 176 46 3
    endloop
  endfacet
  facet normal 0 0 1
    outer loop
      vertex 164 46 3
      vertex 164 39 3
      vertex 176 39 3
    endloop
  endfacet
  facet normal 0 0 1
    outer loop
      vertex 162.5 47.5 3
      vertex 164 39 3
      vertex 164 46 3
    endloop
  endfacet
  facet normal 0 0 1
    outer loop
      vertex 164 39 3
      vertex 162.5 47.5 3
      vertex 162.5 37.5 3
    endloop
  endfacet
  facet normal -0 0 1
    outer loop
      vertex 176 57 3
      vertex 177.5 48.5 3
      vertex 177.5 58.5 3
    endloop
  endfacet
  facet normal 0 0 1
    outer loop
      vertex 176 57 3
      vertex 176 50 3
      vertex 177.5 48.5 3
    endloop
  endfacet
  facet normal -0 0 1
    outer loop
      vertex 164 57 3
      vertex 176 50 3
      vertex 176 57 3
    endloop
  endfacet
  facet normal 0 0 1
    outer loop
      vertex 164 57 3
      vertex 164 50 3
      vertex 176 50 3
    endloop
  endfacet
  facet normal 0 0 1
    outer loop
      vertex 162.5 58.5 3
      vertex 164 50 3
      vertex 164 57 3
    endloop
  endfacet
  facet normal 0 0 1
    outer loop
      vertex 164 50 3
      vertex 162.5 58.5 3
      vertex 162.5 48.5 3
    endloop
  endfacet
  facet normal -0 0 1
    outer loop
      vertex 176 68 3
      vertex 177.5 59.5 3
      vertex 177.5 69.5 3
    endloop
  endfacet
  facet normal 0 0 1
    outer loop
      vertex 176 68 3
      vertex 176 61 3
      vertex 177.5 59.5 3
    endloop
  endfacet
  facet normal -0 0 1
    outer loop
      vertex 164 68 3
      vertex 176 61 3
      vertex 176 68 3
    endloop
  endfacet
  facet normal 0 0 1
    outer loop
      vertex 164 68 3
      vertex 164 61 3
      vertex 176 61 3
    endloop
  endfacet
  facet normal 0 0 1
    outer loop
      vertex 162.5 69.5 3
      vertex 164 61 3
      vertex 164 68 3
    endloop
  endfacet
  facet normal 0 0 1
    outer loop
      vertex 164 61 3
      vertex 162.5 69.5 3
      vertex 162.5 59.5 3
    endloop
  endfacet
  facet normal -0 0 1
    outer loop
      vertex 176 79 3
      vertex 177.5 70.5 3
      vertex 177.5 80.5 3
    endloop
  endfacet
  facet normal 0 0 1
    outer loop
      vertex 176 79 3
      vertex 176 72 3
      vertex 177.5 70.5 3
    endloop
  endfacet
  facet normal -0 0 1
    outer loop
      vertex 164 79 3
      vertex 176 72 3
      vertex 176 79 3
    endloop
  endfacet
  facet normal 0 0 1
    outer loop
      vertex 164 79 3
      vertex 164 72 3
      vertex 176 72 3
    endloop
  endfacet
  facet normal 0 0 1
    outer loop
      vertex 162.5 80.5 3
      vertex 164 72 3
      vertex 164 79 3
    endloop
  endfacet
  facet normal 0 0 1
    outer loop
      vertex 164 72 3
      vertex 162.5 80.5 3
      vertex 162.5 70.5 3
    endloop
  endfacet
  facet normal -0 0 1
    outer loop
      vertex 176 90 3
      vertex 177.5 81.5 3
      vertex 177.5 91.5 3
    endloop
  endfacet
  facet normal 0 0 1
    outer loop
      vertex 176 90 3
      vertex 176 83 3
      vertex 177.5 81.5 3
    endloop
  endfacet
  facet normal -0 0 1
    outer loop
      vertex 164 90 3
      vertex 176 83 3
      vertex 176 90 3
    endloop
  endfacet
  facet normal 0 0 1
    outer loop
      vertex 164 90 3
      vertex 164 83 3
      vertex 176 83 3
    endloop
  endfacet
  facet normal 0 0 1
    outer loop
      vertex 162.5 91.5 3
      vertex 164 83 3
      vertex 164 90 3
    endloop
  endfacet
  facet normal 0 0 1
    outer loop
      vertex 164 83 3
      vertex 162.5 91.5 3
      vertex 162.5 81.5 3
    endloop
  endfacet
  facet normal -0 0 1
    outer loop
      vertex 176 101 3
      vertex 177.5 92.5 3
      vertex 177.5 102.5 3
    endloop
  endfacet
  facet normal 0 0 1
    outer loop
      vertex 176 101 3
      vertex 176 94 3
      vertex 177.5 92.5 3
    endloop
  endfacet
  facet normal -0 0 1
    outer loop
      vertex 164 101 3
      vertex 176 94 3
      vertex 176 101 3
    endloop
  endfacet
  facet normal 0 0 1
    outer loop
      vertex 164 101 3
      vertex 164 94 3
      vertex 176 94 3
    endloop
  endfacet
  facet normal 0 0 1
    outer loop
      vertex 162.5 102.5 3
      vertex 164 94 3
      vertex 164 101 3
    endloop
  endfacet
  facet normal 0 0 1
    outer loop
      vertex 164 94 3
      vertex 162.5 102.5 3
      vertex 162.5 92.5 3
    endloop
  endfacet
  facet normal -0 0 1
    outer loop
      vertex 176 112 3
      vertex 177.5 103.5 3
      vertex 177.5 113.5 3
    endloop
  endfacet
  facet normal 0 0 1
    outer loop
      vertex 176 112 3
      vertex 176 105 3
      vertex 177.5 103.5 3
    endloop
  endfacet
  facet normal -0 0 1
    outer loop
      vertex 164 112 3
      vertex 176 105 3
      vertex 176 112 3
    endloop
  endfacet
  facet normal 0 0 1
    outer loop
      vertex 164 112 3
      vertex 164 105 3
      vertex 176 105 3
    endloop
  endfacet
  facet normal 0 0 1
    outer loop
      vertex 162.5 113.5 3
      vertex 164 105 3
      vertex 164 112 3
    endloop
  endfacet
  facet normal 0 0 1
    outer loop
      vertex 164 105 3
      vertex 162.5 113.5 3
      vertex 162.5 103.5 3
    endloop
  endfacet
  facet normal -0 0 1
    outer loop
      vertex 176 123 3
      vertex 177.5 114.5 3
      vertex 177.5 124.5 3
    endloop
  endfacet
  facet normal 0 0 1
    outer loop
      vertex 176 123 3
      vertex 176 116 3
      vertex 177.5 114.5 3
    endloop
  endfacet
  facet normal -0 0 1
    outer loop
      vertex 164 123 3
      vertex 176 116 3
      vertex 176 123 3
    endloop
  endfacet
  facet normal 0 0 1
    outer loop
      vertex 164 123 3
      vertex 164 116 3
      vertex 176 116 3
    endloop
  endfacet
  facet normal 0 0 1
    outer loop
      vertex 162.5 124.5 3
      vertex 164 116 3
      vertex 164 123 3
    endloop
  endfacet
  facet normal 0 0 1
    outer loop
      vertex 164 116 3
      vertex 162.5 124.5 3
      vertex 162.5 114.5 3
    endloop
  endfacet
  facet normal 0 0 1
    outer loop
      vertex 195.494 143.06 3
      vertex 203.2 150 3
      vertex 195.662 143.349 3
    endloop
  endfacet
  facet normal 0 0 1
    outer loop
      vertex 203.2 3 3
      vertex 195.765 9.33266 3
      vertex 195.8 9 3
    endloop
  endfacet
  facet normal 0 0 1
    outer loop
      vertex 195.271 142.811 3
      vertex 203.2 150 3
      vertex 195.494 143.06 3
    endloop
  endfacet
  facet normal 0 0 1
    outer loop
      vertex 203.2 3 3
      vertex 195.662 9.65078 3
      vertex 195.765 9.33266 3
    endloop
  endfacet
  facet normal 0 0 1
    outer loop
      vertex 203.2 150 3
      vertex 177.5 80.5 3
      vertex 203.2 3 3
    endloop
  endfacet
  facet normal 0 0 1
    outer loop
      vertex 203.2 3 3
      vertex 195.494 9.94046 3
      vertex 195.662 9.65078 3
    endloop
  endfacet
  facet normal 0 0 1
    outer loop
      vertex 203.2 150 3
      vertex 195.271 142.811 3
      vertex 177.5 92.5 3
    endloop
  endfacet
  facet normal -0 0 1
    outer loop
      vertex 177.5 70.5 3
      vertex 203.2 3 3
      vertex 177.5 80.5 3
    endloop
  endfacet
  facet normal 0 0 1
    outer loop
      vertex 177.5 103.5 3
      vertex 195.271 142.811 3
      vertex 195 142.614 3
    endloop
  endfacet
  facet normal -0 0 1
    outer loop
      vertex 177.5 69.5 3
      vertex 203.2 3 3
      vertex 177.5 70.5 3
    endloop
  endfacet
  facet normal 0 0 1
    outer loop
      vertex 177.5 114.5 3
      vertex 195 142.614 3
      vertex 194.694 142.478 3
    endloop
  endfacet
  facet normal -0 0 1
    outer loop
      vertex 177.5 59.5 3
      vertex 203.2 3 3
      vertex 177.5 69.5 3
    endloop
  endfacet
  facet normal 0 0 1
    outer loop
      vertex 177.5 124.5 3
      vertex 194.694 142.478 3
      vertex 194.367 142.409 3
    endloop
  endfacet
  facet normal -0 0 1
    outer loop
      vertex 177.5 58.5 3
      vertex 203.2 3 3
      vertex 177.5 59.5 3
    endloop
  endfacet
  facet normal 0 0 1
    outer loop
      vertex 177.5 125.5 3
      vertex 194.367 142.409 3
      vertex 194.033 142.409 3
    endloop
  endfacet
  facet normal -0 -0 1
    outer loop
      vertex 195.271 10.189 3
      vertex 203.2 3 3
      vertex 177.5 58.5 3
    endloop
  endfacet
  facet normal 0 0 1
    outer loop
      vertex 177.5 125.5 3
      vertex 194.033 142.409 3
      vertex 193.706 142.478 3
    endloop
  endfacet
  facet normal 0 0 1
    outer loop
      vertex 203.2 3 3
      vertex 195.271 10.189 3
      vertex 195.494 9.94046 3
    endloop
  endfacet
  facet normal 0 0 1
    outer loop
      vertex 177.5 125.5 3
      vertex 193.706 142.478 3
      vertex 193.4 142.614 3
    endloop
  endfacet
  facet normal -0 0 1
    outer loop
      vertex 177.5 48.5 3
      vertex 195.271 10.189 3
      vertex 177.5 58.5 3
    endloop
  endfacet
  facet normal 0 0 1
    outer loop
      vertex 177.5 125.5 3
      vertex 193.4 142.614 3
      vertex 193.129 142.811 3
    endloop
  endfacet
  facet normal -0 0 1
    outer loop
      vertex 177.5 47.5 3
      vertex 195.271 10.189 3
      vertex 177.5 48.5 3
    endloop
  endfacet
  facet normal 0 0 1
    outer loop
      vertex 176 127 3
      vertex 193.129 142.811 3
      vertex 192.906 143.06 3
    endloop
  endfacet
  facet normal 0 0 1
    outer loop
      vertex 195.271 10.189 3
      vertex 177.5 47.5 3
      vertex 195 10.3856 3
    endloop
  endfacet
  facet normal 0 0 1
    outer loop
      vertex 176 127 3
      vertex 192.906 143.06 3
      vertex 192.738 143.349 3
    endloop
  endfacet
  facet normal -0 0 1
    outer loop
      vertex 177.5 37.5 3
      vertex 195 10.3856 3
      vertex 177.5 47.5 3
    endloop
  endfacet
  facet normal 0 0 1
    outer loop
      vertex 176 127 3
      vertex 192.738 143.349 3
      vertex 192.635 143.667 3
    endloop
  endfacet
  facet normal 0 0 1
    outer loop
      vertex 195 10.3856 3
      vertex 177.5 37.5 3
      vertex 194.694 10.5217 3
    endloop
  endfacet
  facet normal 0 0 1
    outer loop
      vertex 176 127 3
      vertex 192.635 143.667 3
      vertex 192.6 144 3
    endloop
  endfacet
  facet normal -0 0 1
    outer loop
      vertex 177.5 36.5 3
      vertex 194.694 10.5217 3
      vertex 177.5 37.5 3
    endloop
  endfacet
  facet normal 0 0 1
    outer loop
      vertex 200.2 153 3
      vertex 203.2 150 3
      vertex 202.627 151.763 3
    endloop
  endfacet
  facet normal 0 0 1
    outer loop
      vertex 195.765 143.667 3
      vertex 203.2 150 3
      vertex 195.8 144 3
    endloop
  endfacet
  facet normal 0 0 1
    outer loop
      vertex 195.271 145.189 3
      vertex 203.2 150 3
      vertex 200.2 153 3
    endloop
  endfacet
  facet normal 0 0 1
    outer loop
      vertex 195.662 143.349 3
      vertex 203.2 150 3
      vertex 195.765 143.667 3
    endloop
  endfacet
  facet normal -0 0 1
    outer loop
      vertex 195.765 8.66734 3
      vertex 203.2 3 3
      vertex 195.8 9 3
    endloop
  endfacet
  facet normal 0 0 1
    outer loop
      vertex 203.2 150 3
      vertex 195.765 144.333 3
      vertex 195.8 144 3
    endloop
  endfacet
  facet normal 0 0 1
    outer loop
      vertex 203.2 150 3
      vertex 195.662 144.651 3
      vertex 195.765 144.333 3
    endloop
  endfacet
  facet normal 0 0 1
    outer loop
      vertex 203.2 150 3
      vertex 195.494 144.94 3
      vertex 195.662 144.651 3
    endloop
  endfacet
  facet normal 0 0 1
    outer loop
      vertex 203.2 150 3
      vertex 195.271 145.189 3
      vertex 195.494 144.94 3
    endloop
  endfacet
  facet normal 0 0 1
    outer loop
      vertex 200.2 153 3
      vertex 195 145.386 3
      vertex 195.271 145.189 3
    endloop
  endfacet
  facet normal 0 0 1
    outer loop
      vertex 200.2 153 3
      vertex 194.694 145.522 3
      vertex 195 145.386 3
    endloop
  endfacet
  facet normal 0 0 1
    outer loop
      vertex 200.2 153 3
      vertex 194.367 145.591 3
      vertex 194.694 145.522 3
    endloop
  endfacet
  facet normal 0 0 1
    outer loop
      vertex 200.2 153 3
      vertex 194.033 145.591 3
      vertex 194.367 145.591 3
    endloop
  endfacet
  facet normal 0 0 1
    outer loop
      vertex 200.2 153 3
      vertex 193.706 145.522 3
      vertex 194.033 145.591 3
    endloop
  endfacet
  facet normal 0 0 1
    outer loop
      vertex 200.2 153 3
      vertex 193.4 145.386 3
      vertex 193.706 145.522 3
    endloop
  endfacet
  facet normal 0 0 1
    outer loop
      vertex 200.2 153 3
      vertex 193.129 145.189 3
      vertex 193.4 145.386 3
    endloop
  endfacet
  facet normal 0 0 1
    outer loop
      vertex 194.367 142.409 3
      vertex 177.5 125.5 3
      vertex 177.5 124.5 3
    endloop
  endfacet
  facet normal 0 0 1
    outer loop
      vertex 176 127 3
      vertex 192.6 144 3
      vertex 192.635 144.333 3
    endloop
  endfacet
  facet normal 0 0 1
    outer loop
      vertex 164 127 3
      vertex 192.635 144.333 3
      vertex 192.738 144.651 3
    endloop
  endfacet
  facet normal 0 0 1
    outer loop
      vertex 164 127 3
      vertex 192.738 144.651 3
      vertex 192.906 144.94 3
    endloop
  endfacet
  facet normal 0 0 1
    outer loop
      vertex 193.129 142.811 3
      vertex 176 127 3
      vertex 177.5 125.5 3
    endloop
  endfacet
  facet normal 0 0 1
    outer loop
      vertex 152 127 3
      vertex 192.906 144.94 3
      vertex 193.129 145.189 3
    endloop
  endfacet
  facet normal 0 0 1
    outer loop
      vertex 152 127 3
      vertex 193.129 145.189 3
      vertex 200.2 153 3
    endloop
  endfacet
  facet normal 0 0 1
    outer loop
      vertex 192.635 144.333 3
      vertex 164 127 3
      vertex 176 127 3
    endloop
  endfacet
  facet normal 0 0 1
    outer loop
      vertex 153.5 124.5 3
      vertex 162.5 124.5 3
      vertex 162.5 125.5 3
    endloop
  endfacet
  facet normal 0 0 1
    outer loop
      vertex 162.5 124.5 3
      vertex 153.5 124.5 3
      vertex 162.5 114.5 3
    endloop
  endfacet
  facet normal 0 0 1
    outer loop
      vertex 162.5 114.5 3
      vertex 153.5 114.5 3
      vertex 162.5 113.5 3
    endloop
  endfacet
  facet normal 0 0 1
    outer loop
      vertex 153.5 113.5 3
      vertex 162.5 113.5 3
      vertex 153.5 114.5 3
    endloop
  endfacet
  facet normal 0 0 1
    outer loop
      vertex 153.5 103.5 3
      vertex 162.5 103.5 3
      vertex 153.5 113.5 3
    endloop
  endfacet
  facet normal 0 0 1
    outer loop
      vertex 162.5 103.5 3
      vertex 153.5 103.5 3
      vertex 162.5 102.5 3
    endloop
  endfacet
  facet normal 0 0 1
    outer loop
      vertex 162.5 102.5 3
      vertex 153.5 102.5 3
      vertex 162.5 92.5 3
    endloop
  endfacet
  facet normal 0 0 1
    outer loop
      vertex 153.5 92.5 3
      vertex 162.5 92.5 3
      vertex 153.5 102.5 3
    endloop
  endfacet
  facet normal 0 0 1
    outer loop
      vertex 153.5 91.5 3
      vertex 162.5 91.5 3
      vertex 153.5 92.5 3
    endloop
  endfacet
  facet normal 0 0 1
    outer loop
      vertex 162.5 91.5 3
      vertex 153.5 91.5 3
      vertex 162.5 81.5 3
    endloop
  endfacet
  facet normal 0 0 1
    outer loop
      vertex 162.5 81.5 3
      vertex 153.5 81.5 3
      vertex 162.5 80.5 3
    endloop
  endfacet
  facet normal 0 0 1
    outer loop
      vertex 162.5 80.5 3
      vertex 153.5 80.5 3
      vertex 162.5 70.5 3
    endloop
  endfacet
  facet normal 0 0 1
    outer loop
      vertex 153.5 70.5 3
      vertex 162.5 70.5 3
      vertex 153.5 80.5 3
    endloop
  endfacet
  facet normal 0 0 1
    outer loop
      vertex 153.5 69.5 3
      vertex 162.5 69.5 3
      vertex 153.5 70.5 3
    endloop
  endfacet
  facet normal 0 0 1
    outer loop
      vertex 162.5 69.5 3
      vertex 153.5 69.5 3
      vertex 162.5 59.5 3
    endloop
  endfacet
  facet normal 0 0 1
    outer loop
      vertex 162.5 59.5 3
      vertex 153.5 59.5 3
      vertex 162.5 58.5 3
    endloop
  endfacet
  facet normal 0 0 1
    outer loop
      vertex 153.5 58.5 3
      vertex 162.5 58.5 3
      vertex 153.5 59.5 3
    endloop
  endfacet
  facet normal 0 0 1
    outer loop
      vertex 162.5 58.5 3
      vertex 153.5 58.5 3
      vertex 162.5 48.5 3
    endloop
  endfacet
  facet normal 0 0 1
    outer loop
      vertex 153.5 124.5 3
      vertex 162.5 125.5 3
      vertex 153.5 125.5 3
    endloop
  endfacet
  facet normal 0 0 1
    outer loop
      vertex 164 127 3
      vertex 153.5 125.5 3
      vertex 162.5 125.5 3
    endloop
  endfacet
  facet normal 0 0 1
    outer loop
      vertex 192.906 144.94 3
      vertex 152 127 3
      vertex 164 127 3
    endloop
  endfacet
  facet normal 0 0 1
    outer loop
      vertex 164 127 3
      vertex 152 127 3
      vertex 153.5 125.5 3
    endloop
  endfacet
  facet normal 0 0 1
    outer loop
      vertex 200.2 153 3
      vertex 140 127 3
      vertex 152 127 3
    endloop
  endfacet
  facet normal 0 0 1
    outer loop
      vertex 129.5 124.5 3
      vertex 138.5 124.5 3
      vertex 138.5 125.5 3
    endloop
  endfacet
  facet normal 0 0 1
    outer loop
      vertex 138.5 124.5 3
      vertex 129.5 124.5 3
      vertex 138.5 114.5 3
    endloop
  endfacet
  facet normal 0 0 1
    outer loop
      vertex 138.5 114.5 3
      vertex 129.5 114.5 3
      vertex 138.5 113.5 3
    endloop
  endfacet
  facet normal 0 0 1
    outer loop
      vertex 129.5 113.5 3
      vertex 138.5 113.5 3
      vertex 129.5 114.5 3
    endloop
  endfacet
  facet normal 0 0 1
    outer loop
      vertex 129.5 103.5 3
      vertex 138.5 103.5 3
      vertex 129.5 113.5 3
    endloop
  endfacet
  facet normal 0 0 1
    outer loop
      vertex 138.5 103.5 3
      vertex 129.5 103.5 3
      vertex 138.5 102.5 3
    endloop
  endfacet
  facet normal 0 0 1
    outer loop
      vertex 138.5 102.5 3
      vertex 129.5 102.5 3
      vertex 138.5 92.5 3
    endloop
  endfacet
  facet normal 0 0 1
    outer loop
      vertex 129.5 92.5 3
      vertex 138.5 92.5 3
      vertex 129.5 102.5 3
    endloop
  endfacet
  facet normal 0 0 1
    outer loop
      vertex 129.5 91.5 3
      vertex 138.5 91.5 3
      vertex 129.5 92.5 3
    endloop
  endfacet
  facet normal 0 0 1
    outer loop
      vertex 138.5 91.5 3
      vertex 129.5 91.5 3
      vertex 138.5 81.5 3
    endloop
  endfacet
  facet normal 0 0 1
    outer loop
      vertex 138.5 81.5 3
      vertex 129.5 81.5 3
      vertex 138.5 80.5 3
    endloop
  endfacet
  facet normal 0 0 1
    outer loop
      vertex 138.5 80.5 3
      vertex 129.5 80.5 3
      vertex 138.5 70.5 3
    endloop
  endfacet
  facet normal 0 0 1
    outer loop
      vertex 129.5 70.5 3
      vertex 138.5 70.5 3
      vertex 129.5 80.5 3
    endloop
  endfacet
  facet normal 0 0 1
    outer loop
      vertex 129.5 69.5 3
      vertex 138.5 69.5 3
      vertex 129.5 70.5 3
    endloop
  endfacet
  facet normal 0 0 1
    outer loop
      vertex 138.5 69.5 3
      vertex 129.5 69.5 3
      vertex 138.5 59.5 3
    endloop
  endfacet
  facet normal 0 0 1
    outer loop
      vertex 138.5 59.5 3
      vertex 129.5 59.5 3
      vertex 138.5 58.5 3
    endloop
  endfacet
  facet normal 0 0 1
    outer loop
      vertex 129.5 58.5 3
      vertex 138.5 58.5 3
      vertex 129.5 59.5 3
    endloop
  endfacet
  facet normal 0 0 1
    outer loop
      vertex 138.5 58.5 3
      vertex 129.5 58.5 3
      vertex 138.5 48.5 3
    endloop
  endfacet
  facet normal 0 0 1
    outer loop
      vertex 129.5 124.5 3
      vertex 138.5 125.5 3
      vertex 129.5 125.5 3
    endloop
  endfacet
  facet normal 0 0 1
    outer loop
      vertex 140 127 3
      vertex 129.5 125.5 3
      vertex 138.5 125.5 3
    endloop
  endfacet
  facet normal 0 0 1
    outer loop
      vertex 128 127 3
      vertex 140 127 3
      vertex 200.2 153 3
    endloop
  endfacet
  facet normal 0 0 1
    outer loop
      vertex 140 127 3
      vertex 128 127 3
      vertex 129.5 125.5 3
    endloop
  endfacet
  facet normal 0 0 1
    outer loop
      vertex 200.2 153 3
      vertex 116 127 3
      vertex 128 127 3
    endloop
  endfacet
  facet normal -0 0 1
    outer loop
      vertex 105.5 125.5 3
      vertex 114.5 124.5 3
      vertex 114.5 125.5 3
    endloop
  endfacet
  facet normal 0 0 1
    outer loop
      vertex 105.5 124.5 3
      vertex 114.5 124.5 3
      vertex 105.5 125.5 3
    endloop
  endfacet
  facet normal 0 0 1
    outer loop
      vertex 114.5 124.5 3
      vertex 105.5 124.5 3
      vertex 114.5 114.5 3
    endloop
  endfacet
  facet normal 0 0 1
    outer loop
      vertex 105.5 114.5 3
      vertex 114.5 114.5 3
      vertex 105.5 124.5 3
    endloop
  endfacet
  facet normal 0 0 1
    outer loop
      vertex 114.5 114.5 3
      vertex 105.5 114.5 3
      vertex 114.5 113.5 3
    endloop
  endfacet
  facet normal 0 0 1
    outer loop
      vertex 105.5 113.5 3
      vertex 114.5 113.5 3
      vertex 105.5 114.5 3
    endloop
  endfacet
  facet normal 0 0 1
    outer loop
      vertex 114.5 113.5 3
      vertex 105.5 113.5 3
      vertex 114.5 103.5 3
    endloop
  endfacet
  facet normal 0 0 1
    outer loop
      vertex 105.5 103.5 3
      vertex 114.5 103.5 3
      vertex 105.5 113.5 3
    endloop
  endfacet
  facet normal 0 0 1
    outer loop
      vertex 114.5 103.5 3
      vertex 105.5 103.5 3
      vertex 114.5 102.5 3
    endloop
  endfacet
  facet normal 0 0 1
    outer loop
      vertex 105.5 102.5 3
      vertex 114.5 102.5 3
      vertex 105.5 103.5 3
    endloop
  endfacet
  facet normal 0 0 1
    outer loop
      vertex 114.5 102.5 3
      vertex 105.5 102.5 3
      vertex 114.5 92.5 3
    endloop
  endfacet
  facet normal 0 0 1
    outer loop
      vertex 105.5 92.5 3
      vertex 114.5 92.5 3
      vertex 105.5 102.5 3
    endloop
  endfacet
  facet normal 0 0 1
    outer loop
      vertex 114.5 92.5 3
      vertex 105.5 92.5 3
      vertex 114.5 91.5 3
    endloop
  endfacet
  facet normal 0 0 1
    outer loop
      vertex 105.5 91.5 3
      vertex 114.5 91.5 3
      vertex 105.5 92.5 3
    endloop
  endfacet
  facet normal 0 0 1
    outer loop
      vertex 114.5 91.5 3
      vertex 105.5 91.5 3
      vertex 114.5 81.5 3
    endloop
  endfacet
  facet normal 0 0 1
    outer loop
      vertex 105.5 81.5 3
      vertex 114.5 81.5 3
      vertex 105.5 91.5 3
    endloop
  endfacet
  facet normal 0 0 1
    outer loop
      vertex 114.5 81.5 3
      vertex 105.5 81.5 3
      vertex 114.5 80.5 3
    endloop
  endfacet
  facet normal 0 0 1
    outer loop
      vertex 105.5 80.5 3
      vertex 114.5 80.5 3
      vertex 105.5 81.5 3
    endloop
  endfacet
  facet normal 0 0 1
    outer loop
      vertex 114.5 80.5 3
      vertex 105.5 80.5 3
      vertex 114.5 70.5 3
    endloop
  endfacet
  facet normal 0 0 1
    outer loop
      vertex 116 127 3
      vertex 105.5 125.5 3
      vertex 114.5 125.5 3
    endloop
  endfacet
  facet normal 0 0 1
    outer loop
      vertex 104 127 3
      vertex 116 127 3
      vertex 200.2 153 3
    endloop
  endfacet
  facet normal 0 0 1
    outer loop
      vertex 116 127 3
      vertex 104 127 3
      vertex 105.5 125.5 3
    endloop
  endfacet
  facet normal -0 0 1
    outer loop
      vertex 3 153 3
      vertex 104 127 3
      vertex 200.2 153 3
    endloop
  endfacet
  facet normal 0 0 1
    outer loop
      vertex 81.5 124.5 3
      vertex 90.5 124.5 3
      vertex 90.5 125.5 3
    endloop
  endfacet
  facet normal 0 0 1
    outer loop
      vertex 90.5 124.5 3
      vertex 81.5 124.5 3
      vertex 90.5 114.5 3
    endloop
  endfacet
  facet normal 0 0 1
    outer loop
      vertex 90.5 114.5 3
      vertex 81.5 114.5 3
      vertex 90.5 113.5 3
    endloop
  endfacet
  facet normal 0 0 1
    outer loop
      vertex 81.5 113.5 3
      vertex 90.5 113.5 3
      vertex 81.5 114.5 3
    endloop
  endfacet
  facet normal 0 0 1
    outer loop
      vertex 81.5 103.5 3
      vertex 90.5 103.5 3
      vertex 81.5 113.5 3
    endloop
  endfacet
  facet normal 0 0 1
    outer loop
      vertex 90.5 103.5 3
      vertex 81.5 103.5 3
      vertex 90.5 102.5 3
    endloop
  endfacet
  facet normal 0 0 1
    outer loop
      vertex 90.5 102.5 3
      vertex 81.5 102.5 3
      vertex 90.5 92.5 3
    endloop
  endfacet
  facet normal 0 0 1
    outer loop
      vertex 81.5 92.5 3
      vertex 90.5 92.5 3
      vertex 81.5 102.5 3
    endloop
  endfacet
  facet normal 0 0 1
    outer loop
      vertex 81.5 91.5 3
      vertex 90.5 91.5 3
      vertex 81.5 92.5 3
    endloop
  endfacet
  facet normal 0 0 1
    outer loop
      vertex 90.5 91.5 3
      vertex 81.5 91.5 3
      vertex 90.5 81.5 3
    endloop
  endfacet
  facet normal 0 0 1
    outer loop
      vertex 90.5 81.5 3
      vertex 81.5 81.5 3
      vertex 90.5 80.5 3
    endloop
  endfacet
  facet normal 0 0 1
    outer loop
      vertex 90.5 80.5 3
      vertex 81.5 80.5 3
      vertex 90.5 70.5 3
    endloop
  endfacet
  facet normal 0 0 1
    outer loop
      vertex 81.5 70.5 3
      vertex 90.5 70.5 3
      vertex 81.5 80.5 3
    endloop
  endfacet
  facet normal 0 0 1
    outer loop
      vertex 81.5 69.5 3
      vertex 90.5 69.5 3
      vertex 81.5 70.5 3
    endloop
  endfacet
  facet normal 0 0 1
    outer loop
      vertex 90.5 69.5 3
      vertex 81.5 69.5 3
      vertex 90.5 59.5 3
    endloop
  endfacet
  facet normal 0 0 1
    outer loop
      vertex 90.5 59.5 3
      vertex 81.5 59.5 3
      vertex 90.5 58.5 3
    endloop
  endfacet
  facet normal 0 0 1
    outer loop
      vertex 81.5 58.5 3
      vertex 90.5 58.5 3
      vertex 81.5 59.5 3
    endloop
  endfacet
  facet normal 0 0 1
    outer loop
      vertex 81.5 48.5 3
      vertex 90.5 48.5 3
      vertex 81.5 58.5 3
    endloop
  endfacet
  facet normal 0 0 1
    outer loop
      vertex 90.5 48.5 3
      vertex 81.5 48.5 3
      vertex 90.5 47.5 3
    endloop
  endfacet
  facet normal 0 0 1
    outer loop
      vertex 90.5 37.5 3
      vertex 81.5 37.5 3
      vertex 90.5 36.5 3
    endloop
  endfacet
  facet normal 0 0 1
    outer loop
      vertex 81.5 124.5 3
      vertex 90.5 125.5 3
      vertex 81.5 125.5 3
    endloop
  endfacet
  facet normal 0 0 1
    outer loop
      vertex 92 127 3
      vertex 81.5 125.5 3
      vertex 90.5 125.5 3
    endloop
  endfacet
  facet normal 0 0 1
    outer loop
      vertex 104 127 3
      vertex 3 153 3
      vertex 92 127 3
    endloop
  endfacet
  facet normal 0 0 1
    outer loop
      vertex 92 127 3
      vertex 80 127 3
      vertex 81.5 125.5 3
    endloop
  endfacet
  facet normal 0 0 1
    outer loop
      vertex 92 127 3
      vertex 3 153 3
      vertex 80 127 3
    endloop
  endfacet
  facet normal 0 0 1
    outer loop
      vertex 57.5 124.5 3
      vertex 66.5 124.5 3
      vertex 66.5 125.5 3
    endloop
  endfacet
  facet normal 0 0 1
    outer loop
      vertex 66.5 124.5 3
      vertex 57.5 124.5 3
      vertex 66.5 114.5 3
    endloop
  endfacet
  facet normal 0 0 1
    outer loop
      vertex 66.5 114.5 3
      vertex 57.5 114.5 3
      vertex 66.5 113.5 3
    endloop
  endfacet
  facet normal 0 0 1
    outer loop
      vertex 57.5 113.5 3
      vertex 66.5 113.5 3
      vertex 57.5 114.5 3
    endloop
  endfacet
  facet normal 0 0 1
    outer loop
      vertex 57.5 103.5 3
      vertex 66.5 103.5 3
      vertex 57.5 113.5 3
    endloop
  endfacet
  facet normal 0 0 1
    outer loop
      vertex 66.5 103.5 3
      vertex 57.5 103.5 3
      vertex 66.5 102.5 3
    endloop
  endfacet
  facet normal 0 0 1
    outer loop
      vertex 66.5 102.5 3
      vertex 57.5 102.5 3
      vertex 66.5 92.5 3
    endloop
  endfacet
  facet normal 0 0 1
    outer loop
      vertex 57.5 92.5 3
      vertex 66.5 92.5 3
      vertex 57.5 102.5 3
    endloop
  endfacet
  facet normal 0 0 1
    outer loop
      vertex 57.5 91.5 3
      vertex 66.5 91.5 3
      vertex 57.5 92.5 3
    endloop
  endfacet
  facet normal 0 0 1
    outer loop
      vertex 66.5 91.5 3
      vertex 57.5 91.5 3
      vertex 66.5 81.5 3
    endloop
  endfacet
  facet normal 0 0 1
    outer loop
      vertex 66.5 81.5 3
      vertex 57.5 81.5 3
      vertex 66.5 80.5 3
    endloop
  endfacet
  facet normal 0 0 1
    outer loop
      vertex 66.5 80.5 3
      vertex 57.5 80.5 3
      vertex 66.5 70.5 3
    endloop
  endfacet
  facet normal 0 0 1
    outer loop
      vertex 57.5 70.5 3
      vertex 66.5 70.5 3
      vertex 57.5 80.5 3
    endloop
  endfacet
  facet normal 0 0 1
    outer loop
      vertex 57.5 69.5 3
      vertex 66.5 69.5 3
      vertex 57.5 70.5 3
    endloop
  endfacet
  facet normal 0 0 1
    outer loop
      vertex 66.5 69.5 3
      vertex 57.5 69.5 3
      vertex 66.5 59.5 3
    endloop
  endfacet
  facet normal 0 0 1
    outer loop
      vertex 66.5 59.5 3
      vertex 57.5 59.5 3
      vertex 66.5 58.5 3
    endloop
  endfacet
  facet normal 0 0 1
    outer loop
      vertex 57.5 58.5 3
      vertex 66.5 58.5 3
      vertex 57.5 59.5 3
    endloop
  endfacet
  facet normal 0 0 1
    outer loop
      vertex 66.5 58.5 3
      vertex 57.5 58.5 3
      vertex 66.5 48.5 3
    endloop
  endfacet
  facet normal 0 0 1
    outer loop
      vertex 57.5 124.5 3
      vertex 66.5 125.5 3
      vertex 57.5 125.5 3
    endloop
  endfacet
  facet normal 0 0 1
    outer loop
      vertex 68 127 3
      vertex 57.5 125.5 3
      vertex 66.5 125.5 3
    endloop
  endfacet
  facet normal 0 0 1
    outer loop
      vertex 80 127 3
      vertex 3 153 3
      vertex 68 127 3
    endloop
  endfacet
  facet normal 0 0 1
    outer loop
      vertex 68 127 3
      vertex 56 127 3
      vertex 57.5 125.5 3
    endloop
  endfacet
  facet normal 0 0 1
    outer loop
      vertex 68 127 3
      vertex 3 153 3
      vertex 56 127 3
    endloop
  endfacet
  facet normal 0 0 1
    outer loop
      vertex 33.5 124.5 3
      vertex 42.5 124.5 3
      vertex 42.5 125.5 3
    endloop
  endfacet
  facet normal 0 0 1
    outer loop
      vertex 42.5 124.5 3
      vertex 33.5 124.5 3
      vertex 42.5 114.5 3
    endloop
  endfacet
  facet normal 0 0 1
    outer loop
      vertex 42.5 114.5 3
      vertex 33.5 114.5 3
      vertex 42.5 113.5 3
    endloop
  endfacet
  facet normal 0 0 1
    outer loop
      vertex 33.5 113.5 3
      vertex 42.5 113.5 3
      vertex 33.5 114.5 3
    endloop
  endfacet
  facet normal 0 0 1
    outer loop
      vertex 33.5 103.5 3
      vertex 42.5 103.5 3
      vertex 33.5 113.5 3
    endloop
  endfacet
  facet normal 0 0 1
    outer loop
      vertex 42.5 103.5 3
      vertex 33.5 103.5 3
      vertex 42.5 102.5 3
    endloop
  endfacet
  facet normal 0 0 1
    outer loop
      vertex 42.5 102.5 3
      vertex 33.5 102.5 3
      vertex 42.5 92.5 3
    endloop
  endfacet
  facet normal 0 0 1
    outer loop
      vertex 33.5 92.5 3
      vertex 42.5 92.5 3
      vertex 33.5 102.5 3
    endloop
  endfacet
  facet normal 0 0 1
    outer loop
      vertex 33.5 91.5 3
      vertex 42.5 91.5 3
      vertex 33.5 92.5 3
    endloop
  endfacet
  facet normal 0 0 1
    outer loop
      vertex 42.5 91.5 3
      vertex 33.5 91.5 3
      vertex 42.5 81.5 3
    endloop
  endfacet
  facet normal 0 0 1
    outer loop
      vertex 42.5 81.5 3
      vertex 33.5 81.5 3
      vertex 42.5 80.5 3
    endloop
  endfacet
  facet normal 0 0 1
    outer loop
      vertex 42.5 80.5 3
      vertex 33.5 80.5 3
      vertex 42.5 70.5 3
    endloop
  endfacet
  facet normal 0 0 1
    outer loop
      vertex 33.5 70.5 3
      vertex 42.5 70.5 3
      vertex 33.5 80.5 3
    endloop
  endfacet
  facet normal 0 0 1
    outer loop
      vertex 33.5 69.5 3
      vertex 42.5 69.5 3
      vertex 33.5 70.5 3
    endloop
  endfacet
  facet normal 0 0 1
    outer loop
      vertex 42.5 69.5 3
      vertex 33.5 69.5 3
      vertex 42.5 59.5 3
    endloop
  endfacet
  facet normal 0 0 1
    outer loop
      vertex 42.5 59.5 3
      vertex 33.5 59.5 3
      vertex 42.5 58.5 3
    endloop
  endfacet
  facet normal 0 0 1
    outer loop
      vertex 33.5 58.5 3
      vertex 42.5 58.5 3
      vertex 33.5 59.5 3
    endloop
  endfacet
  facet normal 0 0 1
    outer loop
      vertex 42.5 58.5 3
      vertex 33.5 58.5 3
      vertex 42.5 48.5 3
    endloop
  endfacet
  facet normal 0 0 1
    outer loop
      vertex 33.5 124.5 3
      vertex 42.5 125.5 3
      vertex 33.5 125.5 3
    endloop
  endfacet
  facet normal 0 0 1
    outer loop
      vertex 44 127 3
      vertex 33.5 125.5 3
      vertex 42.5 125.5 3
    endloop
  endfacet
  facet normal -0 -0 1
    outer loop
      vertex 10.0706 145.189 3
      vertex 56 127 3
      vertex 3 153 3
    endloop
  endfacet
  facet normal 0 0 1
    outer loop
      vertex 44 127 3
      vertex 32 127 3
      vertex 33.5 125.5 3
    endloop
  endfacet
  facet normal 0 0 1
    outer loop
      vertex 56 127 3
      vertex 10.2944 144.94 3
      vertex 44 127 3
    endloop
  endfacet
  facet normal -0 0 1
    outer loop
      vertex 10.4617 143.349 3
      vertex 20 127 3
      vertex 10.565 143.667 3
    endloop
  endfacet
  facet normal -0 0 1
    outer loop
      vertex 10.2944 143.06 3
      vertex 20 127 3
      vertex 10.4617 143.349 3
    endloop
  endfacet
  facet normal -0 0 1
    outer loop
      vertex 10.0706 142.811 3
      vertex 20 127 3
      vertex 10.2944 143.06 3
    endloop
  endfacet
  facet normal -0 0 1
    outer loop
      vertex 9.8 142.614 3
      vertex 20 127 3
      vertex 10.0706 142.811 3
    endloop
  endfacet
  facet normal -0 0 1
    outer loop
      vertex 9.49443 142.478 3
      vertex 20 127 3
      vertex 9.8 142.614 3
    endloop
  endfacet
  facet normal 0 0 1
    outer loop
      vertex 20 127 3
      vertex 9.49443 142.478 3
      vertex 18.5 125.5 3
    endloop
  endfacet
  facet normal -0 0 1
    outer loop
      vertex 9.16724 142.409 3
      vertex 18.5 125.5 3
      vertex 9.49443 142.478 3
    endloop
  endfacet
  facet normal -0 0 1
    outer loop
      vertex 8.83275 142.409 3
      vertex 18.5 125.5 3
      vertex 9.16724 142.409 3
    endloop
  endfacet
  facet normal 0 0 1
    outer loop
      vertex 8.50557 142.478 3
      vertex 18.5 125.5 3
      vertex 8.83275 142.409 3
    endloop
  endfacet
  facet normal 0 0 1
    outer loop
      vertex 8.2 142.614 3
      vertex 18.5 125.5 3
      vertex 8.50557 142.478 3
    endloop
  endfacet
  facet normal 0 0 1
    outer loop
      vertex 18.5 125.5 3
      vertex 8.2 142.614 3
      vertex 18.5 124.5 3
    endloop
  endfacet
  facet normal 0 0 1
    outer loop
      vertex 18.5 70.5 3
      vertex 10.6 9 3
      vertex 18.5 69.5 3
    endloop
  endfacet
  facet normal 0 0 1
    outer loop
      vertex 18.5 69.5 3
      vertex 10.6 9 3
      vertex 18.5 59.5 3
    endloop
  endfacet
  facet normal 0 0 1
    outer loop
      vertex 18.5 59.5 3
      vertex 10.6 9 3
      vertex 18.5 58.5 3
    endloop
  endfacet
  facet normal 0 0 1
    outer loop
      vertex 18.5 58.5 3
      vertex 10.6 9 3
      vertex 18.5 48.5 3
    endloop
  endfacet
  facet normal 0 0 1
    outer loop
      vertex 18.5 48.5 3
      vertex 10.6 9 3
      vertex 18.5 47.5 3
    endloop
  endfacet
  facet normal 0 0 1
    outer loop
      vertex 18.5 47.5 3
      vertex 10.6 9 3
      vertex 18.5 37.5 3
    endloop
  endfacet
  facet normal 0 0 1
    outer loop
      vertex 18.5 36.5 3
      vertex 10.6 9 3
      vertex 18.5 26.5 3
    endloop
  endfacet
  facet normal 0 0 1
    outer loop
      vertex 18.5 37.5 3
      vertex 10.6 9 3
      vertex 18.5 36.5 3
    endloop
  endfacet
  facet normal 0 0 1
    outer loop
      vertex 32 127 3
      vertex 10.565 143.667 3
      vertex 20 127 3
    endloop
  endfacet
  facet normal -0 -0 1
    outer loop
      vertex 10.565 144.333 3
      vertex 32 127 3
      vertex 10.4617 144.651 3
    endloop
  endfacet
  facet normal -0 0 1
    outer loop
      vertex 10.565 143.667 3
      vertex 32 127 3
      vertex 10.6 144 3
    endloop
  endfacet
  facet normal -0 -0 1
    outer loop
      vertex 10.6 144 3
      vertex 32 127 3
      vertex 10.565 144.333 3
    endloop
  endfacet
  facet normal 0 0 1
    outer loop
      vertex 44 127 3
      vertex 10.4617 144.651 3
      vertex 32 127 3
    endloop
  endfacet
  facet normal -0 -0 1
    outer loop
      vertex 10.4617 144.651 3
      vertex 44 127 3
      vertex 10.2944 144.94 3
    endloop
  endfacet
  facet normal -0 -0 1
    outer loop
      vertex 10.2944 144.94 3
      vertex 56 127 3
      vertex 10.0706 145.189 3
    endloop
  endfacet
  facet normal 0 0 1
    outer loop
      vertex 10.0706 145.189 3
      vertex 3 153 3
      vertex 9.8 145.386 3
    endloop
  endfacet
  facet normal 0 0 1
    outer loop
      vertex 9.8 145.386 3
      vertex 3 153 3
      vertex 9.49443 145.522 3
    endloop
  endfacet
  facet normal 0 0 1
    outer loop
      vertex 9.49443 145.522 3
      vertex 3 153 3
      vertex 9.16724 145.591 3
    endloop
  endfacet
  facet normal 0 0 1
    outer loop
      vertex 7.43496 144.333 3
      vertex 0 150 3
      vertex 7.4 144 3
    endloop
  endfacet
  facet normal 0 0 1
    outer loop
      vertex 7.53833 144.651 3
      vertex 0 150 3
      vertex 7.43496 144.333 3
    endloop
  endfacet
  facet normal 0 0 1
    outer loop
      vertex 7.70557 144.94 3
      vertex 0 150 3
      vertex 7.53833 144.651 3
    endloop
  endfacet
  facet normal 0 0 1
    outer loop
      vertex 7.92939 145.189 3
      vertex 0 150 3
      vertex 7.70557 144.94 3
    endloop
  endfacet
  facet normal -0 0 1
    outer loop
      vertex 0 150 3
      vertex 7.92939 145.189 3
      vertex 3 153 3
    endloop
  endfacet
  facet normal 0 0 1
    outer loop
      vertex 8.2 145.386 3
      vertex 3 153 3
      vertex 7.92939 145.189 3
    endloop
  endfacet
  facet normal 0 0 1
    outer loop
      vertex 8.50557 145.522 3
      vertex 3 153 3
      vertex 8.2 145.386 3
    endloop
  endfacet
  facet normal 0 0 1
    outer loop
      vertex 8.83275 145.591 3
      vertex 3 153 3
      vertex 8.50557 145.522 3
    endloop
  endfacet
  facet normal 0 0 1
    outer loop
      vertex 9.16724 145.591 3
      vertex 3 153 3
      vertex 8.83275 145.591 3
    endloop
  endfacet
  facet normal -0 0 1
    outer loop
      vertex 195.662 8.34922 3
      vertex 203.2 3 3
      vertex 195.765 8.66734 3
    endloop
  endfacet
  facet normal -0 0 1
    outer loop
      vertex 195.494 8.05954 3
      vertex 203.2 3 3
      vertex 195.662 8.34922 3
    endloop
  endfacet
  facet normal -0 0 1
    outer loop
      vertex 195.271 7.81097 3
      vertex 203.2 3 3
      vertex 195.494 8.05954 3
    endloop
  endfacet
  facet normal 0 0 1
    outer loop
      vertex 203.2 3 3
      vertex 200.2 0 3
      vertex 201.963 0.572952 3
    endloop
  endfacet
  facet normal 0 0 1
    outer loop
      vertex 203.2 3 3
      vertex 195.271 7.81097 3
      vertex 200.2 0 3
    endloop
  endfacet
  facet normal -0 0 1
    outer loop
      vertex 195 7.61436 3
      vertex 200.2 0 3
      vertex 195.271 7.81097 3
    endloop
  endfacet
  facet normal -0 0 1
    outer loop
      vertex 194.694 7.47831 3
      vertex 200.2 0 3
      vertex 195 7.61436 3
    endloop
  endfacet
  facet normal -0 0 1
    outer loop
      vertex 194.367 7.40876 3
      vertex 200.2 0 3
      vertex 194.694 7.47831 3
    endloop
  endfacet
  facet normal -0 0 1
    outer loop
      vertex 194.033 7.40876 3
      vertex 200.2 0 3
      vertex 194.367 7.40876 3
    endloop
  endfacet
  facet normal 0 0 1
    outer loop
      vertex 193.706 7.47831 3
      vertex 200.2 0 3
      vertex 194.033 7.40876 3
    endloop
  endfacet
  facet normal 0 0 1
    outer loop
      vertex 193.4 7.61436 3
      vertex 200.2 0 3
      vertex 193.706 7.47831 3
    endloop
  endfacet
  facet normal 0 0 1
    outer loop
      vertex 193.129 7.81097 3
      vertex 200.2 0 3
      vertex 193.4 7.61436 3
    endloop
  endfacet
  facet normal 0 0 1
    outer loop
      vertex 194.694 142.478 3
      vertex 177.5 124.5 3
      vertex 177.5 114.5 3
    endloop
  endfacet
  facet normal 0 0 1
    outer loop
      vertex 195 142.614 3
      vertex 177.5 114.5 3
      vertex 177.5 113.5 3
    endloop
  endfacet
  facet normal 0 0 1
    outer loop
      vertex 195 142.614 3
      vertex 177.5 113.5 3
      vertex 177.5 103.5 3
    endloop
  endfacet
  facet normal 0 0 1
    outer loop
      vertex 195.271 142.811 3
      vertex 177.5 103.5 3
      vertex 177.5 102.5 3
    endloop
  endfacet
  facet normal 0 0 1
    outer loop
      vertex 195.271 142.811 3
      vertex 177.5 102.5 3
      vertex 177.5 92.5 3
    endloop
  endfacet
  facet normal 0 0 1
    outer loop
      vertex 203.2 150 3
      vertex 177.5 92.5 3
      vertex 177.5 91.5 3
    endloop
  endfacet
  facet normal 0 0 1
    outer loop
      vertex 203.2 150 3
      vertex 177.5 91.5 3
      vertex 177.5 81.5 3
    endloop
  endfacet
  facet normal 0 0 1
    outer loop
      vertex 203.2 150 3
      vertex 177.5 81.5 3
      vertex 177.5 80.5 3
    endloop
  endfacet
  facet normal 0 0 1
    outer loop
      vertex 194.694 10.5217 3
      vertex 177.5 36.5 3
      vertex 194.367 10.5912 3
    endloop
  endfacet
  facet normal -0 0 1
    outer loop
      vertex 177.5 26.5 3
      vertex 194.367 10.5912 3
      vertex 177.5 36.5 3
    endloop
  endfacet
  facet normal 0 0 1
    outer loop
      vertex 194.367 10.5912 3
      vertex 177.5 26.5 3
      vertex 194.033 10.5912 3
    endloop
  endfacet
  facet normal -0 0 1
    outer loop
      vertex 177.5 25.5 3
      vertex 194.033 10.5912 3
      vertex 177.5 26.5 3
    endloop
  endfacet
  facet normal 0 0 1
    outer loop
      vertex 194.033 10.5912 3
      vertex 177.5 25.5 3
      vertex 193.706 10.5217 3
    endloop
  endfacet
  facet normal 0 0 1
    outer loop
      vertex 193.706 10.5217 3
      vertex 177.5 25.5 3
      vertex 193.4 10.3856 3
    endloop
  endfacet
  facet normal 0 0 1
    outer loop
      vertex 193.4 10.3856 3
      vertex 177.5 25.5 3
      vertex 193.129 10.189 3
    endloop
  endfacet
  facet normal 0 0 1
    outer loop
      vertex 193.129 10.189 3
      vertex 177.5 25.5 3
      vertex 192.906 9.94046 3
    endloop
  endfacet
  facet normal -0 0 1
    outer loop
      vertex 176 24 3
      vertex 192.906 9.94046 3
      vertex 177.5 25.5 3
    endloop
  endfacet
  facet normal 0 0 1
    outer loop
      vertex 192.906 9.94046 3
      vertex 176 24 3
      vertex 192.738 9.65078 3
    endloop
  endfacet
  facet normal 0 0 1
    outer loop
      vertex 192.738 9.65078 3
      vertex 176 24 3
      vertex 192.635 9.33266 3
    endloop
  endfacet
  facet normal 0 0 1
    outer loop
      vertex 192.635 9.33266 3
      vertex 176 24 3
      vertex 192.6 9 3
    endloop
  endfacet
  facet normal 0 0 1
    outer loop
      vertex 192.6 9 3
      vertex 176 24 3
      vertex 192.635 8.66734 3
    endloop
  endfacet
  facet normal 0 0 1
    outer loop
      vertex 192.635 8.66734 3
      vertex 176 24 3
      vertex 192.738 8.34922 3
    endloop
  endfacet
  facet normal -0 0 1
    outer loop
      vertex 164 24 3
      vertex 192.738 8.34922 3
      vertex 176 24 3
    endloop
  endfacet
  facet normal 0 0 1
    outer loop
      vertex 192.738 8.34922 3
      vertex 164 24 3
      vertex 192.906 8.05954 3
    endloop
  endfacet
  facet normal -0 0 1
    outer loop
      vertex 152 24 3
      vertex 192.906 8.05954 3
      vertex 164 24 3
    endloop
  endfacet
  facet normal -0 0 1
    outer loop
      vertex 121.892 8.72774 3
      vertex 192.906 8.05954 3
      vertex 152 24 3
    endloop
  endfacet
  facet normal 0 0 1
    outer loop
      vertex 162.5 114.5 3
      vertex 153.5 124.5 3
      vertex 153.5 114.5 3
    endloop
  endfacet
  facet normal 0 0 1
    outer loop
      vertex 162.5 113.5 3
      vertex 153.5 113.5 3
      vertex 162.5 103.5 3
    endloop
  endfacet
  facet normal 0 0 1
    outer loop
      vertex 153.5 102.5 3
      vertex 162.5 102.5 3
      vertex 153.5 103.5 3
    endloop
  endfacet
  facet normal 0 0 1
    outer loop
      vertex 162.5 92.5 3
      vertex 153.5 92.5 3
      vertex 162.5 91.5 3
    endloop
  endfacet
  facet normal 0 0 1
    outer loop
      vertex 153.5 81.5 3
      vertex 162.5 81.5 3
      vertex 153.5 91.5 3
    endloop
  endfacet
  facet normal 0 0 1
    outer loop
      vertex 153.5 80.5 3
      vertex 162.5 80.5 3
      vertex 153.5 81.5 3
    endloop
  endfacet
  facet normal 0 0 1
    outer loop
      vertex 162.5 70.5 3
      vertex 153.5 70.5 3
      vertex 162.5 69.5 3
    endloop
  endfacet
  facet normal 0 0 1
    outer loop
      vertex 153.5 59.5 3
      vertex 162.5 59.5 3
      vertex 153.5 69.5 3
    endloop
  endfacet
  facet normal 0 0 1
    outer loop
      vertex 153.5 48.5 3
      vertex 162.5 48.5 3
      vertex 153.5 58.5 3
    endloop
  endfacet
  facet normal 0 0 1
    outer loop
      vertex 162.5 48.5 3
      vertex 153.5 48.5 3
      vertex 162.5 47.5 3
    endloop
  endfacet
  facet normal 0 0 1
    outer loop
      vertex 153.5 47.5 3
      vertex 162.5 47.5 3
      vertex 153.5 48.5 3
    endloop
  endfacet
  facet normal 0 0 1
    outer loop
      vertex 162.5 47.5 3
      vertex 153.5 47.5 3
      vertex 162.5 37.5 3
    endloop
  endfacet
  facet normal 0 0 1
    outer loop
      vertex 153.5 37.5 3
      vertex 162.5 37.5 3
      vertex 153.5 47.5 3
    endloop
  endfacet
  facet normal 0 0 1
    outer loop
      vertex 162.5 37.5 3
      vertex 153.5 37.5 3
      vertex 162.5 36.5 3
    endloop
  endfacet
  facet normal 0 0 1
    outer loop
      vertex 153.5 36.5 3
      vertex 162.5 36.5 3
      vertex 153.5 37.5 3
    endloop
  endfacet
  facet normal 0 0 1
    outer loop
      vertex 162.5 36.5 3
      vertex 153.5 36.5 3
      vertex 162.5 26.5 3
    endloop
  endfacet
  facet normal 0 0 1
    outer loop
      vertex 153.5 26.5 3
      vertex 162.5 26.5 3
      vertex 153.5 36.5 3
    endloop
  endfacet
  facet normal 0 0 1
    outer loop
      vertex 162.5 26.5 3
      vertex 153.5 26.5 3
      vertex 162.5 25.5 3
    endloop
  endfacet
  facet normal 0 0 1
    outer loop
      vertex 153.5 25.5 3
      vertex 162.5 25.5 3
      vertex 153.5 26.5 3
    endloop
  endfacet
  facet normal 0 0 1
    outer loop
      vertex 162.5 25.5 3
      vertex 153.5 25.5 3
      vertex 164 24 3
    endloop
  endfacet
  facet normal 0 0 1
    outer loop
      vertex 152 24 3
      vertex 164 24 3
      vertex 153.5 25.5 3
    endloop
  endfacet
  facet normal 0 0 1
    outer loop
      vertex 192.906 8.05954 3
      vertex 121.892 8.72774 3
      vertex 193.129 7.81097 3
    endloop
  endfacet
  facet normal 0 0 1
    outer loop
      vertex 121.892 8.72774 3
      vertex 152 24 3
      vertex 140 24 3
    endloop
  endfacet
  facet normal 0 0 1
    outer loop
      vertex 138.5 114.5 3
      vertex 129.5 124.5 3
      vertex 129.5 114.5 3
    endloop
  endfacet
  facet normal 0 0 1
    outer loop
      vertex 138.5 113.5 3
      vertex 129.5 113.5 3
      vertex 138.5 103.5 3
    endloop
  endfacet
  facet normal 0 0 1
    outer loop
      vertex 129.5 102.5 3
      vertex 138.5 102.5 3
      vertex 129.5 103.5 3
    endloop
  endfacet
  facet normal 0 0 1
    outer loop
      vertex 138.5 92.5 3
      vertex 129.5 92.5 3
      vertex 138.5 91.5 3
    endloop
  endfacet
  facet normal 0 0 1
    outer loop
      vertex 129.5 81.5 3
      vertex 138.5 81.5 3
      vertex 129.5 91.5 3
    endloop
  endfacet
  facet normal 0 0 1
    outer loop
      vertex 129.5 80.5 3
      vertex 138.5 80.5 3
      vertex 129.5 81.5 3
    endloop
  endfacet
  facet normal 0 0 1
    outer loop
      vertex 138.5 70.5 3
      vertex 129.5 70.5 3
      vertex 138.5 69.5 3
    endloop
  endfacet
  facet normal 0 0 1
    outer loop
      vertex 129.5 59.5 3
      vertex 138.5 59.5 3
      vertex 129.5 69.5 3
    endloop
  endfacet
  facet normal 0 0 1
    outer loop
      vertex 129.5 48.5 3
      vertex 138.5 48.5 3
      vertex 129.5 58.5 3
    endloop
  endfacet
  facet normal 0 0 1
    outer loop
      vertex 138.5 48.5 3
      vertex 129.5 48.5 3
      vertex 138.5 47.5 3
    endloop
  endfacet
  facet normal 0 0 1
    outer loop
      vertex 129.5 47.5 3
      vertex 138.5 47.5 3
      vertex 129.5 48.5 3
    endloop
  endfacet
  facet normal 0 0 1
    outer loop
      vertex 138.5 47.5 3
      vertex 129.5 47.5 3
      vertex 138.5 37.5 3
    endloop
  endfacet
  facet normal 0 0 1
    outer loop
      vertex 129.5 37.5 3
      vertex 138.5 37.5 3
      vertex 129.5 47.5 3
    endloop
  endfacet
  facet normal 0 0 1
    outer loop
      vertex 138.5 37.5 3
      vertex 129.5 37.5 3
      vertex 138.5 36.5 3
    endloop
  endfacet
  facet normal 0 0 1
    outer loop
      vertex 129.5 36.5 3
      vertex 138.5 36.5 3
      vertex 129.5 37.5 3
    endloop
  endfacet
  facet normal 0 0 1
    outer loop
      vertex 138.5 36.5 3
      vertex 129.5 36.5 3
      vertex 138.5 26.5 3
    endloop
  endfacet
  facet normal 0 0 1
    outer loop
      vertex 129.5 26.5 3
      vertex 138.5 26.5 3
      vertex 129.5 36.5 3
    endloop
  endfacet
  facet normal 0 0 1
    outer loop
      vertex 138.5 26.5 3
      vertex 129.5 26.5 3
      vertex 138.5 25.5 3
    endloop
  endfacet
  facet normal 0 0 1
    outer loop
      vertex 129.5 25.5 3
      vertex 138.5 25.5 3
      vertex 129.5 26.5 3
    endloop
  endfacet
  facet normal 0 0 1
    outer loop
      vertex 138.5 25.5 3
      vertex 129.5 25.5 3
      vertex 140 24 3
    endloop
  endfacet
  facet normal 0 0 1
    outer loop
      vertex 128 24 3
      vertex 140 24 3
      vertex 129.5 25.5 3
    endloop
  endfacet
  facet normal 0 0 1
    outer loop
      vertex 140 24 3
      vertex 128 24 3
      vertex 122.6 11 3
    endloop
  endfacet
  facet normal 0 0 1
    outer loop
      vertex 122.6 11 3
      vertex 128 24 3
      vertex 122.6 17 3
    endloop
  endfacet
  facet normal 0 0 1
    outer loop
      vertex 121.892 8.72774 3
      vertex 140 24 3
      vertex 122.6 11 3
    endloop
  endfacet
  facet normal 0 0 1
    outer loop
      vertex 193.129 7.81097 3
      vertex 121.892 8.72774 3
      vertex 200.2 0 3
    endloop
  endfacet
  facet normal -0 0 1
    outer loop
      vertex 120.459 7.45818 3
      vertex 200.2 0 3
      vertex 121.892 8.72774 3
    endloop
  endfacet
  facet normal -0 0 1
    outer loop
      vertex 118.6 7 3
      vertex 200.2 0 3
      vertex 120.459 7.45818 3
    endloop
  endfacet
  facet normal -0 0 1
    outer loop
      vertex 84.6 7 3
      vertex 200.2 0 3
      vertex 118.6 7 3
    endloop
  endfacet
  facet normal 0 0 1
    outer loop
      vertex 80.6 17 3
      vertex 68 24 3
      vertex 80.6 11 3
    endloop
  endfacet
  facet normal 0 0 1
    outer loop
      vertex 68 24 3
      vertex 81.0582 9.14111 3
      vertex 80.6 11 3
    endloop
  endfacet
  facet normal 0 0 1
    outer loop
      vertex 56 24 3
      vertex 68 24 3
      vertex 66.5 25.5 3
    endloop
  endfacet
  facet normal 0 0 1
    outer loop
      vertex 68 24 3
      vertex 56 24 3
      vertex 81.0582 9.14111 3
    endloop
  endfacet
  facet normal 0 0 1
    outer loop
      vertex 66.5 114.5 3
      vertex 57.5 124.5 3
      vertex 57.5 114.5 3
    endloop
  endfacet
  facet normal 0 0 1
    outer loop
      vertex 66.5 113.5 3
      vertex 57.5 113.5 3
      vertex 66.5 103.5 3
    endloop
  endfacet
  facet normal 0 0 1
    outer loop
      vertex 57.5 102.5 3
      vertex 66.5 102.5 3
      vertex 57.5 103.5 3
    endloop
  endfacet
  facet normal 0 0 1
    outer loop
      vertex 66.5 92.5 3
      vertex 57.5 92.5 3
      vertex 66.5 91.5 3
    endloop
  endfacet
  facet normal 0 0 1
    outer loop
      vertex 57.5 81.5 3
      vertex 66.5 81.5 3
      vertex 57.5 91.5 3
    endloop
  endfacet
  facet normal 0 0 1
    outer loop
      vertex 57.5 80.5 3
      vertex 66.5 80.5 3
      vertex 57.5 81.5 3
    endloop
  endfacet
  facet normal 0 0 1
    outer loop
      vertex 66.5 70.5 3
      vertex 57.5 70.5 3
      vertex 66.5 69.5 3
    endloop
  endfacet
  facet normal 0 0 1
    outer loop
      vertex 57.5 59.5 3
      vertex 66.5 59.5 3
      vertex 57.5 69.5 3
    endloop
  endfacet
  facet normal 0 0 1
    outer loop
      vertex 57.5 48.5 3
      vertex 66.5 48.5 3
      vertex 57.5 58.5 3
    endloop
  endfacet
  facet normal 0 0 1
    outer loop
      vertex 66.5 48.5 3
      vertex 57.5 48.5 3
      vertex 66.5 47.5 3
    endloop
  endfacet
  facet normal 0 0 1
    outer loop
      vertex 57.5 47.5 3
      vertex 66.5 47.5 3
      vertex 57.5 48.5 3
    endloop
  endfacet
  facet normal 0 0 1
    outer loop
      vertex 66.5 47.5 3
      vertex 57.5 47.5 3
      vertex 66.5 37.5 3
    endloop
  endfacet
  facet normal 0 0 1
    outer loop
      vertex 57.5 37.5 3
      vertex 66.5 37.5 3
      vertex 57.5 47.5 3
    endloop
  endfacet
  facet normal 0 0 1
    outer loop
      vertex 66.5 37.5 3
      vertex 57.5 37.5 3
      vertex 66.5 36.5 3
    endloop
  endfacet
  facet normal 0 0 1
    outer loop
      vertex 57.5 36.5 3
      vertex 66.5 36.5 3
      vertex 57.5 37.5 3
    endloop
  endfacet
  facet normal 0 0 1
    outer loop
      vertex 66.5 36.5 3
      vertex 57.5 36.5 3
      vertex 66.5 26.5 3
    endloop
  endfacet
  facet normal 0 0 1
    outer loop
      vertex 57.5 26.5 3
      vertex 66.5 26.5 3
      vertex 57.5 36.5 3
    endloop
  endfacet
  facet normal 0 0 1
    outer loop
      vertex 66.5 26.5 3
      vertex 57.5 26.5 3
      vertex 66.5 25.5 3
    endloop
  endfacet
  facet normal 0 0 1
    outer loop
      vertex 57.5 25.5 3
      vertex 66.5 25.5 3
      vertex 57.5 26.5 3
    endloop
  endfacet
  facet normal 0 0 1
    outer loop
      vertex 56 24 3
      vertex 66.5 25.5 3
      vertex 57.5 25.5 3
    endloop
  endfacet
  facet normal -0 0 1
    outer loop
      vertex 44 24 3
      vertex 81.0582 9.14111 3
      vertex 56 24 3
    endloop
  endfacet
  facet normal 0 0 1
    outer loop
      vertex 81.0582 9.14111 3
      vertex 44 24 3
      vertex 82.3277 7.70807 3
    endloop
  endfacet
  facet normal 0 0 1
    outer loop
      vertex 42.5 114.5 3
      vertex 33.5 124.5 3
      vertex 33.5 114.5 3
    endloop
  endfacet
  facet normal 0 0 1
    outer loop
      vertex 42.5 113.5 3
      vertex 33.5 113.5 3
      vertex 42.5 103.5 3
    endloop
  endfacet
  facet normal 0 0 1
    outer loop
      vertex 33.5 102.5 3
      vertex 42.5 102.5 3
      vertex 33.5 103.5 3
    endloop
  endfacet
  facet normal 0 0 1
    outer loop
      vertex 42.5 92.5 3
      vertex 33.5 92.5 3
      vertex 42.5 91.5 3
    endloop
  endfacet
  facet normal 0 0 1
    outer loop
      vertex 33.5 81.5 3
      vertex 42.5 81.5 3
      vertex 33.5 91.5 3
    endloop
  endfacet
  facet normal 0 0 1
    outer loop
      vertex 33.5 80.5 3
      vertex 42.5 80.5 3
      vertex 33.5 81.5 3
    endloop
  endfacet
  facet normal 0 0 1
    outer loop
      vertex 42.5 70.5 3
      vertex 33.5 70.5 3
      vertex 42.5 69.5 3
    endloop
  endfacet
  facet normal 0 0 1
    outer loop
      vertex 33.5 59.5 3
      vertex 42.5 59.5 3
      vertex 33.5 69.5 3
    endloop
  endfacet
  facet normal 0 0 1
    outer loop
      vertex 33.5 48.5 3
      vertex 42.5 48.5 3
      vertex 33.5 58.5 3
    endloop
  endfacet
  facet normal 0 0 1
    outer loop
      vertex 42.5 48.5 3
      vertex 33.5 48.5 3
      vertex 42.5 47.5 3
    endloop
  endfacet
  facet normal 0 0 1
    outer loop
      vertex 33.5 47.5 3
      vertex 42.5 47.5 3
      vertex 33.5 48.5 3
    endloop
  endfacet
  facet normal 0 0 1
    outer loop
      vertex 42.5 47.5 3
      vertex 33.5 47.5 3
      vertex 42.5 37.5 3
    endloop
  endfacet
  facet normal 0 0 1
    outer loop
      vertex 33.5 37.5 3
      vertex 42.5 37.5 3
      vertex 33.5 47.5 3
    endloop
  endfacet
  facet normal 0 0 1
    outer loop
      vertex 42.5 37.5 3
      vertex 33.5 37.5 3
      vertex 42.5 36.5 3
    endloop
  endfacet
  facet normal 0 0 1
    outer loop
      vertex 33.5 36.5 3
      vertex 42.5 36.5 3
      vertex 33.5 37.5 3
    endloop
  endfacet
  facet normal 0 0 1
    outer loop
      vertex 42.5 36.5 3
      vertex 33.5 36.5 3
      vertex 42.5 26.5 3
    endloop
  endfacet
  facet normal 0 0 1
    outer loop
      vertex 33.5 26.5 3
      vertex 42.5 26.5 3
      vertex 33.5 36.5 3
    endloop
  endfacet
  facet normal 0 0 1
    outer loop
      vertex 42.5 26.5 3
      vertex 33.5 26.5 3
      vertex 42.5 25.5 3
    endloop
  endfacet
  facet normal 0 0 1
    outer loop
      vertex 33.5 25.5 3
      vertex 42.5 25.5 3
      vertex 33.5 26.5 3
    endloop
  endfacet
  facet normal 0 0 1
    outer loop
      vertex 42.5 25.5 3
      vertex 33.5 25.5 3
      vertex 44 24 3
    endloop
  endfacet
  facet normal 0 0 1
    outer loop
      vertex 32 24 3
      vertex 44 24 3
      vertex 33.5 25.5 3
    endloop
  endfacet
  facet normal 0 0 1
    outer loop
      vertex 10.4617 8.34922 3
      vertex 44 24 3
      vertex 32 24 3
    endloop
  endfacet
  facet normal 0 0 1
    outer loop
      vertex 10.6 9 3
      vertex 32 24 3
      vertex 20 24 3
    endloop
  endfacet
  facet normal 0 0 1
    outer loop
      vertex 10.4617 8.34922 3
      vertex 32 24 3
      vertex 10.565 8.66734 3
    endloop
  endfacet
  facet normal 0 0 1
    outer loop
      vertex 18.5 26.5 3
      vertex 10.6 9 3
      vertex 18.5 25.5 3
    endloop
  endfacet
  facet normal 0 0 1
    outer loop
      vertex 10.6 9 3
      vertex 20 24 3
      vertex 18.5 25.5 3
    endloop
  endfacet
  facet normal 0 0 1
    outer loop
      vertex 32 24 3
      vertex 10.6 9 3
      vertex 10.565 8.66734 3
    endloop
  endfacet
  facet normal 0 0 1
    outer loop
      vertex 44 24 3
      vertex 10.4617 8.34922 3
      vertex 10.2944 8.05954 3
    endloop
  endfacet
  facet normal 0 0 1
    outer loop
      vertex 44 24 3
      vertex 10.2944 8.05954 3
      vertex 82.3277 7.70807 3
    endloop
  endfacet
  facet normal -0 0 1
    outer loop
      vertex 10.0706 7.81097 3
      vertex 82.3277 7.70807 3
      vertex 10.2944 8.05954 3
    endloop
  endfacet
  facet normal 0 0 1
    outer loop
      vertex 3 0 3
      vertex 82.3277 7.70807 3
      vertex 10.0706 7.81097 3
    endloop
  endfacet
  facet normal 0 0 1
    outer loop
      vertex 82.3277 7.70807 3
      vertex 3 0 3
      vertex 84.6 7 3
    endloop
  endfacet
  facet normal 0 0 1
    outer loop
      vertex 3 0 3
      vertex 10.0706 7.81097 3
      vertex 9.8 7.61436 3
    endloop
  endfacet
  facet normal 0 0 1
    outer loop
      vertex 3 0 3
      vertex 9.8 7.61436 3
      vertex 9.49443 7.47831 3
    endloop
  endfacet
  facet normal 0 0 1
    outer loop
      vertex 3 0 3
      vertex 9.49443 7.47831 3
      vertex 9.16724 7.40876 3
    endloop
  endfacet
  facet normal 0 0 1
    outer loop
      vertex 3 0 3
      vertex 9.16724 7.40876 3
      vertex 8.83275 7.40876 3
    endloop
  endfacet
  facet normal 0 0 1
    outer loop
      vertex 84.6 7 3
      vertex 3 0 3
      vertex 200.2 0 3
    endloop
  endfacet
  facet normal 0 0 1
    outer loop
      vertex 8.50557 7.47831 3
      vertex 3 0 3
      vertex 8.83275 7.40876 3
    endloop
  endfacet
  facet normal 0 0 1
    outer loop
      vertex 8.2 7.61436 3
      vertex 3 0 3
      vertex 8.50557 7.47831 3
    endloop
  endfacet
  facet normal 0 0 1
    outer loop
      vertex 7.92939 7.81097 3
      vertex 3 0 3
      vertex 8.2 7.61436 3
    endloop
  endfacet
  facet normal 0 0 1
    outer loop
      vertex 0 3 3
      vertex 7.92939 7.81097 3
      vertex 7.70557 8.05954 3
    endloop
  endfacet
  facet normal 0 0 1
    outer loop
      vertex 0 3 3
      vertex 7.70557 8.05954 3
      vertex 7.53833 8.34922 3
    endloop
  endfacet
  facet normal 0 0 1
    outer loop
      vertex 0 3 3
      vertex 7.53833 8.34922 3
      vertex 7.43496 8.66734 3
    endloop
  endfacet
  facet normal 0 0 1
    outer loop
      vertex 0 3 3
      vertex 7.43496 8.66734 3
      vertex 7.4 9 3
    endloop
  endfacet
  facet normal 0 0 1
    outer loop
      vertex 7.53833 9.65078 3
      vertex 0 3 3
      vertex 7.43496 9.33266 3
    endloop
  endfacet
  facet normal 0 0 1
    outer loop
      vertex 0 150 3
      vertex 3 153 3
      vertex 1.23665 152.427 3
    endloop
  endfacet
  facet normal 0 0 1
    outer loop
      vertex 7.43496 9.33266 3
      vertex 0 3 3
      vertex 7.4 9 3
    endloop
  endfacet
  facet normal 0 0 1
    outer loop
      vertex 7.92939 7.81097 3
      vertex 0 3 3
      vertex 3 0 3
    endloop
  endfacet
  facet normal 0 0 1
    outer loop
      vertex 3 0 3
      vertex 0 3 3
      vertex 0.572952 1.23665 3
    endloop
  endfacet
  facet normal 0 0 1
    outer loop
      vertex 90.5 114.5 3
      vertex 81.5 124.5 3
      vertex 81.5 114.5 3
    endloop
  endfacet
  facet normal 0 0 1
    outer loop
      vertex 90.5 113.5 3
      vertex 81.5 113.5 3
      vertex 90.5 103.5 3
    endloop
  endfacet
  facet normal 0 0 1
    outer loop
      vertex 81.5 102.5 3
      vertex 90.5 102.5 3
      vertex 81.5 103.5 3
    endloop
  endfacet
  facet normal 0 0 1
    outer loop
      vertex 90.5 92.5 3
      vertex 81.5 92.5 3
      vertex 90.5 91.5 3
    endloop
  endfacet
  facet normal 0 0 1
    outer loop
      vertex 81.5 81.5 3
      vertex 90.5 81.5 3
      vertex 81.5 91.5 3
    endloop
  endfacet
  facet normal 0 0 1
    outer loop
      vertex 81.5 80.5 3
      vertex 90.5 80.5 3
      vertex 81.5 81.5 3
    endloop
  endfacet
  facet normal 0 0 1
    outer loop
      vertex 90.5 70.5 3
      vertex 81.5 70.5 3
      vertex 90.5 69.5 3
    endloop
  endfacet
  facet normal 0 0 1
    outer loop
      vertex 81.5 59.5 3
      vertex 90.5 59.5 3
      vertex 81.5 69.5 3
    endloop
  endfacet
  facet normal 0 0 1
    outer loop
      vertex 90.5 58.5 3
      vertex 81.5 58.5 3
      vertex 90.5 48.5 3
    endloop
  endfacet
  facet normal 0 0 1
    outer loop
      vertex 81.5 47.5 3
      vertex 90.5 47.5 3
      vertex 81.5 48.5 3
    endloop
  endfacet
  facet normal 0 0 1
    outer loop
      vertex 90.5 47.5 3
      vertex 81.5 47.5 3
      vertex 90.5 37.5 3
    endloop
  endfacet
  facet normal 0 0 1
    outer loop
      vertex 81.5 37.5 3
      vertex 90.5 37.5 3
      vertex 81.5 47.5 3
    endloop
  endfacet
  facet normal 0 0 1
    outer loop
      vertex 81.5 36.5 3
      vertex 90.5 36.5 3
      vertex 81.5 37.5 3
    endloop
  endfacet
  facet normal 0 0 1
    outer loop
      vertex 90.5 36.5 3
      vertex 81.5 36.5 3
      vertex 90.5 26.5 3
    endloop
  endfacet
  facet normal 0 0 1
    outer loop
      vertex 81.5 26.5 3
      vertex 90.5 26.5 3
      vertex 81.5 36.5 3
    endloop
  endfacet
  facet normal 0 0 1
    outer loop
      vertex 90.5 26.5 3
      vertex 81.5 26.5 3
      vertex 90.5 25.5 3
    endloop
  endfacet
  facet normal 0 0 1
    outer loop
      vertex 81.5 25.5 3
      vertex 90.5 25.5 3
      vertex 81.5 26.5 3
    endloop
  endfacet
  facet normal 0 0 1
    outer loop
      vertex 90.5 25.5 3
      vertex 81.5 25.5 3
      vertex 84.6 21 3
    endloop
  endfacet
  facet normal 0 0 1
    outer loop
      vertex 84.6 21 3
      vertex 81.5 25.5 3
      vertex 82.7411 20.5418 3
    endloop
  endfacet
  facet normal -0 0 1
    outer loop
      vertex 80 24 3
      vertex 82.7411 20.5418 3
      vertex 81.5 25.5 3
    endloop
  endfacet
  facet normal 0 0 1
    outer loop
      vertex 82.7411 20.5418 3
      vertex 80 24 3
      vertex 81.3081 19.2723 3
    endloop
  endfacet
  facet normal -0 0 1
    outer loop
      vertex 68 24 3
      vertex 80.6 17 3
      vertex 80 24 3
    endloop
  endfacet
  facet normal 0 0 1
    outer loop
      vertex 81.3081 19.2723 3
      vertex 80 24 3
      vertex 80.6 17 3
    endloop
  endfacet
  facet normal 0 1 -0
    outer loop
      vertex 200.2 153 0
      vertex 3 153 3
      vertex 200.2 153 3
    endloop
  endfacet
  facet normal 0 1 0
    outer loop
      vertex 3 153 3
      vertex 200.2 153 0
      vertex 3 153 0
    endloop
  endfacet
  facet normal -0.951056 -0.309019 0
    outer loop
      vertex 0.572952 1.23665 0
      vertex 0 3 3
      vertex 0 3 0
    endloop
  endfacet
  facet normal -0.951056 -0.309019 0
    outer loop
      vertex 0 3 3
      vertex 0.572952 1.23665 0
      vertex 0.572952 1.23665 3
    endloop
  endfacet
  facet normal -1 0 0
    outer loop
      vertex 0 3 0
      vertex 0 150 3
      vertex 0 150 0
    endloop
  endfacet
  facet normal -1 -0 0
    outer loop
      vertex 0 150 3
      vertex 0 3 0
      vertex 0 3 3
    endloop
  endfacet
  facet normal -0.453993 -0.891005 0
    outer loop
      vertex 0.572952 1.23665 0
      vertex 3 0 3
      vertex 0.572952 1.23665 3
    endloop
  endfacet
  facet normal -0.453993 -0.891005 -0
    outer loop
      vertex 3 0 3
      vertex 0.572952 1.23665 0
      vertex 3 0 0
    endloop
  endfacet
  facet normal 0.95103 0.309098 0
    outer loop
      vertex 203.2 150 3
      vertex 202.627 151.763 0
      vertex 202.627 151.763 3
    endloop
  endfacet
  facet normal 0.95103 0.309098 0
    outer loop
      vertex 202.627 151.763 0
      vertex 203.2 150 3
      vertex 203.2 150 0
    endloop
  endfacet
  facet normal 1 -0 0
    outer loop
      vertex 203.2 3 3
      vertex 203.2 150 0
      vertex 203.2 150 3
    endloop
  endfacet
  facet normal 1 0 0
    outer loop
      vertex 203.2 150 0
      vertex 203.2 3 3
      vertex 203.2 3 0
    endloop
  endfacet
  facet normal -0.954729 0.297478 0
    outer loop
      vertex 121.892 8.72774 0
      vertex 122.6 11 3
      vertex 122.6 11 0
    endloop
  endfacet
  facet normal -0.954729 0.297478 0
    outer loop
      vertex 122.6 11 3
      vertex 121.892 8.72774 0
      vertex 121.892 8.72774 3
    endloop
  endfacet
  facet normal 0.663115 -0.748518 0
    outer loop
      vertex 81.3081 19.2723 0
      vertex 82.7411 20.5418 3
      vertex 81.3081 19.2723 3
    endloop
  endfacet
  facet normal 0.663115 -0.748518 0
    outer loop
      vertex 82.7411 20.5418 3
      vertex 81.3081 19.2723 0
      vertex 82.7411 20.5418 0
    endloop
  endfacet
  facet normal -0.663132 0.748502 0
    outer loop
      vertex 121.892 8.72774 0
      vertex 120.459 7.45818 3
      vertex 121.892 8.72774 3
    endloop
  endfacet
  facet normal -0.663132 0.748502 0
    outer loop
      vertex 120.459 7.45818 3
      vertex 121.892 8.72774 0
      vertex 120.459 7.45818 0
    endloop
  endfacet
  facet normal -0.297548 -0.954707 0
    outer loop
      vertex 118.6 21 0
      vertex 120.872 20.2919 3
      vertex 118.6 21 3
    endloop
  endfacet
  facet normal -0.297548 -0.954707 -0
    outer loop
      vertex 120.872 20.2919 3
      vertex 118.6 21 0
      vertex 120.872 20.2919 0
    endloop
  endfacet
  facet normal 0.2975 0.954722 -0
    outer loop
      vertex 84.6 7 0
      vertex 82.3277 7.70807 3
      vertex 84.6 7 3
    endloop
  endfacet
  facet normal 0.2975 0.954722 0
    outer loop
      vertex 82.3277 7.70807 3
      vertex 84.6 7 0
      vertex 82.3277 7.70807 0
    endloop
  endfacet
  facet normal 0 1 -0
    outer loop
      vertex 118.6 7 0
      vertex 84.6 7 3
      vertex 118.6 7 3
    endloop
  endfacet
  facet normal 0 1 0
    outer loop
      vertex 84.6 7 3
      vertex 118.6 7 0
      vertex 84.6 7 0
    endloop
  endfacet
  facet normal 0 -1 0
    outer loop
      vertex 84.6 21 0
      vertex 118.6 21 3
      vertex 84.6 21 3
    endloop
  endfacet
  facet normal 0 -1 -0
    outer loop
      vertex 118.6 21 3
      vertex 84.6 21 0
      vertex 118.6 21 0
    endloop
  endfacet
  facet normal -0.970963 -0.239228 0
    outer loop
      vertex 122.6 17 0
      vertex 122.142 18.8589 3
      vertex 122.142 18.8589 0
    endloop
  endfacet
  facet normal -0.970963 -0.239228 0
    outer loop
      vertex 122.142 18.8589 3
      vertex 122.6 17 0
      vertex 122.6 17 3
    endloop
  endfacet
  facet normal 0.954718 -0.297512 0
    outer loop
      vertex 80.6 17 3
      vertex 81.3081 19.2723 0
      vertex 81.3081 19.2723 3
    endloop
  endfacet
  facet normal 0.954718 -0.297512 0
    outer loop
      vertex 81.3081 19.2723 0
      vertex 80.6 17 3
      vertex 80.6 17 0
    endloop
  endfacet
  facet normal 0.748527 0.663104 0
    outer loop
      vertex 82.3277 7.70807 3
      vertex 81.0582 9.14111 0
      vertex 81.0582 9.14111 3
    endloop
  endfacet
  facet normal 0.748527 0.663104 0
    outer loop
      vertex 81.0582 9.14111 0
      vertex 82.3277 7.70807 3
      vertex 82.3277 7.70807 0
    endloop
  endfacet
  facet normal -0.239305 0.970945 0
    outer loop
      vertex 120.459 7.45818 0
      vertex 118.6 7 3
      vertex 120.459 7.45818 3
    endloop
  endfacet
  facet normal -0.239305 0.970945 0
    outer loop
      vertex 118.6 7 3
      vertex 120.459 7.45818 0
      vertex 118.6 7 0
    endloop
  endfacet
  facet normal 0.239327 -0.970939 0
    outer loop
      vertex 82.7411 20.5418 0
      vertex 84.6 21 3
      vertex 82.7411 20.5418 3
    endloop
  endfacet
  facet normal 0.239327 -0.970939 0
    outer loop
      vertex 84.6 21 3
      vertex 82.7411 20.5418 0
      vertex 84.6 21 0
    endloop
  endfacet
  facet normal -0.748388 -0.663261 0
    outer loop
      vertex 122.142 18.8589 0
      vertex 120.872 20.2919 3
      vertex 120.872 20.2919 0
    endloop
  endfacet
  facet normal -0.748388 -0.663261 0
    outer loop
      vertex 120.872 20.2919 3
      vertex 122.142 18.8589 0
      vertex 122.142 18.8589 3
    endloop
  endfacet
  facet normal -1 0 0
    outer loop
      vertex 122.6 11 0
      vertex 122.6 17 3
      vertex 122.6 17 0
    endloop
  endfacet
  facet normal -1 -0 0
    outer loop
      vertex 122.6 17 3
      vertex 122.6 11 0
      vertex 122.6 11 3
    endloop
  endfacet
  facet normal 1 -0 0
    outer loop
      vertex 80.6 11 3
      vertex 80.6 17 0
      vertex 80.6 17 3
    endloop
  endfacet
  facet normal 1 0 0
    outer loop
      vertex 80.6 17 0
      vertex 80.6 11 3
      vertex 80.6 11 0
    endloop
  endfacet
  facet normal 0.970939 0.239328 0
    outer loop
      vertex 81.0582 9.14111 3
      vertex 80.6 11 0
      vertex 80.6 11 3
    endloop
  endfacet
  facet normal 0.970939 0.239328 0
    outer loop
      vertex 80.6 11 0
      vertex 81.0582 9.14111 3
      vertex 81.0582 9.14111 0
    endloop
  endfacet
endsolid OpenSCAD_Model
