solid OpenSCAD_Model
  facet normal 0 1 0
    outer loop
      vertex 127 210 156
      vertex 85 210 50
      vertex 104 210 156
    endloop
  endfacet
  facet normal 0 1 -0
    outer loop
      vertex 127 210 0
      vertex 85 210 50
      vertex 127 210 156
    endloop
  endfacet
  facet normal 0 1 0
    outer loop
      vertex 0 210 0
      vertex 85 210 50
      vertex 127 210 0
    endloop
  endfacet
  facet normal 0 1 0
    outer loop
      vertex 85 210 50
      vertex 0 210 0
      vertex 0 210 22
    endloop
  endfacet
  facet normal 0 -1 0
    outer loop
      vertex 85 0 50
      vertex 127 0 156
      vertex 104 0 156
    endloop
  endfacet
  facet normal 0 -1 0
    outer loop
      vertex 0 0 0
      vertex 85 0 50
      vertex 0 0 22
    endloop
  endfacet
  facet normal 0 -1 0
    outer loop
      vertex 85 0 50
      vertex 127 0 0
      vertex 127 0 156
    endloop
  endfacet
  facet normal 0 -1 0
    outer loop
      vertex 127 0 0
      vertex 85 0 50
      vertex 0 0 0
    endloop
  endfacet
  facet normal -0 0 1
    outer loop
      vertex 104 210 156
      vertex 127 0 156
      vertex 127 210 156
    endloop
  endfacet
  facet normal 0 0 1
    outer loop
      vertex 127 0 156
      vertex 104 210 156
      vertex 104 0 156
    endloop
  endfacet
  facet normal -0.984313 3.34727e-06 0.176433
    outer loop
      vertex 85 210 50
      vertex 85.9606 201.4 55.3593
      vertex 104 210 156
    endloop
  endfacet
  facet normal -0.984314 0 0.176428
    outer loop
      vertex 85 210 50
      vertex 85.9606 8.6 55.3593
      vertex 85.9606 201.4 55.3593
    endloop
  endfacet
  facet normal -0.984313 -8.0254e-07 0.176429
    outer loop
      vertex 85.9606 8.6 55.3593
      vertex 85 0 50
      vertex 103.039 8.6 150.641
    endloop
  endfacet
  facet normal -0.984314 0 0.176428
    outer loop
      vertex 85 0 50
      vertex 85.9606 8.6 55.3593
      vertex 85 210 50
    endloop
  endfacet
  facet normal -0.984313 5.1134e-05 0.176429
    outer loop
      vertex 103.039 201.4 150.641
      vertex 104 210 156
      vertex 85.9606 201.4 55.3593
    endloop
  endfacet
  facet normal -0.984299 0 0.176509
    outer loop
      vertex 103.039 8.6 150.641
      vertex 104 210 156
      vertex 103.039 201.4 150.641
    endloop
  endfacet
  facet normal -0.984299 0 0.176509
    outer loop
      vertex 103.039 8.6 150.641
      vertex 104 0 156
      vertex 104 210 156
    endloop
  endfacet
  facet normal -0.984313 -4.85894e-05 0.176433
    outer loop
      vertex 104 0 156
      vertex 103.039 8.6 150.641
      vertex 85 0 50
    endloop
  endfacet
  facet normal -0.312872 -0.000110694 0.949795
    outer loop
      vertex 71.3006 12.1277 45.4873
      vertex 13.772 11.4 26.5367
      vertex 71.228 11.4 45.4633
    endloop
  endfacet
  facet normal -0.312875 0.000361558 0.949794
    outer loop
      vertex 13.6994 12.1277 26.5127
      vertex 71.3006 12.1277 45.4873
      vertex 71.3847 12.4 45.5149
    endloop
  endfacet
  facet normal -0.312875 0.000110415 0.949794
    outer loop
      vertex 71.3006 12.1277 45.4873
      vertex 13.6994 12.1277 26.5127
      vertex 13.772 11.4 26.5367
    endloop
  endfacet
  facet normal -0.312872 -0.000360506 0.949795
    outer loop
      vertex 13.6994 12.1277 26.5127
      vertex 71.3847 12.4 45.5149
      vertex 13.6153 12.4 26.4851
    endloop
  endfacet
  facet normal -0.312869 0 0.949796
    outer loop
      vertex 85 210 50
      vertex 77.5891 197.176 47.5588
      vertex 85 0 50
    endloop
  endfacet
  facet normal -0.312913 -2.43129e-05 0.949782
    outer loop
      vertex 85 0 50
      vertex 77.8039 12.1277 47.6295
      vertex 77.8765 11.4 47.6534
    endloop
  endfacet
  facet normal -0.312869 0 0.949796
    outer loop
      vertex 77.5891 12.8236 47.5588
      vertex 85 0 50
      vertex 77.5891 197.176 47.5588
    endloop
  endfacet
  facet normal -0.313128 -0.000165666 0.949711
    outer loop
      vertex 85 0 50
      vertex 77.5891 12.8236 47.5588
      vertex 77.8039 12.1277 47.6295
    endloop
  endfacet
  facet normal -0.313027 0 0.949744
    outer loop
      vertex 77.2417 196.543 47.4443
      vertex 77.5891 12.8236 47.5588
      vertex 77.5891 197.176 47.5588
    endloop
  endfacet
  facet normal -0.313027 0 0.949744
    outer loop
      vertex 77.2417 196.543 47.4443
      vertex 77.2417 13.4572 47.4443
      vertex 77.5891 12.8236 47.5588
    endloop
  endfacet
  facet normal -0.312856 0 0.9498
    outer loop
      vertex 76.7766 195.999 47.2911
      vertex 77.2417 13.4572 47.4443
      vertex 77.2417 196.543 47.4443
    endloop
  endfacet
  facet normal -0.312856 0 0.9498
    outer loop
      vertex 76.7766 195.999 47.2911
      vertex 76.7766 14.001 47.2911
      vertex 77.2417 13.4572 47.4443
    endloop
  endfacet
  facet normal -0.312881 0 0.949792
    outer loop
      vertex 76.2144 195.569 47.1059
      vertex 76.7766 14.001 47.2911
      vertex 76.7766 195.999 47.2911
    endloop
  endfacet
  facet normal -0.312881 0 0.949792
    outer loop
      vertex 76.2144 195.569 47.1059
      vertex 76.2144 14.4311 47.1059
      vertex 76.7766 14.001 47.2911
    endloop
  endfacet
  facet normal -0.312815 0 0.949814
    outer loop
      vertex 75.5795 195.271 46.8968
      vertex 76.2144 14.4311 47.1059
      vertex 76.2144 195.569 47.1059
    endloop
  endfacet
  facet normal -0.312815 0 0.949814
    outer loop
      vertex 75.5795 195.271 46.8968
      vertex 75.5795 14.7287 46.8968
      vertex 76.2144 14.4311 47.1059
    endloop
  endfacet
  facet normal -0.312831 0 0.949809
    outer loop
      vertex 74.8997 195.119 46.6729
      vertex 75.5795 14.7287 46.8968
      vertex 75.5795 195.271 46.8968
    endloop
  endfacet
  facet normal -0.312831 0 0.949809
    outer loop
      vertex 74.8997 195.119 46.6729
      vertex 74.8997 14.8808 46.6729
      vertex 75.5795 14.7287 46.8968
    endloop
  endfacet
  facet normal -0.312987 0 0.949758
    outer loop
      vertex 74.2048 195.119 46.4439
      vertex 74.8997 14.8808 46.6729
      vertex 74.8997 195.119 46.6729
    endloop
  endfacet
  facet normal -0.312987 0 0.949758
    outer loop
      vertex 74.2048 195.119 46.4439
      vertex 74.2048 14.8808 46.4439
      vertex 74.8997 14.8808 46.6729
    endloop
  endfacet
  facet normal -0.312867 0 0.949797
    outer loop
      vertex 73.6025 195.254 46.2455
      vertex 74.2048 14.8808 46.4439
      vertex 74.2048 195.119 46.4439
    endloop
  endfacet
  facet normal -0.312867 0 0.949797
    outer loop
      vertex 74.2048 14.8808 46.4439
      vertex 73.6025 195.254 46.2455
      vertex 73.6025 14.746 46.2455
    endloop
  endfacet
  facet normal -0.312913 2.4301e-05 0.949782
    outer loop
      vertex 77.8039 197.872 47.6295
      vertex 85 210 50
      vertex 77.8765 198.6 47.6534
    endloop
  endfacet
  facet normal -0.312852 -1.76123e-05 0.949802
    outer loop
      vertex 85 210 50
      vertex 77.8039 199.328 47.6295
      vertex 77.8765 198.6 47.6534
    endloop
  endfacet
  facet normal -0.312803 -5.45277e-05 0.949818
    outer loop
      vertex 85 210 50
      vertex 77.5891 200.024 47.5588
      vertex 77.8039 199.328 47.6295
    endloop
  endfacet
  facet normal -0.312936 5.53288e-05 0.949774
    outer loop
      vertex 85 210 50
      vertex 77.2417 200.657 47.4443
      vertex 77.5891 200.024 47.5588
    endloop
  endfacet
  facet normal -0.312866 -9.37052e-06 0.949797
    outer loop
      vertex 85 210 50
      vertex 76.7766 201.201 47.2911
      vertex 77.2417 200.657 47.4443
    endloop
  endfacet
  facet normal -0.312878 3.37018e-06 0.949793
    outer loop
      vertex 85 210 50
      vertex 76.2144 201.631 47.1059
      vertex 76.7766 201.201 47.2911
    endloop
  endfacet
  facet normal -0.312835 -4.73168e-05 0.949808
    outer loop
      vertex 85 210 50
      vertex 75.5795 201.929 46.8968
      vertex 76.2144 201.631 47.1059
    endloop
  endfacet
  facet normal -0.312839 -4.19277e-05 0.949806
    outer loop
      vertex 85 210 50
      vertex 74.8997 202.081 46.6729
      vertex 75.5795 201.929 46.8968
    endloop
  endfacet
  facet normal -0.312987 0.000166881 0.949757
    outer loop
      vertex 85 210 50
      vertex 74.2048 202.081 46.4439
      vertex 74.8997 202.081 46.6729
    endloop
  endfacet
  facet normal -0.312811 -9.93604e-05 0.949816
    outer loop
      vertex 85 210 50
      vertex 73.525 201.929 46.22
      vertex 74.2048 202.081 46.4439
    endloop
  endfacet
  facet normal -0.312697 -0.000278315 0.949853
    outer loop
      vertex 85 210 50
      vertex 72.8901 201.631 46.0109
      vertex 73.525 201.929 46.22
    endloop
  endfacet
  facet normal -0.312872 -0.000110648 0.949795
    outer loop
      vertex 71.3006 199.328 45.4873
      vertex 13.772 198.6 26.5367
      vertex 71.228 198.6 45.4633
    endloop
  endfacet
  facet normal -0.312875 7.91109e-05 0.949794
    outer loop
      vertex 13.6994 199.328 26.5127
      vertex 71.3006 199.328 45.4873
      vertex 71.5154 200.024 45.558
    endloop
  endfacet
  facet normal -0.312873 -4.4385e-05 0.949795
    outer loop
      vertex 13.4846 200.024 26.442
      vertex 71.5154 200.024 45.558
      vertex 71.8629 200.657 45.6725
    endloop
  endfacet
  facet normal -0.312874 -4.06582e-05 0.949795
    outer loop
      vertex 13.1371 200.657 26.3275
      vertex 71.8629 200.657 45.6725
      vertex 72.3279 201.201 45.8257
    endloop
  endfacet
  facet normal -0.312875 -8.77816e-06 0.949794
    outer loop
      vertex 12.6721 201.201 26.1743
      vertex 72.3279 201.201 45.8257
      vertex 72.8901 201.631 46.0109
    endloop
  endfacet
  facet normal -0.312875 6.90869e-06 0.949794
    outer loop
      vertex 12.1099 201.631 25.9891
      vertex 72.8901 201.631 46.0109
      vertex 85 210 50
    endloop
  endfacet
  facet normal -0.312875 0.000110369 0.949794
    outer loop
      vertex 71.3006 199.328 45.4873
      vertex 13.6994 199.328 26.5127
      vertex 13.772 198.6 26.5367
    endloop
  endfacet
  facet normal -0.312873 -7.85253e-05 0.949795
    outer loop
      vertex 71.5154 200.024 45.558
      vertex 13.4846 200.024 26.442
      vertex 13.6994 199.328 26.5127
    endloop
  endfacet
  facet normal -0.312874 4.38598e-05 0.949795
    outer loop
      vertex 71.8629 200.657 45.6725
      vertex 13.1371 200.657 26.3275
      vertex 13.4846 200.024 26.442
    endloop
  endfacet
  facet normal -0.312875 4.00244e-05 0.949794
    outer loop
      vertex 72.3279 201.201 45.8257
      vertex 12.6721 201.201 26.1743
      vertex 13.1371 200.657 26.3275
    endloop
  endfacet
  facet normal -0.312875 8.61577e-06 0.949794
    outer loop
      vertex 72.8901 201.631 46.0109
      vertex 12.1099 201.631 25.9891
      vertex 12.6721 201.201 26.1743
    endloop
  endfacet
  facet normal -0.312874 -4.94014e-06 0.949795
    outer loop
      vertex 0 210 22
      vertex 12.1099 201.631 25.9891
      vertex 85 210 50
    endloop
  endfacet
  facet normal -0.312697 0.000278315 0.949853
    outer loop
      vertex 12.1099 201.631 25.9891
      vertex 0 210 22
      vertex 11.475 201.929 25.78
    endloop
  endfacet
  facet normal -0.312811 9.93604e-05 0.949816
    outer loop
      vertex 11.475 201.929 25.78
      vertex 0 210 22
      vertex 10.7952 202.081 25.5561
    endloop
  endfacet
  facet normal -0.313056 0.000118511 0.949735
    outer loop
      vertex 7.41086 12.8236 24.4412
      vertex 0 0 22
      vertex 7.19611 12.1277 24.3705
    endloop
  endfacet
  facet normal -0.312827 3.62919e-05 0.94981
    outer loop
      vertex 7.19611 199.328 24.3705
      vertex 0 210 22
      vertex 7.12346 198.6 24.3466
    endloop
  endfacet
  facet normal -0.312823 3.90184e-05 0.949811
    outer loop
      vertex 7.41086 200.024 24.4412
      vertex 0 210 22
      vertex 7.19611 199.328 24.3705
    endloop
  endfacet
  facet normal -0.31291 -3.20525e-05 0.949783
    outer loop
      vertex 7.75834 200.657 24.5557
      vertex 0 210 22
      vertex 7.41086 200.024 24.4412
    endloop
  endfacet
  facet normal -0.31289 -1.39802e-05 0.949789
    outer loop
      vertex 8.22336 201.201 24.7089
      vertex 0 210 22
      vertex 7.75834 200.657 24.5557
    endloop
  endfacet
  facet normal -0.312867 9.59113e-06 0.949797
    outer loop
      vertex 8.7856 201.631 24.8941
      vertex 0 210 22
      vertex 8.22336 201.201 24.7089
    endloop
  endfacet
  facet normal -0.312841 4.03862e-05 0.949806
    outer loop
      vertex 9.42048 201.929 25.1032
      vertex 0 210 22
      vertex 8.7856 201.631 24.8941
    endloop
  endfacet
  facet normal -0.312833 5.10618e-05 0.949808
    outer loop
      vertex 10.1003 202.081 25.3271
      vertex 0 210 22
      vertex 9.42048 201.929 25.1032
    endloop
  endfacet
  facet normal -0.312987 -0.000166881 0.949757
    outer loop
      vertex 10.7952 202.081 25.5561
      vertex 0 210 22
      vertex 10.1003 202.081 25.3271
    endloop
  endfacet
  facet normal -0.313128 0.000165621 0.949711
    outer loop
      vertex 77.5891 197.176 47.5588
      vertex 85 210 50
      vertex 77.8039 197.872 47.6295
    endloop
  endfacet
  facet normal -0.312852 1.76186e-05 0.949802
    outer loop
      vertex 77.8039 10.6723 47.6295
      vertex 85 0 50
      vertex 77.8765 11.4 47.6534
    endloop
  endfacet
  facet normal -0.312803 5.45336e-05 0.949818
    outer loop
      vertex 77.5891 9.97642 47.5588
      vertex 85 0 50
      vertex 77.8039 10.6723 47.6295
    endloop
  endfacet
  facet normal -0.312936 -5.52942e-05 0.949774
    outer loop
      vertex 77.2417 9.34275 47.4443
      vertex 85 0 50
      vertex 77.5891 9.97642 47.5588
    endloop
  endfacet
  facet normal -0.312866 9.37269e-06 0.949797
    outer loop
      vertex 76.7766 8.79899 47.2911
      vertex 85 0 50
      vertex 77.2417 9.34275 47.4443
    endloop
  endfacet
  facet normal -0.312878 -3.36992e-06 0.949793
    outer loop
      vertex 76.2144 8.36891 47.1059
      vertex 85 0 50
      vertex 76.7766 8.79899 47.2911
    endloop
  endfacet
  facet normal -0.312835 4.73376e-05 0.949808
    outer loop
      vertex 75.5795 8.0713 46.8968
      vertex 85 0 50
      vertex 76.2144 8.36891 47.1059
    endloop
  endfacet
  facet normal -0.312839 4.19191e-05 0.949806
    outer loop
      vertex 74.8997 7.91917 46.6729
      vertex 85 0 50
      vertex 75.5795 8.0713 46.8968
    endloop
  endfacet
  facet normal -0.312987 -0.000166877 0.949757
    outer loop
      vertex 74.2048 7.91917 46.4439
      vertex 85 0 50
      vertex 74.8997 7.91917 46.6729
    endloop
  endfacet
  facet normal -0.312811 9.93946e-05 0.949816
    outer loop
      vertex 73.525 8.0713 46.22
      vertex 85 0 50
      vertex 74.2048 7.91917 46.4439
    endloop
  endfacet
  facet normal -0.312697 0.000277555 0.949853
    outer loop
      vertex 72.8901 8.36891 46.0109
      vertex 85 0 50
      vertex 73.525 8.0713 46.22
    endloop
  endfacet
  facet normal -0.312872 0.000110694 0.949795
    outer loop
      vertex 13.772 11.4 26.5367
      vertex 71.3006 10.6723 45.4873
      vertex 71.228 11.4 45.4633
    endloop
  endfacet
  facet normal -0.312875 -0.000110415 0.949794
    outer loop
      vertex 13.6994 10.6723 26.5127
      vertex 71.3006 10.6723 45.4873
      vertex 13.772 11.4 26.5367
    endloop
  endfacet
  facet normal -0.312875 -7.91246e-05 0.949794
    outer loop
      vertex 71.3006 10.6723 45.4873
      vertex 13.6994 10.6723 26.5127
      vertex 71.5154 9.97642 45.558
    endloop
  endfacet
  facet normal -0.312873 7.85389e-05 0.949795
    outer loop
      vertex 13.4846 9.97642 26.442
      vertex 71.5154 9.97642 45.558
      vertex 13.6994 10.6723 26.5127
    endloop
  endfacet
  facet normal -0.312873 4.43381e-05 0.949795
    outer loop
      vertex 71.5154 9.97642 45.558
      vertex 13.4846 9.97642 26.442
      vertex 71.8629 9.34275 45.6725
    endloop
  endfacet
  facet normal -0.312874 -4.38134e-05 0.949795
    outer loop
      vertex 13.1371 9.34275 26.3275
      vertex 71.8629 9.34275 45.6725
      vertex 13.4846 9.97642 26.442
    endloop
  endfacet
  facet normal -0.312874 4.06762e-05 0.949795
    outer loop
      vertex 71.8629 9.34275 45.6725
      vertex 13.1371 9.34275 26.3275
      vertex 72.3279 8.79899 45.8257
    endloop
  endfacet
  facet normal -0.312875 -4.0042e-05 0.949794
    outer loop
      vertex 12.6721 8.79899 26.1743
      vertex 72.3279 8.79899 45.8257
      vertex 13.1371 9.34275 26.3275
    endloop
  endfacet
  facet normal -0.312875 8.77653e-06 0.949794
    outer loop
      vertex 72.3279 8.79899 45.8257
      vertex 12.6721 8.79899 26.1743
      vertex 72.8901 8.36891 46.0109
    endloop
  endfacet
  facet normal -0.312875 -8.61416e-06 0.949794
    outer loop
      vertex 12.1099 8.36891 25.9891
      vertex 72.8901 8.36891 46.0109
      vertex 12.6721 8.79899 26.1743
    endloop
  endfacet
  facet normal -0.312875 -6.90876e-06 0.949794
    outer loop
      vertex 72.8901 8.36891 46.0109
      vertex 12.1099 8.36891 25.9891
      vertex 85 0 50
    endloop
  endfacet
  facet normal -0.312697 -0.000277555 0.949853
    outer loop
      vertex 0 0 22
      vertex 12.1099 8.36891 25.9891
      vertex 11.475 8.0713 25.78
    endloop
  endfacet
  facet normal -0.312811 -9.93946e-05 0.949816
    outer loop
      vertex 0 0 22
      vertex 11.475 8.0713 25.78
      vertex 10.7952 7.91917 25.5561
    endloop
  endfacet
  facet normal -0.312987 0.000166877 0.949757
    outer loop
      vertex 0 0 22
      vertex 10.7952 7.91917 25.5561
      vertex 10.1003 7.91917 25.3271
    endloop
  endfacet
  facet normal -0.312874 4.94019e-06 0.949795
    outer loop
      vertex 12.1099 8.36891 25.9891
      vertex 0 0 22
      vertex 85 0 50
    endloop
  endfacet
  facet normal -0.312833 -5.10512e-05 0.949808
    outer loop
      vertex 9.42048 8.0713 25.1032
      vertex 0 0 22
      vertex 10.1003 7.91917 25.3271
    endloop
  endfacet
  facet normal -0.312841 -4.0404e-05 0.949806
    outer loop
      vertex 8.7856 8.36891 24.8941
      vertex 0 0 22
      vertex 9.42048 8.0713 25.1032
    endloop
  endfacet
  facet normal -0.312867 -9.59039e-06 0.949797
    outer loop
      vertex 8.22336 8.79899 24.7089
      vertex 0 0 22
      vertex 8.7856 8.36891 24.8941
    endloop
  endfacet
  facet normal -0.31289 1.39835e-05 0.949789
    outer loop
      vertex 7.75834 9.34275 24.5557
      vertex 0 0 22
      vertex 8.22336 8.79899 24.7089
    endloop
  endfacet
  facet normal -0.31291 3.20324e-05 0.949783
    outer loop
      vertex 7.41086 9.97642 24.4412
      vertex 0 0 22
      vertex 7.75834 9.34275 24.5557
    endloop
  endfacet
  facet normal -0.312823 -3.90227e-05 0.949811
    outer loop
      vertex 7.19611 10.6723 24.3705
      vertex 0 0 22
      vertex 7.41086 9.97642 24.4412
    endloop
  endfacet
  facet normal -0.312827 -3.63048e-05 0.94981
    outer loop
      vertex 7.12346 11.4 24.3466
      vertex 0 0 22
      vertex 7.19611 10.6723 24.3705
    endloop
  endfacet
  facet normal -0.312952 5.01094e-05 0.949769
    outer loop
      vertex 7.19611 12.1277 24.3705
      vertex 0 0 22
      vertex 7.12346 11.4 24.3466
    endloop
  endfacet
  facet normal -0.312872 0.000110648 0.949795
    outer loop
      vertex 13.772 198.6 26.5367
      vertex 71.3006 197.872 45.4873
      vertex 71.228 198.6 45.4633
    endloop
  endfacet
  facet normal -0.312875 -0.000110369 0.949794
    outer loop
      vertex 13.6994 197.872 26.5127
      vertex 71.3006 197.872 45.4873
      vertex 13.772 198.6 26.5367
    endloop
  endfacet
  facet normal -0.312875 -0.000361957 0.949794
    outer loop
      vertex 71.3006 197.872 45.4873
      vertex 13.6994 197.872 26.5127
      vertex 71.3847 197.6 45.5149
    endloop
  endfacet
  facet normal -0.312872 0.000360904 0.949795
    outer loop
      vertex 71.3847 197.6 45.5149
      vertex 13.6994 197.872 26.5127
      vertex 13.6153 197.6 26.4851
    endloop
  endfacet
  facet normal -0.312867 0 0.949797
    outer loop
      vertex 10.7952 195.119 25.5561
      vertex 11.3975 14.746 25.7545
      vertex 11.3975 195.254 25.7545
    endloop
  endfacet
  facet normal -0.312867 0 0.949797
    outer loop
      vertex 10.7952 195.119 25.5561
      vertex 10.7952 14.8808 25.5561
      vertex 11.3975 14.746 25.7545
    endloop
  endfacet
  facet normal -0.312987 0 0.949758
    outer loop
      vertex 10.1003 195.119 25.3271
      vertex 10.7952 14.8808 25.5561
      vertex 10.7952 195.119 25.5561
    endloop
  endfacet
  facet normal -0.312987 0 0.949758
    outer loop
      vertex 10.1003 195.119 25.3271
      vertex 10.1003 14.8808 25.3271
      vertex 10.7952 14.8808 25.5561
    endloop
  endfacet
  facet normal -0.312822 0 0.949812
    outer loop
      vertex 9.42048 195.271 25.1032
      vertex 10.1003 14.8808 25.3271
      vertex 10.1003 195.119 25.3271
    endloop
  endfacet
  facet normal -0.312822 0 0.949812
    outer loop
      vertex 9.42048 195.271 25.1032
      vertex 9.42048 14.7287 25.1032
      vertex 10.1003 14.8808 25.3271
    endloop
  endfacet
  facet normal -0.312824 0 0.949811
    outer loop
      vertex 8.7856 195.569 24.8941
      vertex 9.42048 14.7287 25.1032
      vertex 9.42048 195.271 25.1032
    endloop
  endfacet
  facet normal -0.312824 0 0.949811
    outer loop
      vertex 8.7856 195.569 24.8941
      vertex 8.7856 14.4311 24.8941
      vertex 9.42048 14.7287 25.1032
    endloop
  endfacet
  facet normal -0.312861 0 0.949799
    outer loop
      vertex 8.22336 195.999 24.7089
      vertex 8.7856 14.4311 24.8941
      vertex 8.7856 195.569 24.8941
    endloop
  endfacet
  facet normal -0.312861 0 0.949799
    outer loop
      vertex 8.22336 195.999 24.7089
      vertex 8.22336 14.001 24.7089
      vertex 8.7856 14.4311 24.8941
    endloop
  endfacet
  facet normal -0.312905 0 0.949784
    outer loop
      vertex 7.75834 196.543 24.5557
      vertex 8.22336 14.001 24.7089
      vertex 8.22336 195.999 24.7089
    endloop
  endfacet
  facet normal -0.312905 0 0.949784
    outer loop
      vertex 7.75834 196.543 24.5557
      vertex 7.75834 13.4572 24.5557
      vertex 8.22336 14.001 24.7089
    endloop
  endfacet
  facet normal -0.312962 0 0.949766
    outer loop
      vertex 7.41086 197.176 24.4412
      vertex 7.75834 13.4572 24.5557
      vertex 7.75834 196.543 24.5557
    endloop
  endfacet
  facet normal -0.312962 0 0.949766
    outer loop
      vertex 7.41086 197.176 24.4412
      vertex 7.41086 12.8236 24.4412
      vertex 7.75834 13.4572 24.5557
    endloop
  endfacet
  facet normal -0.313056 -0.000118479 0.949735
    outer loop
      vertex 0 210 22
      vertex 7.41086 197.176 24.4412
      vertex 7.19611 197.872 24.3705
    endloop
  endfacet
  facet normal -0.312871 0 0.949796
    outer loop
      vertex 7.41086 197.176 24.4412
      vertex 0 210 22
      vertex 7.41086 12.8236 24.4412
    endloop
  endfacet
  facet normal -0.312952 -5.00848e-05 0.949769
    outer loop
      vertex 0 210 22
      vertex 7.19611 197.872 24.3705
      vertex 7.12346 198.6 24.3466
    endloop
  endfacet
  facet normal -0.312871 0 0.949796
    outer loop
      vertex 0 0 22
      vertex 7.41086 12.8236 24.4412
      vertex 0 210 22
    endloop
  endfacet
  facet normal -1 0 0
    outer loop
      vertex 0 0 0
      vertex 0 210 22
      vertex 0 210 0
    endloop
  endfacet
  facet normal -1 -0 0
    outer loop
      vertex 0 210 22
      vertex 0 0 0
      vertex 0 0 22
    endloop
  endfacet
  facet normal 0 0 -1
    outer loop
      vertex 127 0 0
      vertex 61.0615 12.4 0
      vertex 127 210 0
    endloop
  endfacet
  facet normal 0 0 -1
    outer loop
      vertex 0 0 0
      vertex 61.0615 12.4 0
      vertex 127 0 0
    endloop
  endfacet
  facet normal -0 0 -1
    outer loop
      vertex 19.8814 12.4 0
      vertex 0 0 0
      vertex 19.8814 197.6 0
    endloop
  endfacet
  facet normal -0 0 -1
    outer loop
      vertex 61.0615 12.4 0
      vertex 0 0 0
      vertex 19.8814 12.4 0
    endloop
  endfacet
  facet normal 0 0 -1
    outer loop
      vertex 61.0615 197.6 0
      vertex 127 210 0
      vertex 61.0615 12.4 0
    endloop
  endfacet
  facet normal 0 0 -1
    outer loop
      vertex 0 210 0
      vertex 61.0615 197.6 0
      vertex 19.8814 197.6 0
    endloop
  endfacet
  facet normal 0 0 -1
    outer loop
      vertex 61.0615 197.6 0
      vertex 0 210 0
      vertex 127 210 0
    endloop
  endfacet
  facet normal 0 0 -1
    outer loop
      vertex 0 210 0
      vertex 19.8814 197.6 0
      vertex 0 0 0
    endloop
  endfacet
  facet normal 0 -1 0
    outer loop
      vertex 87.9529 207 49.4707
      vertex 127 207 153
      vertex 106.51 207 153
    endloop
  endfacet
  facet normal 0 -1 0
    outer loop
      vertex 3 207 3
      vertex 85.9386 207 47.1506
      vertex 3 207 19.8297
    endloop
  endfacet
  facet normal 0 -1 0
    outer loop
      vertex 87.9529 207 49.4707
      vertex 127 207 3
      vertex 127 207 153
    endloop
  endfacet
  facet normal 0 -1 0
    outer loop
      vertex 87.0779 207 47.8361
      vertex 127 207 3
      vertex 87.9529 207 49.4707
    endloop
  endfacet
  facet normal 0 -1 0
    outer loop
      vertex 85.9386 207 47.1506
      vertex 127 207 3
      vertex 87.0779 207 47.8361
    endloop
  endfacet
  facet normal 0 -1 0
    outer loop
      vertex 127 207 3
      vertex 85.9386 207 47.1506
      vertex 3 207 3
    endloop
  endfacet
  facet normal 0 1 0
    outer loop
      vertex 127 3 153
      vertex 87.9529 3 49.4707
      vertex 106.51 3 153
    endloop
  endfacet
  facet normal 0 1 -0
    outer loop
      vertex 127 3 3
      vertex 87.9529 3 49.4707
      vertex 127 3 153
    endloop
  endfacet
  facet normal 0 1 0
    outer loop
      vertex 127 3 3
      vertex 87.0779 3 47.8361
      vertex 87.9529 3 49.4707
    endloop
  endfacet
  facet normal 0 1 0
    outer loop
      vertex 127 3 3
      vertex 85.9386 3 47.1506
      vertex 87.0779 3 47.8361
    endloop
  endfacet
  facet normal 0 1 0
    outer loop
      vertex 3 3 3
      vertex 85.9386 3 47.1506
      vertex 127 3 3
    endloop
  endfacet
  facet normal 0 1 0
    outer loop
      vertex 85.9386 3 47.1506
      vertex 3 3 3
      vertex 3 3 19.8297
    endloop
  endfacet
  facet normal 0 0 -1
    outer loop
      vertex 106.51 3 153
      vertex 127 207 153
      vertex 127 3 153
    endloop
  endfacet
  facet normal -0 0 -1
    outer loop
      vertex 127 207 153
      vertex 106.51 3 153
      vertex 106.51 207 153
    endloop
  endfacet
  facet normal 0.984313 -2.96275e-05 -0.176431
    outer loop
      vertex 88.9136 201.4 54.83
      vertex 106.51 207 153
      vertex 105.992 201.4 150.111
    endloop
  endfacet
  facet normal 0.984303 0 -0.176486
    outer loop
      vertex 106.51 207 153
      vertex 105.992 8.6 150.111
      vertex 105.992 201.4 150.111
    endloop
  endfacet
  facet normal 0.984313 2.96275e-05 -0.176431
    outer loop
      vertex 105.992 8.6 150.111
      vertex 106.51 3 153
      vertex 88.9136 8.6 54.83
    endloop
  endfacet
  facet normal 0.984303 0 -0.176486
    outer loop
      vertex 106.51 3 153
      vertex 105.992 8.6 150.111
      vertex 106.51 207 153
    endloop
  endfacet
  facet normal 0.984313 1.27885e-05 -0.176433
    outer loop
      vertex 106.51 207 153
      vertex 88.9136 201.4 54.83
      vertex 87.9529 207 49.4707
    endloop
  endfacet
  facet normal 0.98431 0 -0.176446
    outer loop
      vertex 88.9136 8.6 54.83
      vertex 87.9529 207 49.4707
      vertex 88.9136 201.4 54.83
    endloop
  endfacet
  facet normal 0.98431 0 -0.176446
    outer loop
      vertex 88.9136 8.6 54.83
      vertex 87.9529 3 49.4707
      vertex 87.9529 207 49.4707
    endloop
  endfacet
  facet normal 0.984313 -1.27885e-05 -0.176433
    outer loop
      vertex 87.9529 3 49.4707
      vertex 88.9136 8.6 54.83
      vertex 106.51 3 153
    endloop
  endfacet
  facet normal 0.881632 0 -0.471937
    outer loop
      vertex 87.9529 3 49.4707
      vertex 87.0779 207 47.8361
      vertex 87.9529 207 49.4707
    endloop
  endfacet
  facet normal 0.881632 0 -0.471937
    outer loop
      vertex 87.0779 207 47.8361
      vertex 87.9529 3 49.4707
      vertex 87.0779 3 47.8361
    endloop
  endfacet
  facet normal 0.515557 0 -0.856855
    outer loop
      vertex 85.9386 3 47.1506
      vertex 87.0779 207 47.8361
      vertex 87.0779 3 47.8361
    endloop
  endfacet
  facet normal 0.515557 0 -0.856855
    outer loop
      vertex 87.0779 207 47.8361
      vertex 85.9386 3 47.1506
      vertex 85.9386 207 47.1506
    endloop
  endfacet
  facet normal 0.312874 1.99828e-05 -0.949795
    outer loop
      vertex 72.2392 197.872 42.6379
      vertex 14.7106 198.6 23.6873
      vertex 72.1666 198.6 42.614
    endloop
  endfacet
  facet normal 0.312873 1.22583e-05 -0.949795
    outer loop
      vertex 14.638 197.872 23.6634
      vertex 72.2392 197.872 42.6379
      vertex 72.3233 197.6 42.6656
    endloop
  endfacet
  facet normal 0.312873 -1.99324e-05 -0.949795
    outer loop
      vertex 72.2392 197.872 42.6379
      vertex 14.638 197.872 23.6634
      vertex 14.7106 198.6 23.6873
    endloop
  endfacet
  facet normal 0.312874 0.000102637 -0.949795
    outer loop
      vertex 14.638 197.872 23.6634
      vertex 72.3233 197.6 42.6656
      vertex 14.554 197.6 23.6357
    endloop
  endfacet
  facet normal 0.312678 -0.000162734 -0.949859
    outer loop
      vertex 78.1803 13.4572 44.5949
      vertex 85.9386 3 47.1506
      vertex 78.5278 12.8236 44.7094
    endloop
  endfacet
  facet normal 0.312788 7.70317e-05 -0.949823
    outer loop
      vertex 85.9386 207 47.1506
      vertex 78.7425 197.872 44.7801
      vertex 78.8152 198.6 44.8041
    endloop
  endfacet
  facet normal 0.312876 0 -0.949794
    outer loop
      vertex 85.9386 3 47.1506
      vertex 78.1803 13.4572 44.5949
      vertex 85.9386 207 47.1506
    endloop
  endfacet
  facet normal 0.312941 -5.6724e-05 -0.949773
    outer loop
      vertex 85.9386 207 47.1506
      vertex 78.5278 197.176 44.7094
      vertex 78.7425 197.872 44.7801
    endloop
  endfacet
  facet normal 0.312876 0 -0.949794
    outer loop
      vertex 78.1803 196.543 44.5949
      vertex 85.9386 207 47.1506
      vertex 78.1803 13.4572 44.5949
    endloop
  endfacet
  facet normal 0.312678 0.000163318 -0.949859
    outer loop
      vertex 85.9386 207 47.1506
      vertex 78.1803 196.543 44.5949
      vertex 78.5278 197.176 44.7094
    endloop
  endfacet
  facet normal 0.312917 0 -0.94978
    outer loop
      vertex 77.7153 14.001 44.4417
      vertex 78.1803 196.543 44.5949
      vertex 78.1803 13.4572 44.5949
    endloop
  endfacet
  facet normal 0.312917 0 -0.94978
    outer loop
      vertex 77.7153 14.001 44.4417
      vertex 77.7153 195.999 44.4417
      vertex 78.1803 196.543 44.5949
    endloop
  endfacet
  facet normal 0.312831 0 -0.949809
    outer loop
      vertex 77.153 14.4311 44.2565
      vertex 77.7153 195.999 44.4417
      vertex 77.7153 14.001 44.4417
    endloop
  endfacet
  facet normal 0.312831 0 -0.949809
    outer loop
      vertex 77.153 14.4311 44.2565
      vertex 77.153 195.569 44.2565
      vertex 77.7153 195.999 44.4417
    endloop
  endfacet
  facet normal 0.312815 0 -0.949814
    outer loop
      vertex 76.5181 14.7287 44.0474
      vertex 77.153 195.569 44.2565
      vertex 77.153 14.4311 44.2565
    endloop
  endfacet
  facet normal 0.312815 0 -0.949814
    outer loop
      vertex 76.5181 14.7287 44.0474
      vertex 76.5181 195.271 44.0474
      vertex 77.153 195.569 44.2565
    endloop
  endfacet
  facet normal 0.312872 0 -0.949795
    outer loop
      vertex 75.8384 14.8808 43.8235
      vertex 76.5181 195.271 44.0474
      vertex 76.5181 14.7287 44.0474
    endloop
  endfacet
  facet normal 0.312872 0 -0.949795
    outer loop
      vertex 75.8384 14.8808 43.8235
      vertex 75.8384 195.119 43.8235
      vertex 76.5181 195.271 44.0474
    endloop
  endfacet
  facet normal 0.312946 0 -0.949771
    outer loop
      vertex 75.1434 14.8808 43.5945
      vertex 75.8384 195.119 43.8235
      vertex 75.8384 14.8808 43.8235
    endloop
  endfacet
  facet normal 0.312946 0 -0.949771
    outer loop
      vertex 75.1434 14.8808 43.5945
      vertex 75.1434 195.119 43.5945
      vertex 75.8384 195.119 43.8235
    endloop
  endfacet
  facet normal 0.312867 0 -0.949797
    outer loop
      vertex 74.5411 14.746 43.3961
      vertex 75.1434 195.119 43.5945
      vertex 75.1434 14.8808 43.5945
    endloop
  endfacet
  facet normal 0.312867 0 -0.949797
    outer loop
      vertex 75.1434 195.119 43.5945
      vertex 74.5411 14.746 43.3961
      vertex 74.5411 195.254 43.3961
    endloop
  endfacet
  facet normal 0.312788 -7.70677e-05 -0.949823
    outer loop
      vertex 78.7425 12.1277 44.7801
      vertex 85.9386 3 47.1506
      vertex 78.8152 11.4 44.8041
    endloop
  endfacet
  facet normal 0.312934 6.082e-05 -0.949775
    outer loop
      vertex 85.9386 3 47.1506
      vertex 78.7425 10.6723 44.7801
      vertex 78.8152 11.4 44.8041
    endloop
  endfacet
  facet normal 0.312851 -2.5987e-05 -0.949802
    outer loop
      vertex 85.9386 3 47.1506
      vertex 78.5278 9.97642 44.7094
      vertex 78.7425 10.6723 44.7801
    endloop
  endfacet
  facet normal 0.312898 2.92927e-05 -0.949787
    outer loop
      vertex 85.9386 3 47.1506
      vertex 78.1803 9.34275 44.5949
      vertex 78.5278 9.97642 44.7094
    endloop
  endfacet
  facet normal 0.312893 2.2666e-05 -0.949788
    outer loop
      vertex 85.9386 3 47.1506
      vertex 77.7153 8.79899 44.4417
      vertex 78.1803 9.34275 44.5949
    endloop
  endfacet
  facet normal 0.312856 -3.62331e-05 -0.949801
    outer loop
      vertex 85.9386 3 47.1506
      vertex 77.153 8.36891 44.2565
      vertex 77.7153 8.79899 44.4417
    endloop
  endfacet
  facet normal 0.312841 -6.23064e-05 -0.949805
    outer loop
      vertex 85.9386 3 47.1506
      vertex 76.5181 8.0713 44.0474
      vertex 77.153 8.36891 44.2565
    endloop
  endfacet
  facet normal 0.312872 9.55614e-07 -0.949795
    outer loop
      vertex 85.9386 3 47.1506
      vertex 75.8384 7.91917 43.8235
      vertex 76.5181 8.0713 44.0474
    endloop
  endfacet
  facet normal 0.312946 0.000169823 -0.949771
    outer loop
      vertex 85.9386 3 47.1506
      vertex 75.1434 7.91917 43.5945
      vertex 75.8384 7.91917 43.8235
    endloop
  endfacet
  facet normal 0.312786 -0.00021851 -0.949823
    outer loop
      vertex 85.9386 3 47.1506
      vertex 74.4636 8.0713 43.3706
      vertex 75.1434 7.91917 43.5945
    endloop
  endfacet
  facet normal 0.312874 1.9991e-05 -0.949795
    outer loop
      vertex 72.2392 10.6723 42.6379
      vertex 14.7106 11.4 23.6873
      vertex 72.1666 11.4 42.614
    endloop
  endfacet
  facet normal 0.312873 7.86156e-05 -0.949795
    outer loop
      vertex 14.638 10.6723 23.6634
      vertex 72.2392 10.6723 42.6379
      vertex 72.454 9.97642 42.7086
    endloop
  endfacet
  facet normal 0.312873 -4.43381e-05 -0.949795
    outer loop
      vertex 14.4232 9.97642 23.5926
      vertex 72.454 9.97642 42.7086
      vertex 72.8015 9.34275 42.8231
    endloop
  endfacet
  facet normal 0.312873 -4.16036e-05 -0.949795
    outer loop
      vertex 14.0758 9.34275 23.4782
      vertex 72.8015 9.34275 42.8231
      vertex 73.2665 8.79899 42.9763
    endloop
  endfacet
  facet normal 0.312873 -1.08578e-05 -0.949795
    outer loop
      vertex 13.6107 8.79899 23.325
      vertex 73.2665 8.79899 42.9763
      vertex 73.8287 8.36891 43.1615
    endloop
  endfacet
  facet normal 0.312873 0.000138489 -0.949795
    outer loop
      vertex 13.0485 8.36891 23.1398
      vertex 73.8287 8.36891 43.1615
      vertex 74.4636 8.0713 43.3706
    endloop
  endfacet
  facet normal 0.312873 -1.31086e-06 -0.949795
    outer loop
      vertex 3 3 19.8297
      vertex 74.4636 8.0713 43.3706
      vertex 85.9386 3 47.1506
    endloop
  endfacet
  facet normal 0.312873 -1.99406e-05 -0.949795
    outer loop
      vertex 72.2392 10.6723 42.6379
      vertex 14.638 10.6723 23.6634
      vertex 14.7106 11.4 23.6873
    endloop
  endfacet
  facet normal 0.312873 5.79495e-05 -0.949795
    outer loop
      vertex 72.454 9.97642 42.7086
      vertex 14.4232 9.97642 23.5926
      vertex 14.638 10.6723 23.6634
    endloop
  endfacet
  facet normal 0.312873 -5.6105e-05 -0.949795
    outer loop
      vertex 72.8015 9.34275 42.8231
      vertex 14.0758 9.34275 23.4782
      vertex 14.4232 9.97642 23.5926
    endloop
  endfacet
  facet normal 0.312873 -1.61353e-05 -0.949795
    outer loop
      vertex 73.2665 8.79899 42.9763
      vertex 13.6107 8.79899 23.325
      vertex 14.0758 9.34275 23.4782
    endloop
  endfacet
  facet normal 0.312873 1.06569e-05 -0.949795
    outer loop
      vertex 73.8287 8.36891 43.1615
      vertex 13.0485 8.36891 23.1398
      vertex 13.6107 8.79899 23.325
    endloop
  endfacet
  facet normal 0.312874 0.000180221 -0.949795
    outer loop
      vertex 74.4636 8.0713 43.3706
      vertex 12.4136 8.0713 22.9306
      vertex 13.0485 8.36891 23.1398
    endloop
  endfacet
  facet normal 0.312874 -9.47458e-06 -0.949795
    outer loop
      vertex 74.4636 8.0713 43.3706
      vertex 3 3 19.8297
      vertex 12.4136 8.0713 22.9306
    endloop
  endfacet
  facet normal 0.312803 0.000135155 -0.949818
    outer loop
      vertex 12.4136 8.0713 22.9306
      vertex 3 3 19.8297
      vertex 11.7338 7.91917 22.7067
    endloop
  endfacet
  facet normal 0.313075 0.000129712 -0.949728
    outer loop
      vertex 8.34948 197.176 21.5918
      vertex 3 207 19.8297
      vertex 8.13472 197.872 21.5211
    endloop
  endfacet
  facet normal 0.312825 3.17399e-05 -0.949811
    outer loop
      vertex 8.13472 10.6723 21.5211
      vertex 3 3 19.8297
      vertex 8.06208 11.4 21.4972
    endloop
  endfacet
  facet normal 0.312813 4.00895e-05 -0.949815
    outer loop
      vertex 8.34948 9.97642 21.5918
      vertex 3 3 19.8297
      vertex 8.13472 10.6723 21.5211
    endloop
  endfacet
  facet normal 0.312903 -3.60953e-05 -0.949785
    outer loop
      vertex 8.69696 9.34275 21.7063
      vertex 3 3 19.8297
      vertex 8.34948 9.97642 21.5918
    endloop
  endfacet
  facet normal 0.312885 -1.84923e-05 -0.949791
    outer loop
      vertex 9.16198 8.79899 21.8595
      vertex 3 3 19.8297
      vertex 8.69696 9.34275 21.7063
    endloop
  endfacet
  facet normal 0.312865 5.79401e-06 -0.949798
    outer loop
      vertex 9.72422 8.36891 22.0447
      vertex 3 3 19.8297
      vertex 9.16198 8.79899 21.8595
    endloop
  endfacet
  facet normal 0.31284 3.9468e-05 -0.949806
    outer loop
      vertex 10.3591 8.0713 22.2538
      vertex 3 3 19.8297
      vertex 9.72422 8.36891 22.0447
    endloop
  endfacet
  facet normal 0.312934 -0.000111307 -0.949775
    outer loop
      vertex 11.0389 7.91917 22.4778
      vertex 3 3 19.8297
      vertex 10.3591 8.0713 22.2538
    endloop
  endfacet
  facet normal 0.312863 1.68046e-05 -0.949798
    outer loop
      vertex 11.7338 7.91917 22.7067
      vertex 3 3 19.8297
      vertex 11.0389 7.91917 22.4778
    endloop
  endfacet
  facet normal 0.312941 5.67362e-05 -0.949773
    outer loop
      vertex 78.5278 12.8236 44.7094
      vertex 85.9386 3 47.1506
      vertex 78.7425 12.1277 44.7801
    endloop
  endfacet
  facet normal 0.312934 -6.07975e-05 -0.949775
    outer loop
      vertex 78.7425 199.328 44.7801
      vertex 85.9386 207 47.1506
      vertex 78.8152 198.6 44.8041
    endloop
  endfacet
  facet normal 0.312851 2.59839e-05 -0.949802
    outer loop
      vertex 78.5278 200.024 44.7094
      vertex 85.9386 207 47.1506
      vertex 78.7425 199.328 44.7801
    endloop
  endfacet
  facet normal 0.312898 -2.93138e-05 -0.949787
    outer loop
      vertex 78.1803 200.657 44.5949
      vertex 85.9386 207 47.1506
      vertex 78.5278 200.024 44.7094
    endloop
  endfacet
  facet normal 0.312893 -2.26598e-05 -0.949788
    outer loop
      vertex 77.7153 201.201 44.4417
      vertex 85.9386 207 47.1506
      vertex 78.1803 200.657 44.5949
    endloop
  endfacet
  facet normal 0.312856 3.62366e-05 -0.949801
    outer loop
      vertex 77.153 201.631 44.2565
      vertex 85.9386 207 47.1506
      vertex 77.7153 201.201 44.4417
    endloop
  endfacet
  facet normal 0.312841 6.22704e-05 -0.949805
    outer loop
      vertex 76.5181 201.929 44.0474
      vertex 85.9386 207 47.1506
      vertex 77.153 201.631 44.2565
    endloop
  endfacet
  facet normal 0.312872 -9.55894e-07 -0.949795
    outer loop
      vertex 75.8384 202.081 43.8235
      vertex 85.9386 207 47.1506
      vertex 76.5181 201.929 44.0474
    endloop
  endfacet
  facet normal 0.312946 -0.000169829 -0.949771
    outer loop
      vertex 75.1434 202.081 43.5945
      vertex 85.9386 207 47.1506
      vertex 75.8384 202.081 43.8235
    endloop
  endfacet
  facet normal 0.312787 0.000218345 -0.949823
    outer loop
      vertex 74.4636 201.929 43.3706
      vertex 85.9386 207 47.1506
      vertex 75.1434 202.081 43.5945
    endloop
  endfacet
  facet normal 0.312874 -1.99828e-05 -0.949795
    outer loop
      vertex 14.7106 198.6 23.6873
      vertex 72.2392 199.328 42.6379
      vertex 72.1666 198.6 42.614
    endloop
  endfacet
  facet normal 0.312873 1.99324e-05 -0.949795
    outer loop
      vertex 14.638 199.328 23.6634
      vertex 72.2392 199.328 42.6379
      vertex 14.7106 198.6 23.6873
    endloop
  endfacet
  facet normal 0.312873 -7.86021e-05 -0.949795
    outer loop
      vertex 72.2392 199.328 42.6379
      vertex 14.638 199.328 23.6634
      vertex 72.454 200.024 42.7086
    endloop
  endfacet
  facet normal 0.312873 -5.79395e-05 -0.949795
    outer loop
      vertex 14.4232 200.024 23.5926
      vertex 72.454 200.024 42.7086
      vertex 14.638 199.328 23.6634
    endloop
  endfacet
  facet normal 0.312873 4.4385e-05 -0.949795
    outer loop
      vertex 72.454 200.024 42.7086
      vertex 14.4232 200.024 23.5926
      vertex 72.8015 200.657 42.8231
    endloop
  endfacet
  facet normal 0.312873 5.61644e-05 -0.949795
    outer loop
      vertex 14.0758 200.657 23.4782
      vertex 72.8015 200.657 42.8231
      vertex 14.4232 200.024 23.5926
    endloop
  endfacet
  facet normal 0.312873 4.15853e-05 -0.949795
    outer loop
      vertex 72.8015 200.657 42.8231
      vertex 14.0758 200.657 23.4782
      vertex 73.2665 201.201 42.9763
    endloop
  endfacet
  facet normal 0.312873 1.61282e-05 -0.949795
    outer loop
      vertex 13.6107 201.201 23.325
      vertex 73.2665 201.201 42.9763
      vertex 14.0758 200.657 23.4782
    endloop
  endfacet
  facet normal 0.312873 1.08598e-05 -0.949795
    outer loop
      vertex 73.2665 201.201 42.9763
      vertex 13.6107 201.201 23.325
      vertex 73.8287 201.631 43.1615
    endloop
  endfacet
  facet normal 0.312873 -1.06589e-05 -0.949795
    outer loop
      vertex 13.0485 201.631 23.1398
      vertex 73.8287 201.631 43.1615
      vertex 13.6107 201.201 23.325
    endloop
  endfacet
  facet normal 0.312873 -0.000138307 -0.949795
    outer loop
      vertex 73.8287 201.631 43.1615
      vertex 13.0485 201.631 23.1398
      vertex 74.4636 201.929 43.3706
    endloop
  endfacet
  facet normal 0.312874 -0.000179985 -0.949795
    outer loop
      vertex 12.4136 201.929 22.9306
      vertex 74.4636 201.929 43.3706
      vertex 13.0485 201.631 23.1398
    endloop
  endfacet
  facet normal 0.312874 9.47514e-06 -0.949795
    outer loop
      vertex 3 207 19.8297
      vertex 74.4636 201.929 43.3706
      vertex 12.4136 201.929 22.9306
    endloop
  endfacet
  facet normal 0.312803 -0.000135087 -0.949818
    outer loop
      vertex 3 207 19.8297
      vertex 12.4136 201.929 22.9306
      vertex 11.7338 202.081 22.7067
    endloop
  endfacet
  facet normal 0.312863 -1.68052e-05 -0.949798
    outer loop
      vertex 3 207 19.8297
      vertex 11.7338 202.081 22.7067
      vertex 11.0389 202.081 22.4778
    endloop
  endfacet
  facet normal 0.312873 1.31094e-06 -0.949795
    outer loop
      vertex 74.4636 201.929 43.3706
      vertex 3 207 19.8297
      vertex 85.9386 207 47.1506
    endloop
  endfacet
  facet normal 0.312934 0.000111335 -0.949775
    outer loop
      vertex 10.3591 201.929 22.2538
      vertex 3 207 19.8297
      vertex 11.0389 202.081 22.4778
    endloop
  endfacet
  facet normal 0.31284 -3.94485e-05 -0.949806
    outer loop
      vertex 9.72422 201.631 22.0447
      vertex 3 207 19.8297
      vertex 10.3591 201.929 22.2538
    endloop
  endfacet
  facet normal 0.312865 -5.79449e-06 -0.949798
    outer loop
      vertex 9.16198 201.201 21.8595
      vertex 3 207 19.8297
      vertex 9.72422 201.631 22.0447
    endloop
  endfacet
  facet normal 0.312885 1.84878e-05 -0.949791
    outer loop
      vertex 8.69696 200.657 21.7063
      vertex 3 207 19.8297
      vertex 9.16198 201.201 21.8595
    endloop
  endfacet
  facet normal 0.312903 3.61185e-05 -0.949785
    outer loop
      vertex 8.34948 200.024 21.5918
      vertex 3 207 19.8297
      vertex 8.69696 200.657 21.7063
    endloop
  endfacet
  facet normal 0.312813 -4.00852e-05 -0.949815
    outer loop
      vertex 8.13472 199.328 21.5211
      vertex 3 207 19.8297
      vertex 8.34948 200.024 21.5918
    endloop
  endfacet
  facet normal 0.312825 -3.17287e-05 -0.949811
    outer loop
      vertex 8.06208 198.6 21.4972
      vertex 3 207 19.8297
      vertex 8.13472 199.328 21.5211
    endloop
  endfacet
  facet normal 0.312938 4.43188e-05 -0.949773
    outer loop
      vertex 8.13472 197.872 21.5211
      vertex 3 207 19.8297
      vertex 8.06208 198.6 21.4972
    endloop
  endfacet
  facet normal 0.312874 -1.9991e-05 -0.949795
    outer loop
      vertex 14.7106 11.4 23.6873
      vertex 72.2392 12.1277 42.6379
      vertex 72.1666 11.4 42.614
    endloop
  endfacet
  facet normal 0.312873 1.99406e-05 -0.949795
    outer loop
      vertex 14.638 12.1277 23.6634
      vertex 72.2392 12.1277 42.6379
      vertex 14.7106 11.4 23.6873
    endloop
  endfacet
  facet normal 0.312873 -1.22448e-05 -0.949795
    outer loop
      vertex 72.2392 12.1277 42.6379
      vertex 14.638 12.1277 23.6634
      vertex 72.3233 12.4 42.6656
    endloop
  endfacet
  facet normal 0.312874 -0.000102524 -0.949795
    outer loop
      vertex 72.3233 12.4 42.6656
      vertex 14.638 12.1277 23.6634
      vertex 14.554 12.4 23.6357
    endloop
  endfacet
  facet normal 0.31282 0 -0.949812
    outer loop
      vertex 11.7338 14.8808 22.7067
      vertex 12.3362 195.254 22.9051
      vertex 12.3362 14.746 22.9051
    endloop
  endfacet
  facet normal 0.31282 0 -0.949812
    outer loop
      vertex 11.7338 14.8808 22.7067
      vertex 11.7338 195.119 22.7067
      vertex 12.3362 195.254 22.9051
    endloop
  endfacet
  facet normal 0.312863 0 -0.949798
    outer loop
      vertex 11.0389 14.8808 22.4778
      vertex 11.7338 195.119 22.7067
      vertex 11.7338 14.8808 22.7067
    endloop
  endfacet
  facet normal 0.312863 0 -0.949798
    outer loop
      vertex 11.0389 14.8808 22.4778
      vertex 11.0389 195.119 22.4778
      vertex 11.7338 195.119 22.7067
    endloop
  endfacet
  facet normal 0.312957 0 -0.949767
    outer loop
      vertex 10.3591 14.7287 22.2538
      vertex 11.0389 195.119 22.4778
      vertex 11.0389 14.8808 22.4778
    endloop
  endfacet
  facet normal 0.312957 0 -0.949767
    outer loop
      vertex 10.3591 14.7287 22.2538
      vertex 10.3591 195.271 22.2538
      vertex 11.0389 195.119 22.4778
    endloop
  endfacet
  facet normal 0.312824 0 -0.949811
    outer loop
      vertex 9.72422 14.4311 22.0447
      vertex 10.3591 195.271 22.2538
      vertex 10.3591 14.7287 22.2538
    endloop
  endfacet
  facet normal 0.312824 0 -0.949811
    outer loop
      vertex 9.72422 14.4311 22.0447
      vertex 9.72422 195.569 22.0447
      vertex 10.3591 195.271 22.2538
    endloop
  endfacet
  facet normal 0.312861 0 -0.949799
    outer loop
      vertex 9.16198 14.001 21.8595
      vertex 9.72422 195.569 22.0447
      vertex 9.72422 14.4311 22.0447
    endloop
  endfacet
  facet normal 0.312861 0 -0.949799
    outer loop
      vertex 9.16198 14.001 21.8595
      vertex 9.16198 195.999 21.8595
      vertex 9.72422 195.569 22.0447
    endloop
  endfacet
  facet normal 0.312905 0 -0.949784
    outer loop
      vertex 8.69696 13.4572 21.7063
      vertex 9.16198 195.999 21.8595
      vertex 9.16198 14.001 21.8595
    endloop
  endfacet
  facet normal 0.312905 0 -0.949784
    outer loop
      vertex 8.69696 13.4572 21.7063
      vertex 8.69696 196.543 21.7063
      vertex 9.16198 195.999 21.8595
    endloop
  endfacet
  facet normal 0.312962 0 -0.949766
    outer loop
      vertex 8.34948 12.8236 21.5918
      vertex 8.69696 196.543 21.7063
      vertex 8.69696 13.4572 21.7063
    endloop
  endfacet
  facet normal 0.312962 0 -0.949766
    outer loop
      vertex 8.34948 12.8236 21.5918
      vertex 8.34948 197.176 21.5918
      vertex 8.69696 196.543 21.7063
    endloop
  endfacet
  facet normal 0.313075 -0.000129748 -0.949728
    outer loop
      vertex 3 3 19.8297
      vertex 8.34948 12.8236 21.5918
      vertex 8.13472 12.1277 21.5211
    endloop
  endfacet
  facet normal 0.31286 0 -0.949799
    outer loop
      vertex 8.34948 12.8236 21.5918
      vertex 3 3 19.8297
      vertex 8.34948 197.176 21.5918
    endloop
  endfacet
  facet normal 0.312938 -4.43407e-05 -0.949773
    outer loop
      vertex 3 3 19.8297
      vertex 8.13472 12.1277 21.5211
      vertex 8.06208 11.4 21.4972
    endloop
  endfacet
  facet normal 0.31286 0 -0.949799
    outer loop
      vertex 3 207 19.8297
      vertex 8.34948 197.176 21.5918
      vertex 3 3 19.8297
    endloop
  endfacet
  facet normal 1 -0 0
    outer loop
      vertex 3 3 19.8297
      vertex 3 207 3
      vertex 3 207 19.8297
    endloop
  endfacet
  facet normal 1 0 0
    outer loop
      vertex 3 207 3
      vertex 3 3 19.8297
      vertex 3 3 3
    endloop
  endfacet
  facet normal 0 0 1
    outer loop
      vertex 127 207 3
      vertex 70.1686 197.6 3
      vertex 127 3 3
    endloop
  endfacet
  facet normal -0 0 1
    outer loop
      vertex 3 207 3
      vertex 70.1686 197.6 3
      vertex 127 207 3
    endloop
  endfacet
  facet normal 0 0 1
    outer loop
      vertex 18.8931 197.6 3
      vertex 3 207 3
      vertex 18.8931 12.4 3
    endloop
  endfacet
  facet normal 0 0 1
    outer loop
      vertex 70.1686 197.6 3
      vertex 3 207 3
      vertex 18.8931 197.6 3
    endloop
  endfacet
  facet normal -0 0 1
    outer loop
      vertex 70.1686 12.4 3
      vertex 127 3 3
      vertex 70.1686 197.6 3
    endloop
  endfacet
  facet normal 0 0 1
    outer loop
      vertex 3 3 3
      vertex 70.1686 12.4 3
      vertex 18.8931 12.4 3
    endloop
  endfacet
  facet normal 0 0 1
    outer loop
      vertex 70.1686 12.4 3
      vertex 3 3 3
      vertex 127 3 3
    endloop
  endfacet
  facet normal 0 0 1
    outer loop
      vertex 3 3 3
      vertex 18.8931 12.4 3
      vertex 3 207 3
    endloop
  endfacet
  facet normal 1 0 0
    outer loop
      vertex 127 210 156
      vertex 127 207 153
      vertex 127 210 0
    endloop
  endfacet
  facet normal 1 0 0
    outer loop
      vertex 127 210 156
      vertex 127 3 153
      vertex 127 207 153
    endloop
  endfacet
  facet normal 1 0 0
    outer loop
      vertex 127 3 153
      vertex 127 0 156
      vertex 127 3 3
    endloop
  endfacet
  facet normal 1 -0 0
    outer loop
      vertex 127 0 156
      vertex 127 3 153
      vertex 127 210 156
    endloop
  endfacet
  facet normal 1 -0 0
    outer loop
      vertex 127 207 3
      vertex 127 210 0
      vertex 127 207 153
    endloop
  endfacet
  facet normal 1 -0 0
    outer loop
      vertex 127 3 3
      vertex 127 210 0
      vertex 127 207 3
    endloop
  endfacet
  facet normal 1 0 0
    outer loop
      vertex 127 3 3
      vertex 127 0 0
      vertex 127 210 0
    endloop
  endfacet
  facet normal 1 0 0
    outer loop
      vertex 127 0 0
      vertex 127 3 3
      vertex 127 0 156
    endloop
  endfacet
  facet normal -0.903305 0.309027 -0.297561
    outer loop
      vertex 8.13472 12.1277 21.5211
      vertex 9.2881 12.8236 18.7425
      vertex 9.07335 12.1277 18.6717
    endloop
  endfacet
  facet normal -0.903311 0.309 -0.29757
    outer loop
      vertex 9.2881 12.8236 18.7425
      vertex 8.13472 12.1277 21.5211
      vertex 8.34948 12.8236 21.5918
    endloop
  endfacet
  facet normal -0.903316 0.308989 -0.297567
    outer loop
      vertex 7.03967 12.1277 24.8454
      vertex 7.41086 12.8236 24.4412
      vertex 7.19611 12.1277 24.3705
    endloop
  endfacet
  facet normal -0.903316 0.308989 -0.297567
    outer loop
      vertex 7.41086 12.8236 24.4412
      vertex 7.03967 12.1277 24.8454
      vertex 7.25442 12.8236 24.9161
    endloop
  endfacet
  facet normal -0.197426 0.978158 -0.0650328
    outer loop
      vertex 11.9775 14.8808 19.6284
      vertex 10.3591 14.7287 22.2538
      vertex 11.0389 14.8808 22.4778
    endloop
  endfacet
  facet normal -0.197426 0.978158 -0.0650328
    outer loop
      vertex 10.3591 14.7287 22.2538
      vertex 11.9775 14.8808 19.6284
      vertex 11.2977 14.7287 19.4044
    endloop
  endfacet
  facet normal -0.197436 0.978155 -0.0650555
    outer loop
      vertex 10.1003 14.8808 25.3271
      vertex 9.26405 14.7287 25.5781
      vertex 9.94382 14.8808 25.802
    endloop
  endfacet
  facet normal -0.19743 0.978158 -0.0650326
    outer loop
      vertex 9.26405 14.7287 25.5781
      vertex 10.1003 14.8808 25.3271
      vertex 9.42048 14.7287 25.1032
    endloop
  endfacet
  facet normal -0.822534 0.500019 -0.27096
    outer loop
      vertex 8.34948 12.8236 21.5918
      vertex 9.63558 13.4572 18.8569
      vertex 9.2881 12.8236 18.7425
    endloop
  endfacet
  facet normal -0.822519 0.500051 -0.270946
    outer loop
      vertex 9.63558 13.4572 18.8569
      vertex 8.34948 12.8236 21.5918
      vertex 8.69696 13.4572 21.7063
    endloop
  endfacet
  facet normal -0.822517 0.500051 -0.270951
    outer loop
      vertex 7.25442 12.8236 24.9161
      vertex 7.75834 13.4572 24.5557
      vertex 7.41086 12.8236 24.4412
    endloop
  endfacet
  facet normal -0.822517 0.500061 -0.270934
    outer loop
      vertex 7.75834 13.4572 24.5557
      vertex 7.25442 12.8236 24.9161
      vertex 7.60191 13.4572 25.0306
    endloop
  endfacet
  facet normal 0.944604 -0.104629 0.311089
    outer loop
      vertex 13.5429 10.6723 26.9876
      vertex 13.772 11.4 26.5367
      vertex 13.6156 11.4 27.0116
    endloop
  endfacet
  facet normal 0.944558 -0.104501 0.311272
    outer loop
      vertex 13.772 11.4 26.5367
      vertex 13.5429 10.6723 26.9876
      vertex 13.6994 10.6723 26.5127
    endloop
  endfacet
  facet normal 0.944591 -0.104459 0.311184
    outer loop
      vertex 14.638 10.6723 23.6634
      vertex 15.6493 11.4 20.8379
      vertex 14.7106 11.4 23.6873
    endloop
  endfacet
  facet normal 0.944588 -0.104587 0.31115
    outer loop
      vertex 15.6493 11.4 20.8379
      vertex 14.638 10.6723 23.6634
      vertex 15.5766 10.6723 20.814
    endloop
  endfacet
  facet normal 0 1 0
    outer loop
      vertex 12.6725 14.8808 19.8573
      vertex 11.0389 14.8808 22.4778
      vertex 11.7338 14.8808 22.7067
    endloop
  endfacet
  facet normal 0 1 0
    outer loop
      vertex 11.0389 14.8808 22.4778
      vertex 12.6725 14.8808 19.8573
      vertex 11.9775 14.8808 19.6284
    endloop
  endfacet
  facet normal 0 1 0
    outer loop
      vertex 10.7952 14.8808 25.5561
      vertex 9.94382 14.8808 25.802
      vertex 10.6388 14.8808 26.031
    endloop
  endfacet
  facet normal 0 1 0
    outer loop
      vertex 9.94382 14.8808 25.802
      vertex 10.7952 14.8808 25.5561
      vertex 10.1003 14.8808 25.3271
    endloop
  endfacet
  facet normal -0.944593 0.104523 -0.311158
    outer loop
      vertex 8.06208 11.4 21.4972
      vertex 9.07335 12.1277 18.6717
      vertex 9.0007 11.4 18.6478
    endloop
  endfacet
  facet normal -0.944593 0.10451 -0.311161
    outer loop
      vertex 9.07335 12.1277 18.6717
      vertex 8.06208 11.4 21.4972
      vertex 8.13472 12.1277 21.5211
    endloop
  endfacet
  facet normal -0.944571 0.104523 -0.311223
    outer loop
      vertex 6.96702 11.4 24.8214
      vertex 7.19611 12.1277 24.3705
      vertex 7.12346 11.4 24.3466
    endloop
  endfacet
  facet normal -0.944587 0.104565 -0.311163
    outer loop
      vertex 7.19611 12.1277 24.3705
      vertex 6.96702 11.4 24.8214
      vertex 7.03967 12.1277 24.8454
    endloop
  endfacet
  facet normal -0.70586 0.669105 -0.232507
    outer loop
      vertex 7.60191 13.4572 25.0306
      vertex 8.22336 14.001 24.7089
      vertex 7.75834 13.4572 24.5557
    endloop
  endfacet
  facet normal -0.70586 0.669105 -0.232507
    outer loop
      vertex 8.22336 14.001 24.7089
      vertex 7.60191 13.4572 25.0306
      vertex 8.06693 14.001 25.1838
    endloop
  endfacet
  facet normal -0.705857 0.669105 -0.232516
    outer loop
      vertex 8.69696 13.4572 21.7063
      vertex 10.1006 14.001 19.0101
      vertex 9.63558 13.4572 18.8569
    endloop
  endfacet
  facet normal -0.705857 0.669105 -0.232516
    outer loop
      vertex 10.1006 14.001 19.0101
      vertex 8.69696 13.4572 21.7063
      vertex 9.16198 14.001 21.8595
    endloop
  endfacet
  facet normal -0.386315 0.913547 -0.12725
    outer loop
      vertex 9.42048 14.7287 25.1032
      vertex 8.62917 14.4311 25.369
      vertex 9.26405 14.7287 25.5781
    endloop
  endfacet
  facet normal -0.386315 0.913547 -0.12725
    outer loop
      vertex 8.62917 14.4311 25.369
      vertex 9.42048 14.7287 25.1032
      vertex 8.7856 14.4311 24.8941
    endloop
  endfacet
  facet normal -0.386314 0.913547 -0.127253
    outer loop
      vertex 11.2977 14.7287 19.4044
      vertex 9.72422 14.4311 22.0447
      vertex 10.3591 14.7287 22.2538
    endloop
  endfacet
  facet normal -0.386306 0.913551 -0.127247
    outer loop
      vertex 9.72422 14.4311 22.0447
      vertex 11.2977 14.7287 19.4044
      vertex 10.6628 14.4311 19.1953
    endloop
  endfacet
  facet normal -0.558294 0.809005 -0.183899
    outer loop
      vertex 8.7856 14.4311 24.8941
      vertex 8.06693 14.001 25.1838
      vertex 8.62917 14.4311 25.369
    endloop
  endfacet
  facet normal -0.558294 0.809005 -0.183899
    outer loop
      vertex 8.06693 14.001 25.1838
      vertex 8.7856 14.4311 24.8941
      vertex 8.22336 14.001 24.7089
    endloop
  endfacet
  facet normal -0.558294 0.809005 -0.183899
    outer loop
      vertex 10.6628 14.4311 19.1953
      vertex 9.16198 14.001 21.8595
      vertex 9.72422 14.4311 22.0447
    endloop
  endfacet
  facet normal -0.558315 0.808987 -0.183914
    outer loop
      vertex 9.16198 14.001 21.8595
      vertex 10.6628 14.4311 19.1953
      vertex 10.1006 14.001 19.0101
    endloop
  endfacet
  facet normal 0.944604 0.104629 0.311089
    outer loop
      vertex 13.772 11.4 26.5367
      vertex 13.5429 12.1277 26.9876
      vertex 13.6156 11.4 27.0116
    endloop
  endfacet
  facet normal 0.944558 0.104501 0.311272
    outer loop
      vertex 13.5429 12.1277 26.9876
      vertex 13.772 11.4 26.5367
      vertex 13.6994 12.1277 26.5127
    endloop
  endfacet
  facet normal 0.944591 0.104459 0.311184
    outer loop
      vertex 15.6493 11.4 20.8379
      vertex 14.638 12.1277 23.6634
      vertex 14.7106 11.4 23.6873
    endloop
  endfacet
  facet normal 0.944588 0.104587 0.31115
    outer loop
      vertex 14.638 12.1277 23.6634
      vertex 15.6493 11.4 20.8379
      vertex 15.5766 12.1277 20.814
    endloop
  endfacet
  facet normal -0.558277 -0.809018 -0.183894
    outer loop
      vertex 8.06693 8.79899 25.1838
      vertex 8.7856 8.36891 24.8941
      vertex 8.62917 8.36891 25.369
    endloop
  endfacet
  facet normal -0.558277 -0.809018 -0.183894
    outer loop
      vertex 8.7856 8.36891 24.8941
      vertex 8.06693 8.79899 25.1838
      vertex 8.22336 8.79899 24.7089
    endloop
  endfacet
  facet normal -0.558277 -0.809018 -0.183894
    outer loop
      vertex 9.16198 8.79899 21.8595
      vertex 10.6628 8.36891 19.1953
      vertex 9.72422 8.36891 22.0447
    endloop
  endfacet
  facet normal -0.558298 -0.809 -0.183909
    outer loop
      vertex 10.6628 8.36891 19.1953
      vertex 9.16198 8.79899 21.8595
      vertex 10.1006 8.79899 19.0101
    endloop
  endfacet
  facet normal -0.82254 -0.500009 -0.270958
    outer loop
      vertex 7.75834 9.34275 24.5557
      vertex 7.25442 9.97642 24.9161
      vertex 7.41086 9.97642 24.4412
    endloop
  endfacet
  facet normal -0.82254 -0.500019 -0.270941
    outer loop
      vertex 7.25442 9.97642 24.9161
      vertex 7.75834 9.34275 24.5557
      vertex 7.60191 9.34275 25.0306
    endloop
  endfacet
  facet normal -0.822557 -0.499977 -0.270968
    outer loop
      vertex 9.63558 9.34275 18.8569
      vertex 8.34948 9.97642 21.5918
      vertex 9.2881 9.97642 18.7425
    endloop
  endfacet
  facet normal -0.822542 -0.500009 -0.270953
    outer loop
      vertex 8.34948 9.97642 21.5918
      vertex 9.63558 9.34275 18.8569
      vertex 8.69696 9.34275 21.7063
    endloop
  endfacet
  facet normal 0.558293 -0.809 0.183923
    outer loop
      vertex 13.0485 8.36891 23.1398
      vertex 14.5494 8.79899 20.4756
      vertex 13.6107 8.79899 23.325
    endloop
  endfacet
  facet normal 0.55824 -0.809045 0.183886
    outer loop
      vertex 14.5494 8.79899 20.4756
      vertex 13.0485 8.36891 23.1398
      vertex 13.9871 8.36891 20.2904
    endloop
  endfacet
  facet normal 0.558252 -0.809045 0.18385
    outer loop
      vertex 11.9534 8.36891 26.464
      vertex 12.6721 8.79899 26.1743
      vertex 12.5157 8.79899 26.6492
    endloop
  endfacet
  facet normal 0.558276 -0.809 0.183976
    outer loop
      vertex 12.6721 8.79899 26.1743
      vertex 11.9534 8.36891 26.464
      vertex 12.1099 8.36891 25.9891
    endloop
  endfacet
  facet normal 0.903337 0.308934 0.297561
    outer loop
      vertex 15.5766 12.1277 20.814
      vertex 14.554 12.4 23.6357
      vertex 14.638 12.1277 23.6634
    endloop
  endfacet
  facet normal 0.903337 0.308934 0.297561
    outer loop
      vertex 14.554 12.4 23.6357
      vertex 15.5766 12.1277 20.814
      vertex 15.4926 12.4 20.7863
    endloop
  endfacet
  facet normal 0.903329 0.308835 0.297686
    outer loop
      vertex 13.6994 12.1277 26.5127
      vertex 13.4589 12.4 26.96
      vertex 13.5429 12.1277 26.9876
    endloop
  endfacet
  facet normal 0.903293 0.309135 0.297484
    outer loop
      vertex 13.4589 12.4 26.96
      vertex 13.6994 12.1277 26.5127
      vertex 13.6153 12.4 26.4851
    endloop
  endfacet
  facet normal 0.19746 0.978151 0.0650439
    outer loop
      vertex 13.2748 14.746 20.0557
      vertex 11.7338 14.8808 22.7067
      vertex 12.3362 14.746 22.9051
    endloop
  endfacet
  facet normal 0.197486 0.978144 0.0650595
    outer loop
      vertex 11.7338 14.8808 22.7067
      vertex 13.2748 14.746 20.0557
      vertex 12.6725 14.8808 19.8573
    endloop
  endfacet
  facet normal 0.197493 0.978144 0.0650407
    outer loop
      vertex 11.3975 14.746 25.7545
      vertex 10.6388 14.8808 26.031
      vertex 11.2411 14.746 26.2294
    endloop
  endfacet
  facet normal 0.197493 0.978144 0.0650407
    outer loop
      vertex 10.6388 14.8808 26.031
      vertex 11.3975 14.746 25.7545
      vertex 10.7952 14.8808 25.5561
    endloop
  endfacet
  facet normal -0.313063 0 0.949732
    outer loop
      vertex 11.2411 14.746 26.2294
      vertex 10.9799 12.6557 26.1433
      vertex 11.2411 12.4447 26.2294
    endloop
  endfacet
  facet normal -0.312889 -2.4042e-05 0.94979
    outer loop
      vertex 11.2411 14.746 26.2294
      vertex 10.6478 12.8006 26.0339
      vertex 10.9799 12.6557 26.1433
    endloop
  endfacet
  facet normal -0.312873 -2.95404e-05 0.949795
    outer loop
      vertex 10.6388 14.8808 26.031
      vertex 10.6478 12.8006 26.0339
      vertex 11.2411 14.746 26.2294
    endloop
  endfacet
  facet normal -0.312792 -2.91554e-05 0.949822
    outer loop
      vertex 10.6388 14.8808 26.031
      vertex 10.2913 12.85 25.9165
      vertex 10.6478 12.8006 26.0339
    endloop
  endfacet
  facet normal -0.312954 1.54104e-06 0.949768
    outer loop
      vertex 9.94382 14.8808 25.802
      vertex 10.2913 12.85 25.9165
      vertex 10.6388 14.8808 26.031
    endloop
  endfacet
  facet normal -0.312839 2.33637e-05 0.949806
    outer loop
      vertex 9.94382 14.8808 25.802
      vertex 9.93486 12.8006 25.7991
      vertex 10.2913 12.85 25.9165
    endloop
  endfacet
  facet normal -0.312848 2.34046e-05 0.949803
    outer loop
      vertex 9.26405 14.7287 25.5781
      vertex 9.93486 12.8006 25.7991
      vertex 9.94382 14.8808 25.802
    endloop
  endfacet
  facet normal -0.312836 2.80917e-05 0.949807
    outer loop
      vertex 8.62917 14.4311 25.369
      vertex 9.93486 12.8006 25.7991
      vertex 9.26405 14.7287 25.5781
    endloop
  endfacet
  facet normal -0.312845 1.97937e-05 0.949804
    outer loop
      vertex 9.93486 12.8006 25.7991
      vertex 8.62917 14.4311 25.369
      vertex 9.60271 12.6557 25.6897
    endloop
  endfacet
  facet normal -0.312866 7.2127e-06 0.949797
    outer loop
      vertex 8.06693 14.001 25.1838
      vertex 9.60271 12.6557 25.6897
      vertex 8.62917 14.4311 25.369
    endloop
  endfacet
  facet normal -0.312938 -8.42978e-05 0.949774
    outer loop
      vertex 9.60271 12.6557 25.6897
      vertex 8.06693 14.001 25.1838
      vertex 9.31748 12.4253 25.5957
    endloop
  endfacet
  facet normal -0.312875 -2.8587e-05 0.949794
    outer loop
      vertex 7.60191 13.4572 25.0306
      vertex 9.31748 12.4253 25.5957
      vertex 8.06693 14.001 25.1838
    endloop
  endfacet
  facet normal -0.312865 -1.17405e-05 0.949797
    outer loop
      vertex 9.31748 12.4253 25.5957
      vertex 7.60191 13.4572 25.0306
      vertex 9.09861 12.125 25.5236
    endloop
  endfacet
  facet normal -0.312875 6.74487e-05 0.949794
    outer loop
      vertex 11.6685 11.4 26.3702
      vertex 13.6156 11.4 27.0116
      vertex 13.5429 12.1277 26.9876
    endloop
  endfacet
  facet normal -0.312836 -0.000233203 0.949807
    outer loop
      vertex 11.6216 11.7753 26.3547
      vertex 13.5429 12.1277 26.9876
      vertex 13.4589 12.4 26.96
    endloop
  endfacet
  facet normal -0.312875 -6.74487e-05 0.949794
    outer loop
      vertex 13.6156 11.4 27.0116
      vertex 11.6685 11.4 26.3702
      vertex 13.5429 10.6723 26.9876
    endloop
  endfacet
  facet normal -0.312895 -0.000125086 0.949788
    outer loop
      vertex 11.6216 11.0247 26.3547
      vertex 13.5429 10.6723 26.9876
      vertex 11.6685 11.4 26.3702
    endloop
  endfacet
  facet normal -0.312851 6.37524e-05 0.949802
    outer loop
      vertex 11.484 10.675 26.3094
      vertex 13.3282 9.97642 26.9169
      vertex 11.6216 11.0247 26.3547
    endloop
  endfacet
  facet normal -0.312886 -3.67771e-05 0.949791
    outer loop
      vertex 13.3282 9.97642 26.9169
      vertex 11.484 10.675 26.3094
      vertex 12.9807 9.34275 26.8024
    endloop
  endfacet
  facet normal -0.312869 3.20845e-05 0.949796
    outer loop
      vertex 13.5429 10.6723 26.9876
      vertex 11.6216 11.0247 26.3547
      vertex 13.3282 9.97642 26.9169
    endloop
  endfacet
  facet normal -0.312895 0.000125086 0.949788
    outer loop
      vertex 13.5429 12.1277 26.9876
      vertex 11.6216 11.7753 26.3547
      vertex 11.6685 11.4 26.3702
    endloop
  endfacet
  facet normal -0.312883 -7.76953e-05 0.949792
    outer loop
      vertex 13.4589 12.4 26.96
      vertex 11.484 12.125 26.3094
      vertex 11.6216 11.7753 26.3547
    endloop
  endfacet
  facet normal -0.312886 -5.84919e-05 0.949791
    outer loop
      vertex 11.484 12.125 26.3094
      vertex 13.4589 12.4 26.96
      vertex 11.2836 12.4 26.2434
    endloop
  endfacet
  facet normal -0.31285 7.21559e-06 0.949802
    outer loop
      vertex 11.2651 10.3747 26.2373
      vertex 12.9807 9.34275 26.8024
      vertex 11.484 10.675 26.3094
    endloop
  endfacet
  facet normal -0.312875 -3.92764e-05 0.949794
    outer loop
      vertex 12.9807 9.34275 26.8024
      vertex 11.2651 10.3747 26.2373
      vertex 12.5157 8.79899 26.6492
    endloop
  endfacet
  facet normal -0.312952 -0.000106267 0.949769
    outer loop
      vertex 10.9799 10.1443 26.1433
      vertex 12.5157 8.79899 26.6492
      vertex 11.2651 10.3747 26.2373
    endloop
  endfacet
  facet normal -0.312848 2.50759e-05 0.949803
    outer loop
      vertex 12.5157 8.79899 26.6492
      vertex 10.9799 10.1443 26.1433
      vertex 11.9534 8.36891 26.464
    endloop
  endfacet
  facet normal -0.312881 4.64069e-06 0.949792
    outer loop
      vertex 10.6478 9.99941 26.0339
      vertex 11.9534 8.36891 26.464
      vertex 10.9799 10.1443 26.1433
    endloop
  endfacet
  facet normal -0.312867 1.76936e-05 0.949797
    outer loop
      vertex 11.9534 8.36891 26.464
      vertex 10.6478 9.99941 26.0339
      vertex 11.3186 8.0713 26.2549
    endloop
  endfacet
  facet normal -0.312837 2.9366e-05 0.949807
    outer loop
      vertex 10.6478 9.99941 26.0339
      vertex 10.6388 7.91917 26.031
      vertex 11.3186 8.0713 26.2549
    endloop
  endfacet
  facet normal -0.312792 2.91549e-05 0.949822
    outer loop
      vertex 10.2913 9.95 25.9165
      vertex 10.6388 7.91917 26.031
      vertex 10.6478 9.99941 26.0339
    endloop
  endfacet
  facet normal -0.312954 -1.54102e-06 0.949768
    outer loop
      vertex 10.2913 9.95 25.9165
      vertex 9.94382 7.91917 25.802
      vertex 10.6388 7.91917 26.031
    endloop
  endfacet
  facet normal -0.312839 -2.33633e-05 0.949806
    outer loop
      vertex 9.93486 9.99941 25.7991
      vertex 9.94382 7.91917 25.802
      vertex 10.2913 9.95 25.9165
    endloop
  endfacet
  facet normal -0.312845 -1.97941e-05 0.949804
    outer loop
      vertex 8.62917 8.36891 25.369
      vertex 9.93486 9.99941 25.7991
      vertex 9.60271 10.1443 25.6897
    endloop
  endfacet
  facet normal -0.312938 8.42975e-05 0.949774
    outer loop
      vertex 8.06693 8.79899 25.1838
      vertex 9.60271 10.1443 25.6897
      vertex 9.31748 10.3747 25.5957
    endloop
  endfacet
  facet normal -0.312848 -2.34042e-05 0.949803
    outer loop
      vertex 9.93486 9.99941 25.7991
      vertex 9.26405 8.0713 25.5781
      vertex 9.94382 7.91917 25.802
    endloop
  endfacet
  facet normal -0.312865 1.17403e-05 0.949797
    outer loop
      vertex 7.60191 9.34275 25.0306
      vertex 9.31748 10.3747 25.5957
      vertex 9.09861 10.675 25.5236
    endloop
  endfacet
  facet normal -0.312858 -4.87612e-05 0.9498
    outer loop
      vertex 7.25442 9.97642 24.9161
      vertex 9.09861 10.675 25.5236
      vertex 8.96103 11.0247 25.4783
    endloop
  endfacet
  facet normal -0.312882 0.00010183 0.949792
    outer loop
      vertex 7.03967 10.6723 24.8454
      vertex 8.96103 11.0247 25.4783
      vertex 8.9141 11.4 25.4628
    endloop
  endfacet
  facet normal -0.312836 -2.80915e-05 0.949807
    outer loop
      vertex 9.93486 9.99941 25.7991
      vertex 8.62917 8.36891 25.369
      vertex 9.26405 8.0713 25.5781
    endloop
  endfacet
  facet normal -0.312888 -4.00985e-05 0.94979
    outer loop
      vertex 7.25442 12.8236 24.9161
      vertex 9.09861 12.125 25.5236
      vertex 7.60191 13.4572 25.0306
    endloop
  endfacet
  facet normal -0.312858 4.87611e-05 0.9498
    outer loop
      vertex 9.09861 12.125 25.5236
      vertex 7.25442 12.8236 24.9161
      vertex 8.96103 11.7753 25.4783
    endloop
  endfacet
  facet normal -0.312857 5.05056e-05 0.9498
    outer loop
      vertex 7.03967 12.1277 24.8454
      vertex 8.96103 11.7753 25.4783
      vertex 7.25442 12.8236 24.9161
    endloop
  endfacet
  facet normal -0.312882 -0.00010183 0.949792
    outer loop
      vertex 8.96103 11.7753 25.4783
      vertex 7.03967 12.1277 24.8454
      vertex 8.9141 11.4 25.4628
    endloop
  endfacet
  facet normal -0.312866 -7.21283e-06 0.949797
    outer loop
      vertex 9.60271 10.1443 25.6897
      vertex 8.06693 8.79899 25.1838
      vertex 8.62917 8.36891 25.369
    endloop
  endfacet
  facet normal -0.312888 4.00951e-05 0.94979
    outer loop
      vertex 9.09861 10.675 25.5236
      vertex 7.25442 9.97642 24.9161
      vertex 7.60191 9.34275 25.0306
    endloop
  endfacet
  facet normal -0.312875 2.85879e-05 0.949794
    outer loop
      vertex 9.31748 10.3747 25.5957
      vertex 7.60191 9.34275 25.0306
      vertex 8.06693 8.79899 25.1838
    endloop
  endfacet
  facet normal -0.312878 -8.86252e-05 0.949793
    outer loop
      vertex 6.96702 11.4 24.8214
      vertex 8.9141 11.4 25.4628
      vertex 7.03967 12.1277 24.8454
    endloop
  endfacet
  facet normal -0.312857 -5.05069e-05 0.9498
    outer loop
      vertex 8.96103 11.0247 25.4783
      vertex 7.03967 10.6723 24.8454
      vertex 7.25442 9.97642 24.9161
    endloop
  endfacet
  facet normal -0.312878 8.86252e-05 0.949793
    outer loop
      vertex 8.9141 11.4 25.4628
      vertex 6.96702 11.4 24.8214
      vertex 7.03967 10.6723 24.8454
    endloop
  endfacet
  facet normal 0.822595 -0.499899 0.270994
    outer loop
      vertex 14.0758 9.34275 23.4782
      vertex 15.3619 9.97642 20.7432
      vertex 14.4232 9.97642 23.5926
    endloop
  endfacet
  facet normal 0.82255 -0.499997 0.27095
    outer loop
      vertex 15.3619 9.97642 20.7432
      vertex 14.0758 9.34275 23.4782
      vertex 15.0144 9.34275 20.6288
    endloop
  endfacet
  facet normal 0.82255 -0.500029 0.270892
    outer loop
      vertex 12.9807 9.34275 26.8024
      vertex 13.4846 9.97642 26.442
      vertex 13.3282 9.97642 26.9169
    endloop
  endfacet
  facet normal 0.82255 -0.500029 0.270892
    outer loop
      vertex 13.4846 9.97642 26.442
      vertex 12.9807 9.34275 26.8024
      vertex 13.1371 9.34275 26.3275
    endloop
  endfacet
  facet normal 0 -1 0
    outer loop
      vertex 9.94382 7.91917 25.802
      vertex 10.7952 7.91917 25.5561
      vertex 10.6388 7.91917 26.031
    endloop
  endfacet
  facet normal -0 -1 0
    outer loop
      vertex 10.7952 7.91917 25.5561
      vertex 9.94382 7.91917 25.802
      vertex 10.1003 7.91917 25.3271
    endloop
  endfacet
  facet normal 0 -1 0
    outer loop
      vertex 11.0389 7.91917 22.4778
      vertex 12.6725 7.91917 19.8573
      vertex 11.7338 7.91917 22.7067
    endloop
  endfacet
  facet normal -0 -1 0
    outer loop
      vertex 12.6725 7.91917 19.8573
      vertex 11.0389 7.91917 22.4778
      vertex 11.9775 7.91917 19.6284
    endloop
  endfacet
  facet normal -0.944571 -0.104523 -0.311223
    outer loop
      vertex 7.19611 10.6723 24.3705
      vertex 6.96702 11.4 24.8214
      vertex 7.12346 11.4 24.3466
    endloop
  endfacet
  facet normal -0.944587 -0.104565 -0.311163
    outer loop
      vertex 6.96702 11.4 24.8214
      vertex 7.19611 10.6723 24.3705
      vertex 7.03967 10.6723 24.8454
    endloop
  endfacet
  facet normal -0.944593 -0.104523 -0.311158
    outer loop
      vertex 9.07335 10.6723 18.6717
      vertex 8.06208 11.4 21.4972
      vertex 9.0007 11.4 18.6478
    endloop
  endfacet
  facet normal -0.944593 -0.10451 -0.311161
    outer loop
      vertex 8.06208 11.4 21.4972
      vertex 9.07335 10.6723 18.6717
      vertex 8.13472 10.6723 21.5211
    endloop
  endfacet
  facet normal 0.312938 0.000119045 -0.949773
    outer loop
      vertex 15.5766 10.6723 20.814
      vertex 13.6553 11.0247 20.181
      vertex 13.7022 11.4 20.1965
    endloop
  endfacet
  facet normal 0.312826 -5.25299e-05 -0.949811
    outer loop
      vertex 14.5494 8.79899 20.4756
      vertex 13.5177 10.675 20.1357
      vertex 13.6553 11.0247 20.181
    endloop
  endfacet
  facet normal 0.312927 5.46668e-05 -0.949777
    outer loop
      vertex 12.6814 9.99941 19.8603
      vertex 13.9871 8.36891 20.2904
      vertex 13.3522 8.0713 20.0812
    endloop
  endfacet
  facet normal 0.312872 -2.4441e-05 -0.949795
    outer loop
      vertex 14.5494 8.79899 20.4756
      vertex 13.2988 10.3747 20.0636
      vertex 13.5177 10.675 20.1357
    endloop
  endfacet
  facet normal 0.312795 -9.15138e-05 -0.949821
    outer loop
      vertex 14.5494 8.79899 20.4756
      vertex 13.0136 10.1443 19.9697
      vertex 13.2988 10.3747 20.0636
    endloop
  endfacet
  facet normal 0.312813 -4.63188e-05 -0.949815
    outer loop
      vertex 13.9871 8.36891 20.2904
      vertex 12.6814 9.99941 19.8603
      vertex 13.0136 10.1443 19.9697
    endloop
  endfacet
  facet normal 0.312866 3.11918e-05 -0.949797
    outer loop
      vertex 12.6725 7.91917 19.8573
      vertex 12.6814 9.99941 19.8603
      vertex 13.3522 8.0713 20.0812
    endloop
  endfacet
  facet normal 0.313105 3.00569e-05 -0.949719
    outer loop
      vertex 12.6725 7.91917 19.8573
      vertex 12.325 9.95 19.7428
      vertex 12.6814 9.99941 19.8603
    endloop
  endfacet
  facet normal 0.312823 -2.33848e-05 -0.949812
    outer loop
      vertex 11.9775 7.91917 19.6284
      vertex 12.325 9.95 19.7428
      vertex 12.6725 7.91917 19.8573
    endloop
  endfacet
  facet normal 0.312787 -1.65318e-05 -0.949823
    outer loop
      vertex 11.9775 7.91917 19.6284
      vertex 11.9685 9.99941 19.6254
      vertex 12.325 9.95 19.7428
    endloop
  endfacet
  facet normal 0.312953 -1.57311e-05 -0.949768
    outer loop
      vertex 11.2977 8.0713 19.4044
      vertex 11.9685 9.99941 19.6254
      vertex 11.9775 7.91917 19.6284
    endloop
  endfacet
  facet normal 0.312829 3.24343e-05 -0.94981
    outer loop
      vertex 10.6628 8.36891 19.1953
      vertex 11.9685 9.99941 19.6254
      vertex 11.2977 8.0713 19.4044
    endloop
  endfacet
  facet normal 0.312876 -9.5802e-06 -0.949794
    outer loop
      vertex 11.9685 9.99941 19.6254
      vertex 10.6628 8.36891 19.1953
      vertex 11.6364 10.1443 19.516
    endloop
  endfacet
  facet normal 0.312875 -8.8353e-06 -0.949794
    outer loop
      vertex 10.1006 8.79899 19.0101
      vertex 11.6364 10.1443 19.516
      vertex 10.6628 8.36891 19.1953
    endloop
  endfacet
  facet normal 0.312795 9.15138e-05 -0.949821
    outer loop
      vertex 11.6364 10.1443 19.516
      vertex 10.1006 8.79899 19.0101
      vertex 11.3512 10.3747 19.4221
    endloop
  endfacet
  facet normal 0.312902 -2.47402e-06 -0.949785
    outer loop
      vertex 9.63558 9.34275 18.8569
      vertex 11.3512 10.3747 19.4221
      vertex 10.1006 8.79899 19.0101
    endloop
  endfacet
  facet normal 0.312883 3.34217e-05 -0.949792
    outer loop
      vertex 11.3512 10.3747 19.4221
      vertex 9.63558 9.34275 18.8569
      vertex 11.1323 10.675 19.35
    endloop
  endfacet
  facet normal 0.312875 -6.30714e-05 -0.949794
    outer loop
      vertex 13.7022 11.4 20.1965
      vertex 15.6493 11.4 20.8379
      vertex 15.5766 10.6723 20.814
    endloop
  endfacet
  facet normal 0.312875 6.30714e-05 -0.949794
    outer loop
      vertex 15.6493 11.4 20.8379
      vertex 13.7022 11.4 20.1965
      vertex 15.5766 12.1277 20.814
    endloop
  endfacet
  facet normal 0.312932 8.26567e-05 -0.949775
    outer loop
      vertex 13.6553 11.0247 20.181
      vertex 15.5766 10.6723 20.814
      vertex 15.3619 9.97642 20.7432
    endloop
  endfacet
  facet normal 0.312839 -8.50536e-05 -0.949806
    outer loop
      vertex 13.6553 11.0247 20.181
      vertex 15.3619 9.97642 20.7432
      vertex 15.0144 9.34275 20.6288
    endloop
  endfacet
  facet normal 0.312925 -8.04213e-06 -0.949778
    outer loop
      vertex 13.6553 11.0247 20.181
      vertex 15.0144 9.34275 20.6288
      vertex 14.5494 8.79899 20.4756
    endloop
  endfacet
  facet normal 0.312848 -2.50759e-05 -0.949803
    outer loop
      vertex 13.0136 10.1443 19.9697
      vertex 14.5494 8.79899 20.4756
      vertex 13.9871 8.36891 20.2904
    endloop
  endfacet
  facet normal 0.312938 -0.000119045 -0.949773
    outer loop
      vertex 13.6553 11.7753 20.181
      vertex 15.5766 12.1277 20.814
      vertex 13.7022 11.4 20.1965
    endloop
  endfacet
  facet normal 0.312932 -8.24911e-05 -0.949775
    outer loop
      vertex 15.5766 12.1277 20.814
      vertex 13.6553 11.7753 20.181
      vertex 15.4926 12.4 20.7863
    endloop
  endfacet
  facet normal 0.312883 7.76953e-05 -0.949792
    outer loop
      vertex 13.5177 12.125 20.1357
      vertex 15.4926 12.4 20.7863
      vertex 13.6553 11.7753 20.181
    endloop
  endfacet
  facet normal 0.312886 5.84919e-05 -0.949791
    outer loop
      vertex 15.4926 12.4 20.7863
      vertex 13.5177 12.125 20.1357
      vertex 13.3173 12.4 20.0697
    endloop
  endfacet
  facet normal 0.312735 0 -0.949841
    outer loop
      vertex 13.0136 12.6557 19.9697
      vertex 13.2748 14.746 20.0557
      vertex 13.2748 12.4447 20.0557
    endloop
  endfacet
  facet normal 0.312792 -7.88658e-06 -0.949822
    outer loop
      vertex 12.6814 12.8006 19.8603
      vertex 13.2748 14.746 20.0557
      vertex 13.0136 12.6557 19.9697
    endloop
  endfacet
  facet normal 0.312861 -3.12172e-05 -0.949799
    outer loop
      vertex 12.6814 12.8006 19.8603
      vertex 12.6725 14.8808 19.8573
      vertex 13.2748 14.746 20.0557
    endloop
  endfacet
  facet normal 0.313105 -3.00575e-05 -0.949719
    outer loop
      vertex 12.325 12.85 19.7428
      vertex 12.6725 14.8808 19.8573
      vertex 12.6814 12.8006 19.8603
    endloop
  endfacet
  facet normal 0.312823 2.33852e-05 -0.949812
    outer loop
      vertex 12.325 12.85 19.7428
      vertex 11.9775 14.8808 19.6284
      vertex 12.6725 14.8808 19.8573
    endloop
  endfacet
  facet normal 0.312787 1.65321e-05 -0.949823
    outer loop
      vertex 11.9685 12.8006 19.6254
      vertex 11.9775 14.8808 19.6284
      vertex 12.325 12.85 19.7428
    endloop
  endfacet
  facet normal 0.312876 9.58003e-06 -0.949794
    outer loop
      vertex 10.6628 14.4311 19.1953
      vertex 11.9685 12.8006 19.6254
      vertex 11.6364 12.6557 19.516
    endloop
  endfacet
  facet normal 0.312795 -9.15142e-05 -0.949821
    outer loop
      vertex 10.1006 14.001 19.0101
      vertex 11.6364 12.6557 19.516
      vertex 11.3512 12.4253 19.4221
    endloop
  endfacet
  facet normal 0.312953 1.57314e-05 -0.949768
    outer loop
      vertex 11.9685 12.8006 19.6254
      vertex 11.2977 14.7287 19.4044
      vertex 11.9775 14.8808 19.6284
    endloop
  endfacet
  facet normal 0.312883 -3.34222e-05 -0.949792
    outer loop
      vertex 9.63558 13.4572 18.8569
      vertex 11.3512 12.4253 19.4221
      vertex 11.1323 12.125 19.35
    endloop
  endfacet
  facet normal 0.312932 0.000172616 -0.949776
    outer loop
      vertex 9.2881 12.8236 18.7425
      vertex 11.1323 12.125 19.35
      vertex 10.9947 11.7753 19.3046
    endloop
  endfacet
  facet normal 0.312847 -0.000121325 -0.949804
    outer loop
      vertex 9.07335 12.1277 18.6717
      vertex 10.9947 11.7753 19.3046
      vertex 10.9478 11.4 19.2892
    endloop
  endfacet
  facet normal 0.312829 -3.24346e-05 -0.94981
    outer loop
      vertex 11.9685 12.8006 19.6254
      vertex 10.6628 14.4311 19.1953
      vertex 11.2977 14.7287 19.4044
    endloop
  endfacet
  facet normal 0.312846 7.9155e-05 -0.949804
    outer loop
      vertex 9.2881 9.97642 18.7425
      vertex 11.1323 10.675 19.35
      vertex 9.63558 9.34275 18.8569
    endloop
  endfacet
  facet normal 0.312932 -0.000172616 -0.949776
    outer loop
      vertex 11.1323 10.675 19.35
      vertex 9.2881 9.97642 18.7425
      vertex 10.9947 11.0247 19.3046
    endloop
  endfacet
  facet normal 0.31288 -7.81943e-05 -0.949793
    outer loop
      vertex 9.07335 10.6723 18.6717
      vertex 10.9947 11.0247 19.3046
      vertex 9.2881 9.97642 18.7425
    endloop
  endfacet
  facet normal 0.312847 0.000121325 -0.949804
    outer loop
      vertex 10.9947 11.0247 19.3046
      vertex 9.07335 10.6723 18.6717
      vertex 10.9478 11.4 19.2892
    endloop
  endfacet
  facet normal 0.312875 8.83514e-06 -0.949794
    outer loop
      vertex 11.6364 12.6557 19.516
      vertex 10.1006 14.001 19.0101
      vertex 10.6628 14.4311 19.1953
    endloop
  endfacet
  facet normal 0.312846 -7.91618e-05 -0.949804
    outer loop
      vertex 11.1323 12.125 19.35
      vertex 9.2881 12.8236 18.7425
      vertex 9.63558 13.4572 18.8569
    endloop
  endfacet
  facet normal 0.312902 2.47395e-06 -0.949785
    outer loop
      vertex 11.3512 12.4253 19.4221
      vertex 9.63558 13.4572 18.8569
      vertex 10.1006 14.001 19.0101
    endloop
  endfacet
  facet normal 0.312875 4.15739e-05 -0.949794
    outer loop
      vertex 9.0007 11.4 18.6478
      vertex 10.9478 11.4 19.2892
      vertex 9.07335 10.6723 18.6717
    endloop
  endfacet
  facet normal 0.31288 7.81922e-05 -0.949793
    outer loop
      vertex 10.9947 11.7753 19.3046
      vertex 9.07335 12.1277 18.6717
      vertex 9.2881 12.8236 18.7425
    endloop
  endfacet
  facet normal 0.312875 -4.15739e-05 -0.949794
    outer loop
      vertex 10.9478 11.4 19.2892
      vertex 9.0007 11.4 18.6478
      vertex 9.07335 12.1277 18.6717
    endloop
  endfacet
  facet normal -0.705837 -0.669132 -0.2325
    outer loop
      vertex 8.22336 8.79899 24.7089
      vertex 7.60191 9.34275 25.0306
      vertex 7.75834 9.34275 24.5557
    endloop
  endfacet
  facet normal -0.705837 -0.669132 -0.2325
    outer loop
      vertex 7.60191 9.34275 25.0306
      vertex 8.22336 8.79899 24.7089
      vertex 8.06693 8.79899 25.1838
    endloop
  endfacet
  facet normal -0.705834 -0.669132 -0.232509
    outer loop
      vertex 10.1006 8.79899 19.0101
      vertex 8.69696 9.34275 21.7063
      vertex 9.63558 9.34275 18.8569
    endloop
  endfacet
  facet normal -0.705834 -0.669132 -0.232509
    outer loop
      vertex 8.69696 9.34275 21.7063
      vertex 10.1006 8.79899 19.0101
      vertex 9.16198 8.79899 21.8595
    endloop
  endfacet
  facet normal 0.197476 -0.978148 0.0650353
    outer loop
      vertex 10.6388 7.91917 26.031
      vertex 11.475 8.0713 25.78
      vertex 11.3186 8.0713 26.2549
    endloop
  endfacet
  facet normal 0.197476 -0.978148 0.0650353
    outer loop
      vertex 11.475 8.0713 25.78
      vertex 10.6388 7.91917 26.031
      vertex 10.7952 7.91917 25.5561
    endloop
  endfacet
  facet normal 0.197472 -0.978148 0.0650478
    outer loop
      vertex 11.7338 7.91917 22.7067
      vertex 13.3522 8.0713 20.0812
      vertex 12.4136 8.0713 22.9306
    endloop
  endfacet
  facet normal 0.197495 -0.978142 0.0650623
    outer loop
      vertex 13.3522 8.0713 20.0812
      vertex 11.7338 7.91917 22.7067
      vertex 12.6725 7.91917 19.8573
    endloop
  endfacet
  facet normal 0.386301 -0.913553 0.127248
    outer loop
      vertex 12.4136 8.0713 22.9306
      vertex 13.9871 8.36891 20.2904
      vertex 13.0485 8.36891 23.1398
    endloop
  endfacet
  facet normal 0.386301 -0.913553 0.127248
    outer loop
      vertex 13.9871 8.36891 20.2904
      vertex 12.4136 8.0713 22.9306
      vertex 13.3522 8.0713 20.0812
    endloop
  endfacet
  facet normal 0.386345 -0.913525 0.127317
    outer loop
      vertex 11.3186 8.0713 26.2549
      vertex 12.1099 8.36891 25.9891
      vertex 11.9534 8.36891 26.464
    endloop
  endfacet
  facet normal 0.386324 -0.913546 0.127229
    outer loop
      vertex 12.1099 8.36891 25.9891
      vertex 11.3186 8.0713 26.2549
      vertex 11.475 8.0713 25.78
    endloop
  endfacet
  facet normal 0.903287 -0.309094 0.297545
    outer loop
      vertex 14.4232 9.97642 23.5926
      vertex 15.5766 10.6723 20.814
      vertex 14.638 10.6723 23.6634
    endloop
  endfacet
  facet normal 0.903314 -0.308977 0.297586
    outer loop
      vertex 15.5766 10.6723 20.814
      vertex 14.4232 9.97642 23.5926
      vertex 15.3619 9.97642 20.7432
    endloop
  endfacet
  facet normal 0.903298 -0.308938 0.297675
    outer loop
      vertex 13.3282 9.97642 26.9169
      vertex 13.6994 10.6723 26.5127
      vertex 13.5429 10.6723 26.9876
    endloop
  endfacet
  facet normal 0.903318 -0.309055 0.297492
    outer loop
      vertex 13.6994 10.6723 26.5127
      vertex 13.3282 9.97642 26.9169
      vertex 13.4846 9.97642 26.442
    endloop
  endfacet
  facet normal -0.197474 -0.978146 -0.0650678
    outer loop
      vertex 9.26405 8.0713 25.5781
      vertex 10.1003 7.91917 25.3271
      vertex 9.94382 7.91917 25.802
    endloop
  endfacet
  facet normal -0.197467 -0.978149 -0.0650449
    outer loop
      vertex 10.1003 7.91917 25.3271
      vertex 9.26405 8.0713 25.5781
      vertex 9.42048 8.0713 25.1032
    endloop
  endfacet
  facet normal -0.197464 -0.97815 -0.0650451
    outer loop
      vertex 10.3591 8.0713 22.2538
      vertex 11.9775 7.91917 19.6284
      vertex 11.0389 7.91917 22.4778
    endloop
  endfacet
  facet normal -0.197464 -0.97815 -0.0650451
    outer loop
      vertex 11.9775 7.91917 19.6284
      vertex 10.3591 8.0713 22.2538
      vertex 11.2977 8.0713 19.4044
    endloop
  endfacet
  facet normal -0.903313 -0.308997 -0.297567
    outer loop
      vertex 7.41086 9.97642 24.4412
      vertex 7.03967 10.6723 24.8454
      vertex 7.19611 10.6723 24.3705
    endloop
  endfacet
  facet normal -0.903313 -0.308997 -0.297567
    outer loop
      vertex 7.03967 10.6723 24.8454
      vertex 7.41086 9.97642 24.4412
      vertex 7.25442 9.97642 24.9161
    endloop
  endfacet
  facet normal -0.903302 -0.309035 -0.29756
    outer loop
      vertex 9.2881 9.97642 18.7425
      vertex 8.13472 10.6723 21.5211
      vertex 9.07335 10.6723 18.6717
    endloop
  endfacet
  facet normal -0.903309 -0.309008 -0.297569
    outer loop
      vertex 8.13472 10.6723 21.5211
      vertex 9.2881 9.97642 18.7425
      vertex 8.34948 9.97642 21.5918
    endloop
  endfacet
  facet normal 0.705863 -0.669118 0.232463
    outer loop
      vertex 12.5157 8.79899 26.6492
      vertex 13.1371 9.34275 26.3275
      vertex 12.9807 9.34275 26.8024
    endloop
  endfacet
  facet normal 0.705863 -0.669118 0.232463
    outer loop
      vertex 13.1371 9.34275 26.3275
      vertex 12.5157 8.79899 26.6492
      vertex 12.6721 8.79899 26.1743
    endloop
  endfacet
  facet normal 0.705787 -0.66919 0.232488
    outer loop
      vertex 13.6107 8.79899 23.325
      vertex 15.0144 9.34275 20.6288
      vertex 14.0758 9.34275 23.4782
    endloop
  endfacet
  facet normal 0.705841 -0.669118 0.232531
    outer loop
      vertex 15.0144 9.34275 20.6288
      vertex 13.6107 8.79899 23.325
      vertex 14.5494 8.79899 20.4756
    endloop
  endfacet
  facet normal -0.386326 -0.913542 -0.127254
    outer loop
      vertex 8.62917 8.36891 25.369
      vertex 9.42048 8.0713 25.1032
      vertex 9.26405 8.0713 25.5781
    endloop
  endfacet
  facet normal -0.386326 -0.913542 -0.127254
    outer loop
      vertex 9.42048 8.0713 25.1032
      vertex 8.62917 8.36891 25.369
      vertex 8.7856 8.36891 24.8941
    endloop
  endfacet
  facet normal -0.386325 -0.913542 -0.127256
    outer loop
      vertex 9.72422 8.36891 22.0447
      vertex 11.2977 8.0713 19.4044
      vertex 10.3591 8.0713 22.2538
    endloop
  endfacet
  facet normal -0.386316 -0.913546 -0.127251
    outer loop
      vertex 11.2977 8.0713 19.4044
      vertex 9.72422 8.36891 22.0447
      vertex 10.6628 8.36891 19.1953
    endloop
  endfacet
  facet normal 0.822378 0.500296 0.270922
    outer loop
      vertex 15.3619 200.024 20.7432
      vertex 14.0758 200.657 23.4782
      vertex 14.4232 200.024 23.5926
    endloop
  endfacet
  facet normal 0.822333 0.500394 0.270879
    outer loop
      vertex 14.0758 200.657 23.4782
      vertex 15.3619 200.024 20.7432
      vertex 15.0144 200.657 20.6288
    endloop
  endfacet
  facet normal 0.822332 0.500426 0.270821
    outer loop
      vertex 13.4846 200.024 26.442
      vertex 12.9807 200.657 26.8024
      vertex 13.3282 200.024 26.9169
    endloop
  endfacet
  facet normal 0.822332 0.500426 0.270821
    outer loop
      vertex 12.9807 200.657 26.8024
      vertex 13.4846 200.024 26.442
      vertex 13.1371 200.657 26.3275
    endloop
  endfacet
  facet normal -0.903317 0.308987 -0.297565
    outer loop
      vertex 8.13472 199.328 21.5211
      vertex 9.2881 200.024 18.7425
      vertex 9.07335 199.328 18.6717
    endloop
  endfacet
  facet normal -0.903324 0.30896 -0.297574
    outer loop
      vertex 9.2881 200.024 18.7425
      vertex 8.13472 199.328 21.5211
      vertex 8.34948 200.024 21.5918
    endloop
  endfacet
  facet normal -0.903328 0.308948 -0.297571
    outer loop
      vertex 7.03967 199.328 24.8454
      vertex 7.41086 200.024 24.4412
      vertex 7.19611 199.328 24.3705
    endloop
  endfacet
  facet normal -0.903328 0.308948 -0.297571
    outer loop
      vertex 7.41086 200.024 24.4412
      vertex 7.03967 199.328 24.8454
      vertex 7.25442 200.024 24.9161
    endloop
  endfacet
  facet normal 0.705926 0.669026 0.232534
    outer loop
      vertex 15.0144 200.657 20.6288
      vertex 13.6107 201.201 23.325
      vertex 14.0758 200.657 23.4782
    endloop
  endfacet
  facet normal 0.70598 0.668955 0.232576
    outer loop
      vertex 13.6107 201.201 23.325
      vertex 15.0144 200.657 20.6288
      vertex 14.5494 201.201 20.4756
    endloop
  endfacet
  facet normal 0.706002 0.668955 0.232509
    outer loop
      vertex 13.1371 200.657 26.3275
      vertex 12.5157 201.201 26.6492
      vertex 12.9807 200.657 26.8024
    endloop
  endfacet
  facet normal 0.706002 0.668955 0.232509
    outer loop
      vertex 12.5157 201.201 26.6492
      vertex 13.1371 200.657 26.3275
      vertex 12.6721 201.201 26.1743
    endloop
  endfacet
  facet normal 0.197311 0.978184 0.0649946
    outer loop
      vertex 13.3522 201.929 20.0812
      vertex 11.7338 202.081 22.7067
      vertex 12.4136 201.929 22.9306
    endloop
  endfacet
  facet normal 0.197334 0.978179 0.0650091
    outer loop
      vertex 11.7338 202.081 22.7067
      vertex 13.3522 201.929 20.0812
      vertex 12.6725 202.081 19.8573
    endloop
  endfacet
  facet normal 0.197315 0.978184 0.0649821
    outer loop
      vertex 11.475 201.929 25.78
      vertex 10.6388 202.081 26.031
      vertex 11.3186 201.929 26.2549
    endloop
  endfacet
  facet normal 0.197315 0.978184 0.0649821
    outer loop
      vertex 10.6388 202.081 26.031
      vertex 11.475 201.929 25.78
      vertex 10.7952 202.081 25.5561
    endloop
  endfacet
  facet normal -0.197302 0.978186 -0.0649919
    outer loop
      vertex 11.9775 202.081 19.6284
      vertex 10.3591 201.929 22.2538
      vertex 11.0389 202.081 22.4778
    endloop
  endfacet
  facet normal -0.197302 0.978186 -0.0649919
    outer loop
      vertex 10.3591 201.929 22.2538
      vertex 11.9775 202.081 19.6284
      vertex 11.2977 201.929 19.4044
    endloop
  endfacet
  facet normal -0.197312 0.978182 -0.0650146
    outer loop
      vertex 10.1003 202.081 25.3271
      vertex 9.26405 201.929 25.5781
      vertex 9.94382 202.081 25.802
    endloop
  endfacet
  facet normal -0.197306 0.978185 -0.0649917
    outer loop
      vertex 9.26405 201.929 25.5781
      vertex 10.1003 202.081 25.3271
      vertex 9.42048 201.929 25.1032
    endloop
  endfacet
  facet normal -0.822339 0.500374 -0.270896
    outer loop
      vertex 8.34948 200.024 21.5918
      vertex 9.63558 200.657 18.8569
      vertex 9.2881 200.024 18.7425
    endloop
  endfacet
  facet normal -0.822324 0.500406 -0.270882
    outer loop
      vertex 9.63558 200.657 18.8569
      vertex 8.34948 200.024 21.5918
      vertex 8.69696 200.657 21.7063
    endloop
  endfacet
  facet normal -0.822322 0.500406 -0.270887
    outer loop
      vertex 7.25442 200.024 24.9161
      vertex 7.75834 200.657 24.5557
      vertex 7.41086 200.024 24.4412
    endloop
  endfacet
  facet normal -0.822322 0.500416 -0.270869
    outer loop
      vertex 7.75834 200.657 24.5557
      vertex 7.25442 200.024 24.9161
      vertex 7.60191 200.657 25.0306
    endloop
  endfacet
  facet normal 0.944596 -0.104416 0.311185
    outer loop
      vertex 14.638 197.872 23.6634
      vertex 15.6493 198.6 20.8379
      vertex 14.7106 198.6 23.6873
    endloop
  endfacet
  facet normal 0.944593 -0.104545 0.311151
    outer loop
      vertex 15.6493 198.6 20.8379
      vertex 14.638 197.872 23.6634
      vertex 15.5766 197.872 20.814
    endloop
  endfacet
  facet normal 0.944608 -0.104587 0.31109
    outer loop
      vertex 13.5429 197.872 26.9876
      vertex 13.772 198.6 26.5367
      vertex 13.6156 198.6 27.0116
    endloop
  endfacet
  facet normal 0.944562 -0.104458 0.311274
    outer loop
      vertex 13.772 198.6 26.5367
      vertex 13.5429 197.872 26.9876
      vertex 13.6994 197.872 26.5127
    endloop
  endfacet
  facet normal 0.558225 0.809052 0.1839
    outer loop
      vertex 14.5494 201.201 20.4756
      vertex 13.0485 201.631 23.1398
      vertex 13.6107 201.201 23.325
    endloop
  endfacet
  facet normal 0.558172 0.809097 0.183863
    outer loop
      vertex 13.0485 201.631 23.1398
      vertex 14.5494 201.201 20.4756
      vertex 13.9871 201.631 20.2904
    endloop
  endfacet
  facet normal 0.558184 0.809097 0.183828
    outer loop
      vertex 12.6721 201.201 26.1743
      vertex 11.9534 201.631 26.464
      vertex 12.5157 201.201 26.6492
    endloop
  endfacet
  facet normal 0.558208 0.809052 0.183953
    outer loop
      vertex 11.9534 201.631 26.464
      vertex 12.6721 201.201 26.1743
      vertex 12.1099 201.631 25.9891
    endloop
  endfacet
  facet normal 0 1 0
    outer loop
      vertex 12.6725 202.081 19.8573
      vertex 11.0389 202.081 22.4778
      vertex 11.7338 202.081 22.7067
    endloop
  endfacet
  facet normal 0 1 0
    outer loop
      vertex 11.0389 202.081 22.4778
      vertex 12.6725 202.081 19.8573
      vertex 11.9775 202.081 19.6284
    endloop
  endfacet
  facet normal 0 1 0
    outer loop
      vertex 10.7952 202.081 25.5561
      vertex 9.94382 202.081 25.802
      vertex 10.6388 202.081 26.031
    endloop
  endfacet
  facet normal 0 1 0
    outer loop
      vertex 9.94382 202.081 25.802
      vertex 10.7952 202.081 25.5561
      vertex 10.1003 202.081 25.3271
    endloop
  endfacet
  facet normal 0.386723 0.913355 0.127388
    outer loop
      vertex 13.9871 201.631 20.2904
      vertex 12.4136 201.929 22.9306
      vertex 13.0485 201.631 23.1398
    endloop
  endfacet
  facet normal 0.386723 0.913355 0.127388
    outer loop
      vertex 12.4136 201.929 22.9306
      vertex 13.9871 201.631 20.2904
      vertex 13.3522 201.929 20.0812
    endloop
  endfacet
  facet normal 0.386768 0.913327 0.127457
    outer loop
      vertex 12.1099 201.631 25.9891
      vertex 11.3186 201.929 26.2549
      vertex 11.9534 201.631 26.464
    endloop
  endfacet
  facet normal 0.386746 0.913348 0.127368
    outer loop
      vertex 11.3186 201.929 26.2549
      vertex 12.1099 201.631 25.9891
      vertex 11.475 201.929 25.78
    endloop
  endfacet
  facet normal -0.944597 0.10448 -0.311159
    outer loop
      vertex 8.06208 198.6 21.4972
      vertex 9.07335 199.328 18.6717
      vertex 9.0007 198.6 18.6478
    endloop
  endfacet
  facet normal -0.944597 0.104468 -0.311163
    outer loop
      vertex 9.07335 199.328 18.6717
      vertex 8.06208 198.6 21.4972
      vertex 8.13472 199.328 21.5211
    endloop
  endfacet
  facet normal -0.944576 0.10448 -0.311225
    outer loop
      vertex 6.96702 198.6 24.8214
      vertex 7.19611 199.328 24.3705
      vertex 7.12346 198.6 24.3466
    endloop
  endfacet
  facet normal -0.944591 0.104523 -0.311164
    outer loop
      vertex 7.19611 199.328 24.3705
      vertex 6.96702 198.6 24.8214
      vertex 7.03967 199.328 24.8454
    endloop
  endfacet
  facet normal -0.705977 0.668969 -0.232546
    outer loop
      vertex 7.60191 200.657 25.0306
      vertex 8.22336 201.201 24.7089
      vertex 7.75834 200.657 24.5557
    endloop
  endfacet
  facet normal -0.705977 0.668969 -0.232546
    outer loop
      vertex 8.22336 201.201 24.7089
      vertex 7.60191 200.657 25.0306
      vertex 8.06693 201.201 25.1838
    endloop
  endfacet
  facet normal -0.705974 0.668969 -0.232555
    outer loop
      vertex 8.69696 200.657 21.7063
      vertex 10.1006 201.201 19.0101
      vertex 9.63558 200.657 18.8569
    endloop
  endfacet
  facet normal -0.705974 0.668969 -0.232555
    outer loop
      vertex 10.1006 201.201 19.0101
      vertex 8.69696 200.657 21.7063
      vertex 9.16198 201.201 21.8595
    endloop
  endfacet
  facet normal -0.386747 0.913344 -0.127396
    outer loop
      vertex 11.2977 201.929 19.4044
      vertex 9.72422 201.631 22.0447
      vertex 10.3591 201.929 22.2538
    endloop
  endfacet
  facet normal -0.386739 0.913348 -0.12739
    outer loop
      vertex 9.72422 201.631 22.0447
      vertex 11.2977 201.929 19.4044
      vertex 10.6628 201.631 19.1953
    endloop
  endfacet
  facet normal -0.386748 0.913344 -0.127393
    outer loop
      vertex 9.42048 201.929 25.1032
      vertex 8.62917 201.631 25.369
      vertex 9.26405 201.929 25.5781
    endloop
  endfacet
  facet normal -0.386748 0.913344 -0.127393
    outer loop
      vertex 8.62917 201.631 25.369
      vertex 9.42048 201.929 25.1032
      vertex 8.7856 201.631 24.8941
    endloop
  endfacet
  facet normal -0.558209 0.80907 -0.183871
    outer loop
      vertex 8.7856 201.631 24.8941
      vertex 8.06693 201.201 25.1838
      vertex 8.62917 201.631 25.369
    endloop
  endfacet
  facet normal -0.558209 0.80907 -0.183871
    outer loop
      vertex 8.06693 201.201 25.1838
      vertex 8.7856 201.631 24.8941
      vertex 8.22336 201.201 24.7089
    endloop
  endfacet
  facet normal -0.558209 0.80907 -0.183871
    outer loop
      vertex 10.6628 201.631 19.1953
      vertex 9.16198 201.201 21.8595
      vertex 9.72422 201.631 22.0447
    endloop
  endfacet
  facet normal -0.55823 0.809052 -0.183886
    outer loop
      vertex 9.16198 201.201 21.8595
      vertex 10.6628 201.631 19.1953
      vertex 10.1006 201.201 19.0101
    endloop
  endfacet
  facet normal 0.944596 0.104416 0.311185
    outer loop
      vertex 15.6493 198.6 20.8379
      vertex 14.638 199.328 23.6634
      vertex 14.7106 198.6 23.6873
    endloop
  endfacet
  facet normal 0.944593 0.104545 0.311151
    outer loop
      vertex 14.638 199.328 23.6634
      vertex 15.6493 198.6 20.8379
      vertex 15.5766 199.328 20.814
    endloop
  endfacet
  facet normal 0.944608 0.104587 0.31109
    outer loop
      vertex 13.772 198.6 26.5367
      vertex 13.5429 199.328 26.9876
      vertex 13.6156 198.6 27.0116
    endloop
  endfacet
  facet normal 0.944562 0.104458 0.311274
    outer loop
      vertex 13.5429 199.328 26.9876
      vertex 13.772 198.6 26.5367
      vertex 13.6994 199.328 26.5127
    endloop
  endfacet
  facet normal 0.903241 -0.309242 0.29753
    outer loop
      vertex 14.554 197.6 23.6357
      vertex 15.5766 197.872 20.814
      vertex 14.638 197.872 23.6634
    endloop
  endfacet
  facet normal 0.903241 -0.309242 0.29753
    outer loop
      vertex 15.5766 197.872 20.814
      vertex 14.554 197.6 23.6357
      vertex 15.4926 197.6 20.7863
    endloop
  endfacet
  facet normal 0.903234 -0.309143 0.297655
    outer loop
      vertex 13.4589 197.6 26.96
      vertex 13.6994 197.872 26.5127
      vertex 13.5429 197.872 26.9876
    endloop
  endfacet
  facet normal 0.903198 -0.309444 0.297452
    outer loop
      vertex 13.6994 197.872 26.5127
      vertex 13.4589 197.6 26.96
      vertex 13.6153 197.6 26.4851
    endloop
  endfacet
  facet normal -0.558209 -0.80907 -0.183871
    outer loop
      vertex 8.06693 195.999 25.1838
      vertex 8.7856 195.569 24.8941
      vertex 8.62917 195.569 25.369
    endloop
  endfacet
  facet normal -0.558209 -0.80907 -0.183871
    outer loop
      vertex 8.7856 195.569 24.8941
      vertex 8.06693 195.999 25.1838
      vertex 8.22336 195.999 24.7089
    endloop
  endfacet
  facet normal -0.558209 -0.80907 -0.183871
    outer loop
      vertex 9.16198 195.999 21.8595
      vertex 10.6628 195.569 19.1953
      vertex 9.72422 195.569 22.0447
    endloop
  endfacet
  facet normal -0.55823 -0.809052 -0.183886
    outer loop
      vertex 10.6628 195.569 19.1953
      vertex 9.16198 195.999 21.8595
      vertex 10.1006 195.999 19.0101
    endloop
  endfacet
  facet normal -0.822322 -0.500406 -0.270887
    outer loop
      vertex 7.75834 196.543 24.5557
      vertex 7.25442 197.176 24.9161
      vertex 7.41086 197.176 24.4412
    endloop
  endfacet
  facet normal -0.822322 -0.500416 -0.270869
    outer loop
      vertex 7.25442 197.176 24.9161
      vertex 7.75834 196.543 24.5557
      vertex 7.60191 196.543 25.0306
    endloop
  endfacet
  facet normal -0.822339 -0.500374 -0.270896
    outer loop
      vertex 9.63558 196.543 18.8569
      vertex 8.34948 197.176 21.5918
      vertex 9.2881 197.176 18.7425
    endloop
  endfacet
  facet normal -0.822324 -0.500406 -0.270882
    outer loop
      vertex 8.34948 197.176 21.5918
      vertex 9.63558 196.543 18.8569
      vertex 8.69696 196.543 21.7063
    endloop
  endfacet
  facet normal 0.903302 0.309046 0.29755
    outer loop
      vertex 15.5766 199.328 20.814
      vertex 14.4232 200.024 23.5926
      vertex 14.638 199.328 23.6634
    endloop
  endfacet
  facet normal 0.903329 0.308928 0.297591
    outer loop
      vertex 14.4232 200.024 23.5926
      vertex 15.5766 199.328 20.814
      vertex 15.3619 200.024 20.7432
    endloop
  endfacet
  facet normal 0.903313 0.30889 0.29768
    outer loop
      vertex 13.6994 199.328 26.5127
      vertex 13.3282 200.024 26.9169
      vertex 13.5429 199.328 26.9876
    endloop
  endfacet
  facet normal 0.903333 0.309007 0.297497
    outer loop
      vertex 13.3282 200.024 26.9169
      vertex 13.6994 199.328 26.5127
      vertex 13.4846 200.024 26.442
    endloop
  endfacet
  facet normal -0.312895 0.000125179 0.949788
    outer loop
      vertex 13.5429 199.328 26.9876
      vertex 11.6216 198.975 26.3547
      vertex 11.6685 198.6 26.3702
    endloop
  endfacet
  facet normal -0.312777 -3.13985e-05 0.949827
    outer loop
      vertex 12.5157 201.201 26.6492
      vertex 11.484 199.325 26.3094
      vertex 11.6216 198.975 26.3547
    endloop
  endfacet
  facet normal -0.312867 -1.76912e-05 0.949797
    outer loop
      vertex 10.6478 200.001 26.0339
      vertex 11.9534 201.631 26.464
      vertex 11.3186 201.929 26.2549
    endloop
  endfacet
  facet normal -0.312836 4.41822e-06 0.949807
    outer loop
      vertex 12.5157 201.201 26.6492
      vertex 11.2651 199.625 26.2373
      vertex 11.484 199.325 26.3094
    endloop
  endfacet
  facet normal -0.312952 0.000106147 0.949769
    outer loop
      vertex 12.5157 201.201 26.6492
      vertex 10.9799 199.856 26.1433
      vertex 11.2651 199.625 26.2373
    endloop
  endfacet
  facet normal -0.312881 -4.64084e-06 0.949792
    outer loop
      vertex 11.9534 201.631 26.464
      vertex 10.6478 200.001 26.0339
      vertex 10.9799 199.856 26.1433
    endloop
  endfacet
  facet normal -0.312836 -2.93693e-05 0.949807
    outer loop
      vertex 10.6388 202.081 26.031
      vertex 10.6478 200.001 26.0339
      vertex 11.3186 201.929 26.2549
    endloop
  endfacet
  facet normal -0.312792 -2.91581e-05 0.949822
    outer loop
      vertex 10.6388 202.081 26.031
      vertex 10.2913 200.05 25.9165
      vertex 10.6478 200.001 26.0339
    endloop
  endfacet
  facet normal -0.312954 1.54089e-06 0.949768
    outer loop
      vertex 9.94382 202.081 25.802
      vertex 10.2913 200.05 25.9165
      vertex 10.6388 202.081 26.031
    endloop
  endfacet
  facet normal -0.312839 2.33658e-05 0.949806
    outer loop
      vertex 9.94382 202.081 25.802
      vertex 9.93486 200.001 25.7991
      vertex 10.2913 200.05 25.9165
    endloop
  endfacet
  facet normal -0.312848 2.34069e-05 0.949803
    outer loop
      vertex 9.26405 201.929 25.5781
      vertex 9.93486 200.001 25.7991
      vertex 9.94382 202.081 25.802
    endloop
  endfacet
  facet normal -0.312836 2.80877e-05 0.949807
    outer loop
      vertex 8.62917 201.631 25.369
      vertex 9.93486 200.001 25.7991
      vertex 9.26405 201.929 25.5781
    endloop
  endfacet
  facet normal -0.312845 1.97947e-05 0.949804
    outer loop
      vertex 9.93486 200.001 25.7991
      vertex 8.62917 201.631 25.369
      vertex 9.60271 199.856 25.6897
    endloop
  endfacet
  facet normal -0.312866 7.21434e-06 0.949797
    outer loop
      vertex 8.06693 201.201 25.1838
      vertex 9.60271 199.856 25.6897
      vertex 8.62917 201.631 25.369
    endloop
  endfacet
  facet normal -0.312938 -8.42024e-05 0.949774
    outer loop
      vertex 9.60271 199.856 25.6897
      vertex 8.06693 201.201 25.1838
      vertex 9.31748 199.625 25.5957
    endloop
  endfacet
  facet normal -0.312875 -2.85791e-05 0.949794
    outer loop
      vertex 7.60191 200.657 25.0306
      vertex 9.31748 199.625 25.5957
      vertex 8.06693 201.201 25.1838
    endloop
  endfacet
  facet normal -0.312865 -1.17483e-05 0.949797
    outer loop
      vertex 9.31748 199.625 25.5957
      vertex 7.60191 200.657 25.0306
      vertex 9.09861 199.325 25.5236
    endloop
  endfacet
  facet normal -0.312875 6.74209e-05 0.949794
    outer loop
      vertex 11.6685 198.6 26.3702
      vertex 13.6156 198.6 27.0116
      vertex 13.5429 199.328 26.9876
    endloop
  endfacet
  facet normal -0.312875 -6.74209e-05 0.949794
    outer loop
      vertex 13.6156 198.6 27.0116
      vertex 11.6685 198.6 26.3702
      vertex 13.5429 197.872 26.9876
    endloop
  endfacet
  facet normal -0.312869 -3.20763e-05 0.949796
    outer loop
      vertex 11.6216 198.975 26.3547
      vertex 13.5429 199.328 26.9876
      vertex 13.3282 200.024 26.9169
    endloop
  endfacet
  facet normal -0.312902 2.7084e-05 0.949786
    outer loop
      vertex 11.6216 198.975 26.3547
      vertex 13.3282 200.024 26.9169
      vertex 12.9807 200.657 26.8024
    endloop
  endfacet
  facet normal -0.312895 2.09874e-05 0.949788
    outer loop
      vertex 11.6216 198.975 26.3547
      vertex 12.9807 200.657 26.8024
      vertex 12.5157 201.201 26.6492
    endloop
  endfacet
  facet normal -0.312848 -2.50811e-05 0.949803
    outer loop
      vertex 10.9799 199.856 26.1433
      vertex 12.5157 201.201 26.6492
      vertex 11.9534 201.631 26.464
    endloop
  endfacet
  facet normal -0.312895 -0.000125179 0.949788
    outer loop
      vertex 11.6216 198.225 26.3547
      vertex 13.5429 197.872 26.9876
      vertex 11.6685 198.6 26.3702
    endloop
  endfacet
  facet normal -0.312835 0.000233425 0.949807
    outer loop
      vertex 13.5429 197.872 26.9876
      vertex 11.6216 198.225 26.3547
      vertex 13.4589 197.6 26.96
    endloop
  endfacet
  facet normal -0.312883 7.76321e-05 0.949792
    outer loop
      vertex 11.484 197.875 26.3094
      vertex 13.4589 197.6 26.96
      vertex 11.6216 198.225 26.3547
    endloop
  endfacet
  facet normal -0.312886 5.84919e-05 0.949791
    outer loop
      vertex 13.4589 197.6 26.96
      vertex 11.484 197.875 26.3094
      vertex 11.2836 197.6 26.2434
    endloop
  endfacet
  facet normal -0.313063 0 0.949732
    outer loop
      vertex 10.9799 197.344 26.1433
      vertex 11.2411 195.254 26.2294
      vertex 11.2411 197.555 26.2294
    endloop
  endfacet
  facet normal -0.312889 2.40444e-05 0.94979
    outer loop
      vertex 10.6478 197.199 26.0339
      vertex 11.2411 195.254 26.2294
      vertex 10.9799 197.344 26.1433
    endloop
  endfacet
  facet normal -0.312873 2.95433e-05 0.949795
    outer loop
      vertex 10.6478 197.199 26.0339
      vertex 10.6388 195.119 26.031
      vertex 11.2411 195.254 26.2294
    endloop
  endfacet
  facet normal -0.312792 2.91581e-05 0.949822
    outer loop
      vertex 10.2913 197.15 25.9165
      vertex 10.6388 195.119 26.031
      vertex 10.6478 197.199 26.0339
    endloop
  endfacet
  facet normal -0.312954 -1.54089e-06 0.949768
    outer loop
      vertex 10.2913 197.15 25.9165
      vertex 9.94382 195.119 25.802
      vertex 10.6388 195.119 26.031
    endloop
  endfacet
  facet normal -0.312839 -2.33658e-05 0.949806
    outer loop
      vertex 9.93486 197.199 25.7991
      vertex 9.94382 195.119 25.802
      vertex 10.2913 197.15 25.9165
    endloop
  endfacet
  facet normal -0.312845 -1.97947e-05 0.949804
    outer loop
      vertex 8.62917 195.569 25.369
      vertex 9.93486 197.199 25.7991
      vertex 9.60271 197.344 25.6897
    endloop
  endfacet
  facet normal -0.312938 8.42024e-05 0.949774
    outer loop
      vertex 8.06693 195.999 25.1838
      vertex 9.60271 197.344 25.6897
      vertex 9.31748 197.575 25.5957
    endloop
  endfacet
  facet normal -0.312848 -2.34069e-05 0.949803
    outer loop
      vertex 9.93486 197.199 25.7991
      vertex 9.26405 195.271 25.5781
      vertex 9.94382 195.119 25.802
    endloop
  endfacet
  facet normal -0.312865 1.17483e-05 0.949797
    outer loop
      vertex 7.60191 196.543 25.0306
      vertex 9.31748 197.575 25.5957
      vertex 9.09861 197.875 25.5236
    endloop
  endfacet
  facet normal -0.312858 -4.87211e-05 0.9498
    outer loop
      vertex 7.25442 197.176 24.9161
      vertex 9.09861 197.875 25.5236
      vertex 8.96103 198.225 25.4783
    endloop
  endfacet
  facet normal -0.312882 0.000101906 0.949792
    outer loop
      vertex 7.03967 197.872 24.8454
      vertex 8.96103 198.225 25.4783
      vertex 8.9141 198.6 25.4628
    endloop
  endfacet
  facet normal -0.312836 -2.80877e-05 0.949807
    outer loop
      vertex 9.93486 197.199 25.7991
      vertex 8.62917 195.569 25.369
      vertex 9.26405 195.271 25.5781
    endloop
  endfacet
  facet normal -0.312888 -4.01261e-05 0.94979
    outer loop
      vertex 7.25442 200.024 24.9161
      vertex 9.09861 199.325 25.5236
      vertex 7.60191 200.657 25.0306
    endloop
  endfacet
  facet normal -0.312858 4.87211e-05 0.9498
    outer loop
      vertex 9.09861 199.325 25.5236
      vertex 7.25442 200.024 24.9161
      vertex 8.96103 198.975 25.4783
    endloop
  endfacet
  facet normal -0.312857 5.04941e-05 0.9498
    outer loop
      vertex 7.03967 199.328 24.8454
      vertex 8.96103 198.975 25.4783
      vertex 7.25442 200.024 24.9161
    endloop
  endfacet
  facet normal -0.312882 -0.000101906 0.949792
    outer loop
      vertex 8.96103 198.975 25.4783
      vertex 7.03967 199.328 24.8454
      vertex 8.9141 198.6 25.4628
    endloop
  endfacet
  facet normal -0.312866 -7.21434e-06 0.949797
    outer loop
      vertex 9.60271 197.344 25.6897
      vertex 8.06693 195.999 25.1838
      vertex 8.62917 195.569 25.369
    endloop
  endfacet
  facet normal -0.312888 4.01261e-05 0.94979
    outer loop
      vertex 9.09861 197.875 25.5236
      vertex 7.25442 197.176 24.9161
      vertex 7.60191 196.543 25.0306
    endloop
  endfacet
  facet normal -0.312875 2.85791e-05 0.949794
    outer loop
      vertex 9.31748 197.575 25.5957
      vertex 7.60191 196.543 25.0306
      vertex 8.06693 195.999 25.1838
    endloop
  endfacet
  facet normal -0.312878 -8.85887e-05 0.949793
    outer loop
      vertex 6.96702 198.6 24.8214
      vertex 8.9141 198.6 25.4628
      vertex 7.03967 199.328 24.8454
    endloop
  endfacet
  facet normal -0.312857 -5.04941e-05 0.9498
    outer loop
      vertex 8.96103 198.225 25.4783
      vertex 7.03967 197.872 24.8454
      vertex 7.25442 197.176 24.9161
    endloop
  endfacet
  facet normal -0.312878 8.85887e-05 0.949793
    outer loop
      vertex 8.9141 198.6 25.4628
      vertex 6.96702 198.6 24.8214
      vertex 7.03967 197.872 24.8454
    endloop
  endfacet
  facet normal 0 -1 0
    outer loop
      vertex 9.94382 195.119 25.802
      vertex 10.7952 195.119 25.5561
      vertex 10.6388 195.119 26.031
    endloop
  endfacet
  facet normal -0 -1 0
    outer loop
      vertex 10.7952 195.119 25.5561
      vertex 9.94382 195.119 25.802
      vertex 10.1003 195.119 25.3271
    endloop
  endfacet
  facet normal 0 -1 0
    outer loop
      vertex 11.0389 195.119 22.4778
      vertex 12.6725 195.119 19.8573
      vertex 11.7338 195.119 22.7067
    endloop
  endfacet
  facet normal -0 -1 0
    outer loop
      vertex 12.6725 195.119 19.8573
      vertex 11.0389 195.119 22.4778
      vertex 11.9775 195.119 19.6284
    endloop
  endfacet
  facet normal -0.944576 -0.10448 -0.311225
    outer loop
      vertex 7.19611 197.872 24.3705
      vertex 6.96702 198.6 24.8214
      vertex 7.12346 198.6 24.3466
    endloop
  endfacet
  facet normal -0.944591 -0.104523 -0.311164
    outer loop
      vertex 6.96702 198.6 24.8214
      vertex 7.19611 197.872 24.3705
      vertex 7.03967 197.872 24.8454
    endloop
  endfacet
  facet normal -0.944597 -0.10448 -0.311159
    outer loop
      vertex 9.07335 197.872 18.6717
      vertex 8.06208 198.6 21.4972
      vertex 9.0007 198.6 18.6478
    endloop
  endfacet
  facet normal -0.944597 -0.104468 -0.311163
    outer loop
      vertex 8.06208 198.6 21.4972
      vertex 9.07335 197.872 18.6717
      vertex 8.13472 197.872 21.5211
    endloop
  endfacet
  facet normal 0.312735 0 -0.949841
    outer loop
      vertex 13.2748 195.254 20.0557
      vertex 13.0136 197.344 19.9697
      vertex 13.2748 197.555 20.0557
    endloop
  endfacet
  facet normal 0.312792 7.88738e-06 -0.949822
    outer loop
      vertex 13.2748 195.254 20.0557
      vertex 12.6814 197.199 19.8603
      vertex 13.0136 197.344 19.9697
    endloop
  endfacet
  facet normal 0.312861 3.12203e-05 -0.949799
    outer loop
      vertex 12.6725 195.119 19.8573
      vertex 12.6814 197.199 19.8603
      vertex 13.2748 195.254 20.0557
    endloop
  endfacet
  facet normal 0.313105 3.00602e-05 -0.949719
    outer loop
      vertex 12.6725 195.119 19.8573
      vertex 12.325 197.15 19.7428
      vertex 12.6814 197.199 19.8603
    endloop
  endfacet
  facet normal 0.312823 -2.33829e-05 -0.949812
    outer loop
      vertex 11.9775 195.119 19.6284
      vertex 12.325 197.15 19.7428
      vertex 12.6725 195.119 19.8573
    endloop
  endfacet
  facet normal 0.312787 -1.65336e-05 -0.949823
    outer loop
      vertex 11.9775 195.119 19.6284
      vertex 11.9685 197.199 19.6254
      vertex 12.325 197.15 19.7428
    endloop
  endfacet
  facet normal 0.312953 -1.57329e-05 -0.949768
    outer loop
      vertex 11.2977 195.271 19.4044
      vertex 11.9685 197.199 19.6254
      vertex 11.9775 195.119 19.6284
    endloop
  endfacet
  facet normal 0.312829 3.24299e-05 -0.94981
    outer loop
      vertex 10.6628 195.569 19.1953
      vertex 11.9685 197.199 19.6254
      vertex 11.2977 195.271 19.4044
    endloop
  endfacet
  facet normal 0.312876 -9.58049e-06 -0.949794
    outer loop
      vertex 11.9685 197.199 19.6254
      vertex 10.6628 195.569 19.1953
      vertex 11.6364 197.344 19.516
    endloop
  endfacet
  facet normal 0.312875 -8.83715e-06 -0.949794
    outer loop
      vertex 10.1006 195.999 19.0101
      vertex 11.6364 197.344 19.516
      vertex 10.6628 195.569 19.1953
    endloop
  endfacet
  facet normal 0.312795 9.14106e-05 -0.949821
    outer loop
      vertex 11.6364 197.344 19.516
      vertex 10.1006 195.999 19.0101
      vertex 11.3512 197.575 19.4221
    endloop
  endfacet
  facet normal 0.312902 -2.47326e-06 -0.949785
    outer loop
      vertex 9.63558 196.543 18.8569
      vertex 11.3512 197.575 19.4221
      vertex 10.1006 195.999 19.0101
    endloop
  endfacet
  facet normal 0.312883 3.34445e-05 -0.949792
    outer loop
      vertex 11.3512 197.575 19.4221
      vertex 9.63558 196.543 18.8569
      vertex 11.1323 197.875 19.35
    endloop
  endfacet
  facet normal 0.312875 -6.30454e-05 -0.949794
    outer loop
      vertex 13.7022 198.6 20.1965
      vertex 15.6493 198.6 20.8379
      vertex 15.5766 197.872 20.814
    endloop
  endfacet
  facet normal 0.312932 8.25696e-05 -0.949775
    outer loop
      vertex 13.6553 198.225 20.181
      vertex 15.5766 197.872 20.814
      vertex 15.4926 197.6 20.7863
    endloop
  endfacet
  facet normal 0.312875 6.30454e-05 -0.949794
    outer loop
      vertex 15.6493 198.6 20.8379
      vertex 13.7022 198.6 20.1965
      vertex 15.5766 199.328 20.814
    endloop
  endfacet
  facet normal 0.312938 -0.000119134 -0.949773
    outer loop
      vertex 13.6553 198.975 20.181
      vertex 15.5766 199.328 20.814
      vertex 13.7022 198.6 20.1965
    endloop
  endfacet
  facet normal 0.312851 6.36999e-05 -0.949802
    outer loop
      vertex 13.5177 199.325 20.1357
      vertex 15.3619 200.024 20.7432
      vertex 13.6553 198.975 20.181
    endloop
  endfacet
  facet normal 0.312843 8.73983e-05 -0.949805
    outer loop
      vertex 15.3619 200.024 20.7432
      vertex 13.5177 199.325 20.1357
      vertex 15.0144 200.657 20.6288
    endloop
  endfacet
  facet normal 0.312932 -8.26357e-05 -0.949775
    outer loop
      vertex 15.5766 199.328 20.814
      vertex 13.6553 198.975 20.181
      vertex 15.3619 200.024 20.7432
    endloop
  endfacet
  facet normal 0.312938 0.000119134 -0.949773
    outer loop
      vertex 15.5766 197.872 20.814
      vertex 13.6553 198.225 20.181
      vertex 13.7022 198.6 20.1965
    endloop
  endfacet
  facet normal 0.312883 -7.76321e-05 -0.949792
    outer loop
      vertex 15.4926 197.6 20.7863
      vertex 13.5177 197.875 20.1357
      vertex 13.6553 198.225 20.181
    endloop
  endfacet
  facet normal 0.312886 -5.84919e-05 -0.949791
    outer loop
      vertex 13.5177 197.875 20.1357
      vertex 15.4926 197.6 20.7863
      vertex 13.3173 197.6 20.0697
    endloop
  endfacet
  facet normal 0.312885 3.52941e-05 -0.949791
    outer loop
      vertex 13.2988 199.625 20.0636
      vertex 15.0144 200.657 20.6288
      vertex 13.5177 199.325 20.1357
    endloop
  endfacet
  facet normal 0.312908 -8.01138e-06 -0.949783
    outer loop
      vertex 15.0144 200.657 20.6288
      vertex 13.2988 199.625 20.0636
      vertex 14.5494 201.201 20.4756
    endloop
  endfacet
  facet normal 0.312795 9.14106e-05 -0.949821
    outer loop
      vertex 13.0136 199.856 19.9697
      vertex 14.5494 201.201 20.4756
      vertex 13.2988 199.625 20.0636
    endloop
  endfacet
  facet normal 0.312848 2.50811e-05 -0.949803
    outer loop
      vertex 14.5494 201.201 20.4756
      vertex 13.0136 199.856 19.9697
      vertex 13.9871 201.631 20.2904
    endloop
  endfacet
  facet normal 0.312813 4.63202e-05 -0.949815
    outer loop
      vertex 12.6814 200.001 19.8603
      vertex 13.9871 201.631 20.2904
      vertex 13.0136 199.856 19.9697
    endloop
  endfacet
  facet normal 0.312927 -5.46594e-05 -0.949777
    outer loop
      vertex 13.9871 201.631 20.2904
      vertex 12.6814 200.001 19.8603
      vertex 13.3522 201.929 20.0812
    endloop
  endfacet
  facet normal 0.312866 -3.11954e-05 -0.949797
    outer loop
      vertex 12.6814 200.001 19.8603
      vertex 12.6725 202.081 19.8573
      vertex 13.3522 201.929 20.0812
    endloop
  endfacet
  facet normal 0.313105 -3.00602e-05 -0.949719
    outer loop
      vertex 12.325 200.05 19.7428
      vertex 12.6725 202.081 19.8573
      vertex 12.6814 200.001 19.8603
    endloop
  endfacet
  facet normal 0.312823 2.33829e-05 -0.949812
    outer loop
      vertex 12.325 200.05 19.7428
      vertex 11.9775 202.081 19.6284
      vertex 12.6725 202.081 19.8573
    endloop
  endfacet
  facet normal 0.312787 1.65336e-05 -0.949823
    outer loop
      vertex 11.9685 200.001 19.6254
      vertex 11.9775 202.081 19.6284
      vertex 12.325 200.05 19.7428
    endloop
  endfacet
  facet normal 0.312876 9.58049e-06 -0.949794
    outer loop
      vertex 10.6628 201.631 19.1953
      vertex 11.9685 200.001 19.6254
      vertex 11.6364 199.856 19.516
    endloop
  endfacet
  facet normal 0.312795 -9.14106e-05 -0.949821
    outer loop
      vertex 10.1006 201.201 19.0101
      vertex 11.6364 199.856 19.516
      vertex 11.3512 199.625 19.4221
    endloop
  endfacet
  facet normal 0.312953 1.57329e-05 -0.949768
    outer loop
      vertex 11.9685 200.001 19.6254
      vertex 11.2977 201.929 19.4044
      vertex 11.9775 202.081 19.6284
    endloop
  endfacet
  facet normal 0.312883 -3.34445e-05 -0.949792
    outer loop
      vertex 9.63558 200.657 18.8569
      vertex 11.3512 199.625 19.4221
      vertex 11.1323 199.325 19.35
    endloop
  endfacet
  facet normal 0.312932 0.000172474 -0.949776
    outer loop
      vertex 9.2881 200.024 18.7425
      vertex 11.1323 199.325 19.35
      vertex 10.9947 198.975 19.3046
    endloop
  endfacet
  facet normal 0.312847 -0.000121415 -0.949804
    outer loop
      vertex 9.07335 199.328 18.6717
      vertex 10.9947 198.975 19.3046
      vertex 10.9478 198.6 19.2892
    endloop
  endfacet
  facet normal 0.312829 -3.24299e-05 -0.94981
    outer loop
      vertex 11.9685 200.001 19.6254
      vertex 10.6628 201.631 19.1953
      vertex 11.2977 201.929 19.4044
    endloop
  endfacet
  facet normal 0.312846 7.92162e-05 -0.949804
    outer loop
      vertex 9.2881 197.176 18.7425
      vertex 11.1323 197.875 19.35
      vertex 9.63558 196.543 18.8569
    endloop
  endfacet
  facet normal 0.312932 -0.000172474 -0.949776
    outer loop
      vertex 11.1323 197.875 19.35
      vertex 9.2881 197.176 18.7425
      vertex 10.9947 198.225 19.3046
    endloop
  endfacet
  facet normal 0.31288 -7.81744e-05 -0.949793
    outer loop
      vertex 9.07335 197.872 18.6717
      vertex 10.9947 198.225 19.3046
      vertex 9.2881 197.176 18.7425
    endloop
  endfacet
  facet normal 0.312847 0.000121415 -0.949804
    outer loop
      vertex 10.9947 198.225 19.3046
      vertex 9.07335 197.872 18.6717
      vertex 10.9478 198.6 19.2892
    endloop
  endfacet
  facet normal 0.312875 8.83715e-06 -0.949794
    outer loop
      vertex 11.6364 199.856 19.516
      vertex 10.1006 201.201 19.0101
      vertex 10.6628 201.631 19.1953
    endloop
  endfacet
  facet normal 0.312846 -7.92162e-05 -0.949804
    outer loop
      vertex 11.1323 199.325 19.35
      vertex 9.2881 200.024 18.7425
      vertex 9.63558 200.657 18.8569
    endloop
  endfacet
  facet normal 0.312902 2.47326e-06 -0.949785
    outer loop
      vertex 11.3512 199.625 19.4221
      vertex 9.63558 200.657 18.8569
      vertex 10.1006 201.201 19.0101
    endloop
  endfacet
  facet normal 0.312875 4.15568e-05 -0.949794
    outer loop
      vertex 9.0007 198.6 18.6478
      vertex 10.9478 198.6 19.2892
      vertex 9.07335 197.872 18.6717
    endloop
  endfacet
  facet normal 0.31288 7.81744e-05 -0.949793
    outer loop
      vertex 10.9947 198.975 19.3046
      vertex 9.07335 199.328 18.6717
      vertex 9.2881 200.024 18.7425
    endloop
  endfacet
  facet normal 0.312875 -4.15568e-05 -0.949794
    outer loop
      vertex 10.9478 198.6 19.2892
      vertex 9.0007 198.6 18.6478
      vertex 9.07335 199.328 18.6717
    endloop
  endfacet
  facet normal -0.705977 -0.668969 -0.232546
    outer loop
      vertex 8.22336 195.999 24.7089
      vertex 7.60191 196.543 25.0306
      vertex 7.75834 196.543 24.5557
    endloop
  endfacet
  facet normal -0.705977 -0.668969 -0.232546
    outer loop
      vertex 7.60191 196.543 25.0306
      vertex 8.22336 195.999 24.7089
      vertex 8.06693 195.999 25.1838
    endloop
  endfacet
  facet normal -0.705974 -0.668969 -0.232555
    outer loop
      vertex 10.1006 195.999 19.0101
      vertex 8.69696 196.543 21.7063
      vertex 9.63558 196.543 18.8569
    endloop
  endfacet
  facet normal -0.705974 -0.668969 -0.232555
    outer loop
      vertex 8.69696 196.543 21.7063
      vertex 10.1006 195.999 19.0101
      vertex 9.16198 195.999 21.8595
    endloop
  endfacet
  facet normal 0.197773 -0.978082 0.065133
    outer loop
      vertex 10.6388 195.119 26.031
      vertex 11.3975 195.254 25.7545
      vertex 11.2411 195.254 26.2294
    endloop
  endfacet
  facet normal 0.197773 -0.978082 0.065133
    outer loop
      vertex 11.3975 195.254 25.7545
      vertex 10.6388 195.119 26.031
      vertex 10.7952 195.119 25.5561
    endloop
  endfacet
  facet normal 0.19774 -0.978088 0.0651362
    outer loop
      vertex 11.7338 195.119 22.7067
      vertex 13.2748 195.254 20.0557
      vertex 12.3362 195.254 22.9051
    endloop
  endfacet
  facet normal 0.197767 -0.978082 0.0651518
    outer loop
      vertex 13.2748 195.254 20.0557
      vertex 11.7338 195.119 22.7067
      vertex 12.6725 195.119 19.8573
    endloop
  endfacet
  facet normal -0.197302 -0.978186 -0.0649919
    outer loop
      vertex 10.3591 195.271 22.2538
      vertex 11.9775 195.119 19.6284
      vertex 11.0389 195.119 22.4778
    endloop
  endfacet
  facet normal -0.197302 -0.978186 -0.0649919
    outer loop
      vertex 11.9775 195.119 19.6284
      vertex 10.3591 195.271 22.2538
      vertex 11.2977 195.271 19.4044
    endloop
  endfacet
  facet normal -0.197312 -0.978182 -0.0650146
    outer loop
      vertex 9.26405 195.271 25.5781
      vertex 10.1003 195.119 25.3271
      vertex 9.94382 195.119 25.802
    endloop
  endfacet
  facet normal -0.197306 -0.978185 -0.0649917
    outer loop
      vertex 10.1003 195.119 25.3271
      vertex 9.26405 195.271 25.5781
      vertex 9.42048 195.271 25.1032
    endloop
  endfacet
  facet normal -0.903328 -0.308948 -0.297571
    outer loop
      vertex 7.41086 197.176 24.4412
      vertex 7.03967 197.872 24.8454
      vertex 7.19611 197.872 24.3705
    endloop
  endfacet
  facet normal -0.903328 -0.308948 -0.297571
    outer loop
      vertex 7.03967 197.872 24.8454
      vertex 7.41086 197.176 24.4412
      vertex 7.25442 197.176 24.9161
    endloop
  endfacet
  facet normal -0.903317 -0.308987 -0.297565
    outer loop
      vertex 9.2881 197.176 18.7425
      vertex 8.13472 197.872 21.5211
      vertex 9.07335 197.872 18.6717
    endloop
  endfacet
  facet normal -0.903324 -0.30896 -0.297574
    outer loop
      vertex 8.13472 197.872 21.5211
      vertex 9.2881 197.176 18.7425
      vertex 8.34948 197.176 21.5918
    endloop
  endfacet
  facet normal -0.386747 -0.913344 -0.127396
    outer loop
      vertex 9.72422 195.569 22.0447
      vertex 11.2977 195.271 19.4044
      vertex 10.3591 195.271 22.2538
    endloop
  endfacet
  facet normal -0.386739 -0.913348 -0.12739
    outer loop
      vertex 11.2977 195.271 19.4044
      vertex 9.72422 195.569 22.0447
      vertex 10.6628 195.569 19.1953
    endloop
  endfacet
  facet normal -0.386748 -0.913344 -0.127393
    outer loop
      vertex 8.62917 195.569 25.369
      vertex 9.42048 195.271 25.1032
      vertex 9.26405 195.271 25.5781
    endloop
  endfacet
  facet normal -0.386748 -0.913344 -0.127393
    outer loop
      vertex 9.42048 195.271 25.1032
      vertex 8.62917 195.569 25.369
      vertex 8.7856 195.569 24.8941
    endloop
  endfacet
  facet normal 0.944584 0.104629 0.311149
    outer loop
      vertex 79.7538 11.4 41.9547
      vertex 78.7425 12.1277 44.7801
      vertex 78.8152 11.4 44.8041
    endloop
  endfacet
  facet normal 0.944584 0.104629 0.311149
    outer loop
      vertex 78.7425 12.1277 44.7801
      vertex 79.7538 11.4 41.9547
      vertex 79.6811 12.1277 41.9307
    endloop
  endfacet
  facet normal 0.944621 0.104459 0.311094
    outer loop
      vertex 77.8765 11.4 47.6534
      vertex 77.6475 12.1277 48.1044
      vertex 77.7201 11.4 48.1283
    endloop
  endfacet
  facet normal 0.944621 0.104459 0.311094
    outer loop
      vertex 77.6475 12.1277 48.1044
      vertex 77.8765 11.4 47.6534
      vertex 77.8039 12.1277 47.6295
    endloop
  endfacet
  facet normal -0.944588 0.104587 -0.31115
    outer loop
      vertex 72.1666 11.4 42.614
      vertex 73.1779 12.1277 39.7885
      vertex 73.1052 11.4 39.7646
    endloop
  endfacet
  facet normal -0.944591 0.104459 -0.311184
    outer loop
      vertex 73.1779 12.1277 39.7885
      vertex 72.1666 11.4 42.614
      vertex 72.2392 12.1277 42.6379
    endloop
  endfacet
  facet normal -0.944558 0.104501 -0.311272
    outer loop
      vertex 71.0715 11.4 45.9382
      vertex 71.3006 12.1277 45.4873
      vertex 71.228 11.4 45.4633
    endloop
  endfacet
  facet normal -0.944604 0.104629 -0.311089
    outer loop
      vertex 71.3006 12.1277 45.4873
      vertex 71.0715 11.4 45.9382
      vertex 71.1442 12.1277 45.9622
    endloop
  endfacet
  facet normal 0 1 0
    outer loop
      vertex 76.777 14.8808 40.9741
      vertex 75.1434 14.8808 43.5945
      vertex 75.8384 14.8808 43.8235
    endloop
  endfacet
  facet normal 0 1 0
    outer loop
      vertex 75.1434 14.8808 43.5945
      vertex 76.777 14.8808 40.9741
      vertex 76.082 14.8808 40.7452
    endloop
  endfacet
  facet normal 0 1 0
    outer loop
      vertex 74.8997 14.8808 46.6729
      vertex 74.0483 14.8808 46.9188
      vertex 74.7433 14.8808 47.1478
    endloop
  endfacet
  facet normal 0 1 0
    outer loop
      vertex 74.0483 14.8808 46.9188
      vertex 74.8997 14.8808 46.6729
      vertex 74.2048 14.8808 46.4439
    endloop
  endfacet
  facet normal 0 -1 0
    outer loop
      vertex 74.0483 7.91917 46.9188
      vertex 74.8997 7.91917 46.6729
      vertex 74.7433 7.91917 47.1478
    endloop
  endfacet
  facet normal -0 -1 0
    outer loop
      vertex 74.8997 7.91917 46.6729
      vertex 74.0483 7.91917 46.9188
      vertex 74.2048 7.91917 46.4439
    endloop
  endfacet
  facet normal 0 -1 0
    outer loop
      vertex 75.1434 7.91917 43.5945
      vertex 76.777 7.91917 40.9741
      vertex 75.8384 7.91917 43.8235
    endloop
  endfacet
  facet normal -0 -1 0
    outer loop
      vertex 76.777 7.91917 40.9741
      vertex 75.1434 7.91917 43.5945
      vertex 76.082 7.91917 40.7452
    endloop
  endfacet
  facet normal 0.558255 0.809032 0.183897
    outer loop
      vertex 78.6539 14.001 41.5924
      vertex 77.153 14.4311 44.2565
      vertex 77.7153 14.001 44.4417
    endloop
  endfacet
  facet normal 0.558255 0.809032 0.183897
    outer loop
      vertex 77.153 14.4311 44.2565
      vertex 78.6539 14.001 41.5924
      vertex 78.0916 14.4311 41.4072
    endloop
  endfacet
  facet normal 0.558327 0.808987 0.183875
    outer loop
      vertex 76.7766 14.001 47.2911
      vertex 76.058 14.4311 47.5808
      vertex 76.6202 14.001 47.766
    endloop
  endfacet
  facet normal 0.558327 0.808987 0.183875
    outer loop
      vertex 76.058 14.4311 47.5808
      vertex 76.7766 14.001 47.2911
      vertex 76.2144 14.4311 47.1059
    endloop
  endfacet
  facet normal 0.386304 0.913551 0.127254
    outer loop
      vertex 78.0916 14.4311 41.4072
      vertex 76.5181 14.7287 44.0474
      vertex 77.153 14.4311 44.2565
    endloop
  endfacet
  facet normal 0.386332 0.913537 0.127272
    outer loop
      vertex 76.5181 14.7287 44.0474
      vertex 78.0916 14.4311 41.4072
      vertex 77.4568 14.7287 41.198
    endloop
  endfacet
  facet normal 0.386313 0.913551 0.127225
    outer loop
      vertex 76.2144 14.4311 47.1059
      vertex 75.4231 14.7287 47.3717
      vertex 76.058 14.4311 47.5808
    endloop
  endfacet
  facet normal 0.386313 0.913551 0.127225
    outer loop
      vertex 75.4231 14.7287 47.3717
      vertex 76.2144 14.4311 47.1059
      vertex 75.5795 14.7287 46.8968
    endloop
  endfacet
  facet normal -0.197488 0.978144 -0.0650553
    outer loop
      vertex 76.082 14.8808 40.7452
      vertex 74.5411 14.746 43.3961
      vertex 75.1434 14.8808 43.5945
    endloop
  endfacet
  facet normal -0.197479 0.978146 -0.0650502
    outer loop
      vertex 74.5411 14.746 43.3961
      vertex 76.082 14.8808 40.7452
      vertex 75.4797 14.746 40.5467
    endloop
  endfacet
  facet normal -0.19748 0.978144 -0.0650782
    outer loop
      vertex 74.2048 14.8808 46.4439
      vertex 73.446 14.746 46.7204
      vertex 74.0483 14.8808 46.9188
    endloop
  endfacet
  facet normal -0.19748 0.978144 -0.0650782
    outer loop
      vertex 73.446 14.746 46.7204
      vertex 74.2048 14.8808 46.4439
      vertex 73.6025 14.746 46.2455
    endloop
  endfacet
  facet normal 0.822533 -0.500029 0.270945
    outer loop
      vertex 78.1803 9.34275 44.5949
      vertex 79.4664 9.97642 41.86
      vertex 78.5278 9.97642 44.7094
    endloop
  endfacet
  facet normal 0.822533 -0.500029 0.270945
    outer loop
      vertex 79.4664 9.97642 41.86
      vertex 78.1803 9.34275 44.5949
      vertex 79.1189 9.34275 41.7455
    endloop
  endfacet
  facet normal 0.82255 -0.500029 0.270892
    outer loop
      vertex 77.0852 9.34275 47.9192
      vertex 77.5891 9.97642 47.5588
      vertex 77.4327 9.97642 48.0337
    endloop
  endfacet
  facet normal 0.822552 -0.499932 0.271066
    outer loop
      vertex 77.5891 9.97642 47.5588
      vertex 77.0852 9.34275 47.9192
      vertex 77.2417 9.34275 47.4443
    endloop
  endfacet
  facet normal 0.822527 0.50007 0.270885
    outer loop
      vertex 77.5891 12.8236 47.5588
      vertex 77.0852 13.4572 47.9192
      vertex 77.4327 12.8236 48.0337
    endloop
  endfacet
  facet normal 0.822529 0.499973 0.271059
    outer loop
      vertex 77.0852 13.4572 47.9192
      vertex 77.5891 12.8236 47.5588
      vertex 77.2417 13.4572 47.4443
    endloop
  endfacet
  facet normal 0.82251 0.50007 0.270937
    outer loop
      vertex 79.4664 12.8236 41.86
      vertex 78.1803 13.4572 44.5949
      vertex 78.5278 12.8236 44.7094
    endloop
  endfacet
  facet normal 0.82251 0.50007 0.270937
    outer loop
      vertex 78.1803 13.4572 44.5949
      vertex 79.4664 12.8236 41.86
      vertex 79.1189 13.4572 41.7455
    endloop
  endfacet
  facet normal 0.903338 0.30893 0.297562
    outer loop
      vertex 79.6811 12.1277 41.9307
      vertex 78.5278 12.8236 44.7094
      vertex 78.7425 12.1277 44.7801
    endloop
  endfacet
  facet normal 0.903338 0.30893 0.297562
    outer loop
      vertex 78.5278 12.8236 44.7094
      vertex 79.6811 12.1277 41.9307
      vertex 79.4664 12.8236 41.86
    endloop
  endfacet
  facet normal 0.90332 0.309047 0.297493
    outer loop
      vertex 77.8039 12.1277 47.6295
      vertex 77.4327 12.8236 48.0337
      vertex 77.6475 12.1277 48.1044
    endloop
  endfacet
  facet normal 0.90332 0.309047 0.297493
    outer loop
      vertex 77.4327 12.8236 48.0337
      vertex 77.8039 12.1277 47.6295
      vertex 77.5891 12.8236 47.5588
    endloop
  endfacet
  facet normal 0.705871 0.669091 0.232516
    outer loop
      vertex 79.1189 13.4572 41.7455
      vertex 77.7153 14.001 44.4417
      vertex 78.1803 13.4572 44.5949
    endloop
  endfacet
  facet normal 0.705889 0.669067 0.23253
    outer loop
      vertex 77.7153 14.001 44.4417
      vertex 79.1189 13.4572 41.7455
      vertex 78.6539 14.001 41.5924
    endloop
  endfacet
  facet normal 0.705842 0.669091 0.232605
    outer loop
      vertex 77.2417 13.4572 47.4443
      vertex 76.6202 14.001 47.766
      vertex 77.0852 13.4572 47.9192
    endloop
  endfacet
  facet normal 0.705825 0.669162 0.232451
    outer loop
      vertex 76.6202 14.001 47.766
      vertex 77.2417 13.4572 47.4443
      vertex 76.7766 14.001 47.2911
    endloop
  endfacet
  facet normal 0.197458 0.978151 0.06505
    outer loop
      vertex 77.4568 14.7287 41.198
      vertex 75.8384 14.8808 43.8235
      vertex 76.5181 14.7287 44.0474
    endloop
  endfacet
  facet normal 0.197435 0.978156 0.0650355
    outer loop
      vertex 75.8384 14.8808 43.8235
      vertex 77.4568 14.7287 41.198
      vertex 76.777 14.8808 40.9741
    endloop
  endfacet
  facet normal 0.197439 0.978156 0.065023
    outer loop
      vertex 75.5795 14.7287 46.8968
      vertex 74.7433 14.8808 47.1478
      vertex 75.4231 14.7287 47.3717
    endloop
  endfacet
  facet normal 0.197439 0.978156 0.065023
    outer loop
      vertex 74.7433 14.8808 47.1478
      vertex 75.5795 14.7287 46.8968
      vertex 74.8997 14.8808 46.6729
    endloop
  endfacet
  facet normal -0.903327 0.308934 -0.29759
    outer loop
      vertex 72.2392 12.1277 42.6379
      vertex 73.2619 12.4 39.8162
      vertex 73.1779 12.1277 39.7885
    endloop
  endfacet
  facet normal -0.903244 0.309234 -0.297531
    outer loop
      vertex 73.2619 12.4 39.8162
      vertex 72.2392 12.1277 42.6379
      vertex 72.3233 12.4 42.6656
    endloop
  endfacet
  facet normal -0.903293 0.309135 -0.297484
    outer loop
      vertex 71.1442 12.1277 45.9622
      vertex 71.3847 12.4 45.5149
      vertex 71.3006 12.1277 45.4873
    endloop
  endfacet
  facet normal -0.903329 0.308835 -0.297686
    outer loop
      vertex 71.3847 12.4 45.5149
      vertex 71.1442 12.1277 45.9622
      vertex 71.2282 12.4 45.9898
    endloop
  endfacet
  facet normal -0.312848 -2.50759e-05 0.949803
    outer loop
      vertex 73.7072 10.1443 46.8065
      vertex 72.1714 8.79899 46.3006
      vertex 72.7337 8.36891 46.4858
    endloop
  endfacet
  facet normal -0.312895 -0.000125086 0.949788
    outer loop
      vertex 71.1442 12.1277 45.9622
      vertex 73.0186 11.4 46.5796
      vertex 73.0655 11.7753 46.5951
    endloop
  endfacet
  facet normal -0.312895 2.09922e-05 0.949788
    outer loop
      vertex 73.0655 11.0247 46.5951
      vertex 71.7064 9.34275 46.1474
      vertex 72.1714 8.79899 46.3006
    endloop
  endfacet
  facet normal -0.312883 7.76953e-05 0.949792
    outer loop
      vertex 71.2282 12.4 45.9898
      vertex 73.0655 11.7753 46.5951
      vertex 73.2031 12.125 46.6404
    endloop
  endfacet
  facet normal -0.312902 2.70673e-05 0.949786
    outer loop
      vertex 73.0655 11.0247 46.5951
      vertex 71.3589 9.97642 46.0329
      vertex 71.7064 9.34275 46.1474
    endloop
  endfacet
  facet normal -0.312886 5.84919e-05 0.949791
    outer loop
      vertex 71.2282 12.4 45.9898
      vertex 73.2031 12.125 46.6404
      vertex 73.4035 12.4 46.7064
    endloop
  endfacet
  facet normal -0.312836 0.000233203 0.949807
    outer loop
      vertex 73.0655 11.7753 46.5951
      vertex 71.2282 12.4 45.9898
      vertex 71.1442 12.1277 45.9622
    endloop
  endfacet
  facet normal -0.312875 -6.74487e-05 0.949794
    outer loop
      vertex 73.0186 11.4 46.5796
      vertex 71.1442 12.1277 45.9622
      vertex 71.0715 11.4 45.9382
    endloop
  endfacet
  facet normal -0.312869 -3.20845e-05 0.949796
    outer loop
      vertex 73.0655 11.0247 46.5951
      vertex 71.1442 10.6723 45.9622
      vertex 71.3589 9.97642 46.0329
    endloop
  endfacet
  facet normal -0.312875 6.74487e-05 0.949794
    outer loop
      vertex 73.0186 11.4 46.5796
      vertex 71.0715 11.4 45.9382
      vertex 71.1442 10.6723 45.9622
    endloop
  endfacet
  facet normal -0.312831 -1.521e-05 0.949809
    outer loop
      vertex 75.773 11.4 47.487
      vertex 77.7201 11.4 48.1283
      vertex 77.6475 12.1277 48.1044
    endloop
  endfacet
  facet normal -0.312848 -6.98773e-05 0.949803
    outer loop
      vertex 75.7261 11.7753 47.4715
      vertex 77.6475 12.1277 48.1044
      vertex 77.4327 12.8236 48.0337
    endloop
  endfacet
  facet normal -0.312831 1.521e-05 0.949809
    outer loop
      vertex 77.7201 11.4 48.1283
      vertex 75.773 11.4 47.487
      vertex 77.6475 10.6723 48.1044
    endloop
  endfacet
  facet normal -0.312886 3.67802e-05 0.949791
    outer loop
      vertex 75.5885 12.125 47.4262
      vertex 77.4327 12.8236 48.0337
      vertex 77.0852 13.4572 47.9192
    endloop
  endfacet
  facet normal -0.31288 -0.000127076 0.949793
    outer loop
      vertex 75.7261 11.0247 47.4715
      vertex 77.6475 10.6723 48.1044
      vertex 75.773 11.4 47.487
    endloop
  endfacet
  facet normal -0.312886 2.89767e-05 0.949791
    outer loop
      vertex 75.3697 12.4253 47.3541
      vertex 77.0852 13.4572 47.9192
      vertex 76.6202 14.001 47.766
    endloop
  endfacet
  facet normal -0.312848 6.98792e-05 0.949803
    outer loop
      vertex 77.6475 10.6723 48.1044
      vertex 75.7261 11.0247 47.4715
      vertex 77.4327 9.97642 48.0337
    endloop
  endfacet
  facet normal -0.312875 8.83514e-06 0.949794
    outer loop
      vertex 75.0844 12.6557 47.2601
      vertex 76.6202 14.001 47.766
      vertex 76.058 14.4311 47.5808
    endloop
  endfacet
  facet normal -0.312851 6.37524e-05 0.949802
    outer loop
      vertex 75.5885 10.675 47.4262
      vertex 77.4327 9.97642 48.0337
      vertex 75.7261 11.0247 47.4715
    endloop
  endfacet
  facet normal -0.312886 -3.67771e-05 0.949791
    outer loop
      vertex 77.4327 9.97642 48.0337
      vertex 75.5885 10.675 47.4262
      vertex 77.0852 9.34275 47.9192
    endloop
  endfacet
  facet normal -0.31288 0.000127076 0.949793
    outer loop
      vertex 77.6475 12.1277 48.1044
      vertex 75.7261 11.7753 47.4715
      vertex 75.773 11.4 47.487
    endloop
  endfacet
  facet normal -0.312851 -6.37522e-05 0.949802
    outer loop
      vertex 77.4327 12.8236 48.0337
      vertex 75.5885 12.125 47.4262
      vertex 75.7261 11.7753 47.4715
    endloop
  endfacet
  facet normal -0.312829 -3.24346e-05 0.94981
    outer loop
      vertex 74.7523 12.8006 47.1507
      vertex 76.058 14.4311 47.5808
      vertex 75.4231 14.7287 47.3717
    endloop
  endfacet
  facet normal -0.312901 5.59788e-05 0.949786
    outer loop
      vertex 77.0852 13.4572 47.9192
      vertex 75.3697 12.4253 47.3541
      vertex 75.5885 12.125 47.4262
    endloop
  endfacet
  facet normal -0.3129 4.11119e-05 0.949786
    outer loop
      vertex 76.6202 14.001 47.766
      vertex 75.0844 12.6557 47.2601
      vertex 75.3697 12.4253 47.3541
    endloop
  endfacet
  facet normal -0.312876 9.58003e-06 0.949794
    outer loop
      vertex 76.058 14.4311 47.5808
      vertex 74.7523 12.8006 47.1507
      vertex 75.0844 12.6557 47.2601
    endloop
  endfacet
  facet normal -0.312836 -2.93665e-05 0.949807
    outer loop
      vertex 74.7433 14.8808 47.1478
      vertex 74.7523 12.8006 47.1507
      vertex 75.4231 14.7287 47.3717
    endloop
  endfacet
  facet normal -0.312792 -2.91554e-05 0.949822
    outer loop
      vertex 74.7433 14.8808 47.1478
      vertex 74.3958 12.85 47.0333
      vertex 74.7523 12.8006 47.1507
    endloop
  endfacet
  facet normal -0.312946 1.09263e-15 0.949771
    outer loop
      vertex 74.0483 14.8808 46.9188
      vertex 74.3958 12.85 47.0333
      vertex 74.7433 14.8808 47.1478
    endloop
  endfacet
  facet normal -0.31287 1.44852e-05 0.949796
    outer loop
      vertex 74.0483 14.8808 46.9188
      vertex 74.0394 12.8006 46.9159
      vertex 74.3958 12.85 47.0333
    endloop
  endfacet
  facet normal -0.31287 1.44855e-05 0.949796
    outer loop
      vertex 73.446 14.746 46.7204
      vertex 74.0394 12.8006 46.9159
      vertex 74.0483 14.8808 46.9188
    endloop
  endfacet
  facet normal -0.312809 3.52041e-05 0.949816
    outer loop
      vertex 74.0394 12.8006 46.9159
      vertex 73.446 14.746 46.7204
      vertex 73.7072 12.6557 46.8065
    endloop
  endfacet
  facet normal -0.313063 0 0.949732
    outer loop
      vertex 73.7072 12.6557 46.8065
      vertex 73.446 14.746 46.7204
      vertex 73.446 12.4447 46.7204
    endloop
  endfacet
  facet normal -0.312901 -5.59779e-05 0.949786
    outer loop
      vertex 75.3697 10.3747 47.3541
      vertex 77.0852 9.34275 47.9192
      vertex 75.5885 10.675 47.4262
    endloop
  endfacet
  facet normal -0.312886 -2.89776e-05 0.949791
    outer loop
      vertex 77.0852 9.34275 47.9192
      vertex 75.3697 10.3747 47.3541
      vertex 76.6202 8.79899 47.766
    endloop
  endfacet
  facet normal -0.3129 -4.11117e-05 0.949786
    outer loop
      vertex 75.0844 10.1443 47.2601
      vertex 76.6202 8.79899 47.766
      vertex 75.3697 10.3747 47.3541
    endloop
  endfacet
  facet normal -0.312875 -8.8353e-06 0.949794
    outer loop
      vertex 76.6202 8.79899 47.766
      vertex 75.0844 10.1443 47.2601
      vertex 76.058 8.36891 47.5808
    endloop
  endfacet
  facet normal -0.312876 -9.5802e-06 0.949794
    outer loop
      vertex 74.7523 9.99941 47.1507
      vertex 76.058 8.36891 47.5808
      vertex 75.0844 10.1443 47.2601
    endloop
  endfacet
  facet normal -0.312829 3.24343e-05 0.94981
    outer loop
      vertex 76.058 8.36891 47.5808
      vertex 74.7523 9.99941 47.1507
      vertex 75.4231 8.0713 47.3717
    endloop
  endfacet
  facet normal -0.312837 2.9366e-05 0.949807
    outer loop
      vertex 74.7523 9.99941 47.1507
      vertex 74.7433 7.91917 47.1478
      vertex 75.4231 8.0713 47.3717
    endloop
  endfacet
  facet normal -0.312792 2.91549e-05 0.949822
    outer loop
      vertex 74.3958 9.95 47.0333
      vertex 74.7433 7.91917 47.1478
      vertex 74.7523 9.99941 47.1507
    endloop
  endfacet
  facet normal -0.312946 -1.09728e-15 0.949771
    outer loop
      vertex 74.3958 9.95 47.0333
      vertex 74.0483 7.91917 46.9188
      vertex 74.7433 7.91917 47.1478
    endloop
  endfacet
  facet normal -0.31287 -1.44849e-05 0.949796
    outer loop
      vertex 74.0394 9.99941 46.9159
      vertex 74.0483 7.91917 46.9188
      vertex 74.3958 9.95 47.0333
    endloop
  endfacet
  facet normal -0.312813 -4.63188e-05 0.949815
    outer loop
      vertex 72.7337 8.36891 46.4858
      vertex 74.0394 9.99941 46.9159
      vertex 73.7072 10.1443 46.8065
    endloop
  endfacet
  facet normal -0.312952 0.000106267 0.949769
    outer loop
      vertex 72.1714 8.79899 46.3006
      vertex 73.7072 10.1443 46.8065
      vertex 73.422 10.3747 46.7125
    endloop
  endfacet
  facet normal -0.312875 -1.451e-05 0.949794
    outer loop
      vertex 74.0394 9.99941 46.9159
      vertex 73.3686 8.0713 46.6949
      vertex 74.0483 7.91917 46.9188
    endloop
  endfacet
  facet normal -0.312836 4.41631e-06 0.949807
    outer loop
      vertex 72.1714 8.79899 46.3006
      vertex 73.422 10.3747 46.7125
      vertex 73.2031 10.675 46.6404
    endloop
  endfacet
  facet normal -0.312777 -3.14141e-05 0.949827
    outer loop
      vertex 72.1714 8.79899 46.3006
      vertex 73.2031 10.675 46.6404
      vertex 73.0655 11.0247 46.5951
    endloop
  endfacet
  facet normal -0.312895 0.000125086 0.949788
    outer loop
      vertex 71.1442 10.6723 45.9622
      vertex 73.0655 11.0247 46.5951
      vertex 73.0186 11.4 46.5796
    endloop
  endfacet
  facet normal -0.312829 -3.24343e-05 0.94981
    outer loop
      vertex 74.0394 9.99941 46.9159
      vertex 72.7337 8.36891 46.4858
      vertex 73.3686 8.0713 46.6949
    endloop
  endfacet
  facet normal 0.944584 -0.104629 0.311149
    outer loop
      vertex 78.7425 10.6723 44.7801
      vertex 79.7538 11.4 41.9547
      vertex 78.8152 11.4 44.8041
    endloop
  endfacet
  facet normal 0.944584 -0.104629 0.311149
    outer loop
      vertex 79.7538 11.4 41.9547
      vertex 78.7425 10.6723 44.7801
      vertex 79.6811 10.6723 41.9307
    endloop
  endfacet
  facet normal 0.944621 -0.104459 0.311094
    outer loop
      vertex 77.6475 10.6723 48.1044
      vertex 77.8765 11.4 47.6534
      vertex 77.7201 11.4 48.1283
    endloop
  endfacet
  facet normal 0.944621 -0.104459 0.311094
    outer loop
      vertex 77.8765 11.4 47.6534
      vertex 77.6475 10.6723 48.1044
      vertex 77.8039 10.6723 47.6295
    endloop
  endfacet
  facet normal 0.312875 6.74487e-05 -0.949794
    outer loop
      vertex 77.8067 11.4 41.3133
      vertex 79.7538 11.4 41.9547
      vertex 79.6811 10.6723 41.9307
    endloop
  endfacet
  facet normal 0.312869 -3.20845e-05 -0.949796
    outer loop
      vertex 77.7598 11.0247 41.2978
      vertex 79.6811 10.6723 41.9307
      vertex 79.4664 9.97642 41.86
    endloop
  endfacet
  facet normal 0.312875 -6.74487e-05 -0.949794
    outer loop
      vertex 79.7538 11.4 41.9547
      vertex 77.8067 11.4 41.3133
      vertex 79.6811 12.1277 41.9307
    endloop
  endfacet
  facet normal 0.312886 3.67771e-05 -0.949791
    outer loop
      vertex 77.6222 10.675 41.2525
      vertex 79.4664 9.97642 41.86
      vertex 79.1189 9.34275 41.7455
    endloop
  endfacet
  facet normal 0.312895 -0.000125086 -0.949788
    outer loop
      vertex 77.7598 11.7753 41.2978
      vertex 79.6811 12.1277 41.9307
      vertex 77.8067 11.4 41.3133
    endloop
  endfacet
  facet normal 0.312813 -7.60669e-05 -0.949815
    outer loop
      vertex 77.4033 10.3747 41.1804
      vertex 79.1189 9.34275 41.7455
      vertex 78.6539 8.79899 41.5924
    endloop
  endfacet
  facet normal 0.312869 3.20836e-05 -0.949796
    outer loop
      vertex 79.6811 12.1277 41.9307
      vertex 77.7598 11.7753 41.2978
      vertex 79.4664 12.8236 41.86
    endloop
  endfacet
  facet normal 0.312848 -2.50759e-05 -0.949803
    outer loop
      vertex 77.1181 10.1443 41.0865
      vertex 78.6539 8.79899 41.5924
      vertex 78.0916 8.36891 41.4072
    endloop
  endfacet
  facet normal 0.312851 6.37522e-05 -0.949802
    outer loop
      vertex 77.6222 12.125 41.2525
      vertex 79.4664 12.8236 41.86
      vertex 77.7598 11.7753 41.2978
    endloop
  endfacet
  facet normal 0.312886 -3.67802e-05 -0.949791
    outer loop
      vertex 79.4664 12.8236 41.86
      vertex 77.6222 12.125 41.2525
      vertex 79.1189 13.4572 41.7455
    endloop
  endfacet
  facet normal 0.312895 0.000125086 -0.949788
    outer loop
      vertex 79.6811 10.6723 41.9307
      vertex 77.7598 11.0247 41.2978
      vertex 77.8067 11.4 41.3133
    endloop
  endfacet
  facet normal 0.312851 -6.37524e-05 -0.949802
    outer loop
      vertex 79.4664 9.97642 41.86
      vertex 77.6222 10.675 41.2525
      vertex 77.7598 11.0247 41.2978
    endloop
  endfacet
  facet normal 0.312977 4.10158e-05 -0.949761
    outer loop
      vertex 76.7859 9.99941 40.977
      vertex 78.0916 8.36891 41.4072
      vertex 77.4568 8.0713 41.198
    endloop
  endfacet
  facet normal 0.31285 -7.21559e-06 -0.949802
    outer loop
      vertex 79.1189 9.34275 41.7455
      vertex 77.4033 10.3747 41.1804
      vertex 77.6222 10.675 41.2525
    endloop
  endfacet
  facet normal 0.312795 -9.15138e-05 -0.949821
    outer loop
      vertex 78.6539 8.79899 41.5924
      vertex 77.1181 10.1443 41.0865
      vertex 77.4033 10.3747 41.1804
    endloop
  endfacet
  facet normal 0.313021 8.01944e-05 -0.949746
    outer loop
      vertex 78.0916 8.36891 41.4072
      vertex 76.7859 9.99941 40.977
      vertex 77.1181 10.1443 41.0865
    endloop
  endfacet
  facet normal 0.312833 -1.43131e-05 -0.949808
    outer loop
      vertex 76.777 7.91917 40.9741
      vertex 76.7859 9.99941 40.977
      vertex 77.4568 8.0713 41.198
    endloop
  endfacet
  facet normal 0.31287 -1.44849e-05 -0.949796
    outer loop
      vertex 76.777 7.91917 40.9741
      vertex 76.4295 9.95 40.8596
      vertex 76.7859 9.99941 40.977
    endloop
  endfacet
  facet normal 0.312823 -2.33848e-05 -0.949812
    outer loop
      vertex 76.082 7.91917 40.7452
      vertex 76.4295 9.95 40.8596
      vertex 76.777 7.91917 40.9741
    endloop
  endfacet
  facet normal 0.312864 -3.12003e-05 -0.949798
    outer loop
      vertex 76.082 7.91917 40.7452
      vertex 76.0731 9.99941 40.7422
      vertex 76.4295 9.95 40.8596
    endloop
  endfacet
  facet normal 0.31295 -3.07897e-05 -0.949769
    outer loop
      vertex 75.4022 8.0713 40.5212
      vertex 76.0731 9.99941 40.7422
      vertex 76.082 7.91917 40.7452
    endloop
  endfacet
  facet normal 0.312861 3.7428e-06 -0.949799
    outer loop
      vertex 74.7674 8.36891 40.3121
      vertex 76.0731 9.99941 40.7422
      vertex 75.4022 8.0713 40.5212
    endloop
  endfacet
  facet normal 0.312813 4.63188e-05 -0.949815
    outer loop
      vertex 76.0731 9.99941 40.7422
      vertex 74.7674 8.36891 40.3121
      vertex 75.7409 10.1443 40.6328
    endloop
  endfacet
  facet normal 0.312848 2.50759e-05 -0.949803
    outer loop
      vertex 74.2051 8.79899 40.1269
      vertex 75.7409 10.1443 40.6328
      vertex 74.7674 8.36891 40.3121
    endloop
  endfacet
  facet normal 0.312952 -0.000106267 -0.949769
    outer loop
      vertex 75.7409 10.1443 40.6328
      vertex 74.2051 8.79899 40.1269
      vertex 75.4557 10.3747 40.5388
    endloop
  endfacet
  facet normal 0.312875 -3.92764e-05 -0.949794
    outer loop
      vertex 73.7401 9.34275 39.9737
      vertex 75.4557 10.3747 40.5388
      vertex 74.2051 8.79899 40.1269
    endloop
  endfacet
  facet normal 0.31285 7.21559e-06 -0.949802
    outer loop
      vertex 75.4557 10.3747 40.5388
      vertex 73.7401 9.34275 39.9737
      vertex 75.2368 10.675 40.4667
    endloop
  endfacet
  facet normal 0.31285 7.21569e-06 -0.949802
    outer loop
      vertex 77.4033 12.4253 41.1804
      vertex 79.1189 13.4572 41.7455
      vertex 77.6222 12.125 41.2525
    endloop
  endfacet
  facet normal 0.312813 7.60644e-05 -0.949815
    outer loop
      vertex 79.1189 13.4572 41.7455
      vertex 77.4033 12.4253 41.1804
      vertex 78.6539 14.001 41.5924
    endloop
  endfacet
  facet normal 0.312795 9.15142e-05 -0.949821
    outer loop
      vertex 77.1181 12.6557 41.0865
      vertex 78.6539 14.001 41.5924
      vertex 77.4033 12.4253 41.1804
    endloop
  endfacet
  facet normal 0.312848 2.50754e-05 -0.949803
    outer loop
      vertex 78.6539 14.001 41.5924
      vertex 77.1181 12.6557 41.0865
      vertex 78.0916 14.4311 41.4072
    endloop
  endfacet
  facet normal 0.313021 -8.01929e-05 -0.949746
    outer loop
      vertex 76.7859 12.8006 40.977
      vertex 78.0916 14.4311 41.4072
      vertex 77.1181 12.6557 41.0865
    endloop
  endfacet
  facet normal 0.312977 -4.10161e-05 -0.949761
    outer loop
      vertex 78.0916 14.4311 41.4072
      vertex 76.7859 12.8006 40.977
      vertex 77.4568 14.7287 41.198
    endloop
  endfacet
  facet normal 0.312833 1.43133e-05 -0.949808
    outer loop
      vertex 76.7859 12.8006 40.977
      vertex 76.777 14.8808 40.9741
      vertex 77.4568 14.7287 41.198
    endloop
  endfacet
  facet normal 0.31287 1.44852e-05 -0.949796
    outer loop
      vertex 76.4295 12.85 40.8596
      vertex 76.777 14.8808 40.9741
      vertex 76.7859 12.8006 40.977
    endloop
  endfacet
  facet normal 0.312823 2.33852e-05 -0.949812
    outer loop
      vertex 76.4295 12.85 40.8596
      vertex 76.082 14.8808 40.7452
      vertex 76.777 14.8808 40.9741
    endloop
  endfacet
  facet normal 0.312864 3.12009e-05 -0.949798
    outer loop
      vertex 76.0731 12.8006 40.7422
      vertex 76.082 14.8808 40.7452
      vertex 76.4295 12.85 40.8596
    endloop
  endfacet
  facet normal 0.312809 -3.52041e-05 -0.949816
    outer loop
      vertex 75.4797 14.746 40.5467
      vertex 76.0731 12.8006 40.7422
      vertex 75.7409 12.6557 40.6328
    endloop
  endfacet
  facet normal 0.313063 0 -0.949732
    outer loop
      vertex 75.4797 14.746 40.5467
      vertex 75.7409 12.6557 40.6328
      vertex 75.4797 12.4447 40.5467
    endloop
  endfacet
  facet normal 0.313003 3.05404e-05 -0.949752
    outer loop
      vertex 76.0731 12.8006 40.7422
      vertex 75.4797 14.746 40.5467
      vertex 76.082 14.8808 40.7452
    endloop
  endfacet
  facet normal 0.312886 -3.67771e-05 -0.949791
    outer loop
      vertex 73.3926 9.97642 39.8592
      vertex 75.2368 10.675 40.4667
      vertex 73.7401 9.34275 39.9737
    endloop
  endfacet
  facet normal 0.312851 6.37524e-05 -0.949802
    outer loop
      vertex 75.2368 10.675 40.4667
      vertex 73.3926 9.97642 39.8592
      vertex 75.0992 11.0247 40.4214
    endloop
  endfacet
  facet normal 0.312869 3.20845e-05 -0.949796
    outer loop
      vertex 73.1779 10.6723 39.7885
      vertex 75.0992 11.0247 40.4214
      vertex 73.3926 9.97642 39.8592
    endloop
  endfacet
  facet normal 0.312854 0.000122319 -0.949801
    outer loop
      vertex 75.0992 11.0247 40.4214
      vertex 73.1779 10.6723 39.7885
      vertex 75.0523 11.4 40.406
    endloop
  endfacet
  facet normal 0.312875 6.30714e-05 -0.949794
    outer loop
      vertex 73.1052 11.4 39.7646
      vertex 75.0523 11.4 40.406
      vertex 73.1779 10.6723 39.7885
    endloop
  endfacet
  facet normal 0.312875 -6.30714e-05 -0.949794
    outer loop
      vertex 73.1779 12.1277 39.7885
      vertex 75.0523 11.4 40.406
      vertex 73.1052 11.4 39.7646
    endloop
  endfacet
  facet normal 0.312854 -0.000122319 -0.949801
    outer loop
      vertex 75.0523 11.4 40.406
      vertex 73.1779 12.1277 39.7885
      vertex 75.0992 11.7753 40.4214
    endloop
  endfacet
  facet normal 0.31289 9.69254e-05 -0.949789
    outer loop
      vertex 73.2619 12.4 39.8162
      vertex 75.0992 11.7753 40.4214
      vertex 73.1779 12.1277 39.7885
    endloop
  endfacet
  facet normal 0.312842 -5.97554e-05 -0.949805
    outer loop
      vertex 75.0992 11.7753 40.4214
      vertex 73.2619 12.4 39.8162
      vertex 75.2368 12.125 40.4667
    endloop
  endfacet
  facet normal 0.312886 0.000286887 -0.949791
    outer loop
      vertex 75.2368 12.125 40.4667
      vertex 73.2619 12.4 39.8162
      vertex 75.4372 12.4 40.5328
    endloop
  endfacet
  facet normal 0.197476 -0.978148 0.0650353
    outer loop
      vertex 74.7433 7.91917 47.1478
      vertex 75.5795 8.0713 46.8968
      vertex 75.4231 8.0713 47.3717
    endloop
  endfacet
  facet normal 0.197476 -0.978148 0.0650353
    outer loop
      vertex 75.5795 8.0713 46.8968
      vertex 74.7433 7.91917 47.1478
      vertex 74.8997 7.91917 46.6729
    endloop
  endfacet
  facet normal 0.197495 -0.978142 0.0650623
    outer loop
      vertex 75.8384 7.91917 43.8235
      vertex 77.4568 8.0713 41.198
      vertex 76.5181 8.0713 44.0474
    endloop
  endfacet
  facet normal 0.197472 -0.978148 0.0650478
    outer loop
      vertex 77.4568 8.0713 41.198
      vertex 75.8384 7.91917 43.8235
      vertex 76.777 7.91917 40.9741
    endloop
  endfacet
  facet normal 0.55831 -0.809 0.18387
    outer loop
      vertex 76.058 8.36891 47.5808
      vertex 76.7766 8.79899 47.2911
      vertex 76.6202 8.79899 47.766
    endloop
  endfacet
  facet normal 0.55831 -0.809 0.18387
    outer loop
      vertex 76.7766 8.79899 47.2911
      vertex 76.058 8.36891 47.5808
      vertex 76.2144 8.36891 47.1059
    endloop
  endfacet
  facet normal 0.558238 -0.809045 0.183892
    outer loop
      vertex 77.153 8.36891 44.2565
      vertex 78.6539 8.79899 41.5924
      vertex 77.7153 8.79899 44.4417
    endloop
  endfacet
  facet normal 0.558238 -0.809045 0.183892
    outer loop
      vertex 78.6539 8.79899 41.5924
      vertex 77.153 8.36891 44.2565
      vertex 78.0916 8.36891 41.4072
    endloop
  endfacet
  facet normal 0.705818 -0.669118 0.232598
    outer loop
      vertex 76.6202 8.79899 47.766
      vertex 77.2417 9.34275 47.4443
      vertex 77.0852 9.34275 47.9192
    endloop
  endfacet
  facet normal 0.705801 -0.66919 0.232443
    outer loop
      vertex 77.2417 9.34275 47.4443
      vertex 76.6202 8.79899 47.766
      vertex 76.7766 8.79899 47.2911
    endloop
  endfacet
  facet normal 0.705848 -0.669118 0.232508
    outer loop
      vertex 77.7153 8.79899 44.4417
      vertex 79.1189 9.34275 41.7455
      vertex 78.1803 9.34275 44.5949
    endloop
  endfacet
  facet normal 0.705866 -0.669094 0.232522
    outer loop
      vertex 79.1189 9.34275 41.7455
      vertex 77.7153 8.79899 44.4417
      vertex 78.6539 8.79899 41.5924
    endloop
  endfacet
  facet normal 0.903335 -0.308938 0.297561
    outer loop
      vertex 78.5278 9.97642 44.7094
      vertex 79.6811 10.6723 41.9307
      vertex 78.7425 10.6723 44.7801
    endloop
  endfacet
  facet normal 0.903335 -0.308938 0.297561
    outer loop
      vertex 79.6811 10.6723 41.9307
      vertex 78.5278 9.97642 44.7094
      vertex 79.4664 9.97642 41.86
    endloop
  endfacet
  facet normal 0.903318 -0.309055 0.297492
    outer loop
      vertex 77.4327 9.97642 48.0337
      vertex 77.8039 10.6723 47.6295
      vertex 77.6475 10.6723 48.1044
    endloop
  endfacet
  facet normal 0.903318 -0.309055 0.297492
    outer loop
      vertex 77.8039 10.6723 47.6295
      vertex 77.4327 9.97642 48.0337
      vertex 77.5891 9.97642 47.5588
    endloop
  endfacet
  facet normal -0.386324 -0.913546 -0.127229
    outer loop
      vertex 72.7337 8.36891 46.4858
      vertex 73.525 8.0713 46.22
      vertex 73.3686 8.0713 46.6949
    endloop
  endfacet
  facet normal -0.386324 -0.913546 -0.127229
    outer loop
      vertex 73.525 8.0713 46.22
      vertex 72.7337 8.36891 46.4858
      vertex 72.8901 8.36891 46.0109
    endloop
  endfacet
  facet normal -0.386316 -0.913546 -0.127253
    outer loop
      vertex 73.8287 8.36891 43.1615
      vertex 75.4022 8.0713 40.5212
      vertex 74.4636 8.0713 43.3706
    endloop
  endfacet
  facet normal -0.386357 -0.913525 -0.127281
    outer loop
      vertex 75.4022 8.0713 40.5212
      vertex 73.8287 8.36891 43.1615
      vertex 74.7674 8.36891 40.3121
    endloop
  endfacet
  facet normal -0.822533 -0.500029 -0.270945
    outer loop
      vertex 73.7401 9.34275 39.9737
      vertex 72.454 9.97642 42.7086
      vertex 73.3926 9.97642 39.8592
    endloop
  endfacet
  facet normal -0.822533 -0.500029 -0.270945
    outer loop
      vertex 72.454 9.97642 42.7086
      vertex 73.7401 9.34275 39.9737
      vertex 72.8015 9.34275 42.8231
    endloop
  endfacet
  facet normal -0.822498 -0.500029 -0.271049
    outer loop
      vertex 71.8629 9.34275 45.6725
      vertex 71.3589 9.97642 46.0329
      vertex 71.5154 9.97642 45.558
    endloop
  endfacet
  facet normal -0.822498 -0.500029 -0.271049
    outer loop
      vertex 71.3589 9.97642 46.0329
      vertex 71.8629 9.34275 45.6725
      vertex 71.7064 9.34275 46.1474
    endloop
  endfacet
  facet normal 0.386324 -0.913546 0.127229
    outer loop
      vertex 75.4231 8.0713 47.3717
      vertex 76.2144 8.36891 47.1059
      vertex 76.058 8.36891 47.5808
    endloop
  endfacet
  facet normal 0.386324 -0.913546 0.127229
    outer loop
      vertex 76.2144 8.36891 47.1059
      vertex 75.4231 8.0713 47.3717
      vertex 75.5795 8.0713 46.8968
    endloop
  endfacet
  facet normal 0.386314 -0.913546 0.127257
    outer loop
      vertex 76.5181 8.0713 44.0474
      vertex 78.0916 8.36891 41.4072
      vertex 77.153 8.36891 44.2565
    endloop
  endfacet
  facet normal 0.386342 -0.913532 0.127276
    outer loop
      vertex 78.0916 8.36891 41.4072
      vertex 76.5181 8.0713 44.0474
      vertex 77.4568 8.0713 41.198
    endloop
  endfacet
  facet normal -0.197489 -0.978142 -0.0650811
    outer loop
      vertex 73.3686 8.0713 46.6949
      vertex 74.2048 7.91917 46.4439
      vertex 74.0483 7.91917 46.9188
    endloop
  endfacet
  facet normal -0.197476 -0.978148 -0.0650353
    outer loop
      vertex 74.2048 7.91917 46.4439
      vertex 73.3686 8.0713 46.6949
      vertex 73.525 8.0713 46.22
    endloop
  endfacet
  facet normal -0.197471 -0.978148 -0.0650499
    outer loop
      vertex 74.4636 8.0713 43.3706
      vertex 76.082 7.91917 40.7452
      vertex 75.1434 7.91917 43.5945
    endloop
  endfacet
  facet normal -0.197464 -0.97815 -0.0650451
    outer loop
      vertex 76.082 7.91917 40.7452
      vertex 74.4636 8.0713 43.3706
      vertex 75.4022 8.0713 40.5212
    endloop
  endfacet
  facet normal -0.558293 -0.809 -0.183923
    outer loop
      vertex 73.2665 8.79899 42.9763
      vertex 74.7674 8.36891 40.3121
      vertex 73.8287 8.36891 43.1615
    endloop
  endfacet
  facet normal -0.55824 -0.809045 -0.183886
    outer loop
      vertex 74.7674 8.36891 40.3121
      vertex 73.2665 8.79899 42.9763
      vertex 74.2051 8.79899 40.1269
    endloop
  endfacet
  facet normal -0.558252 -0.809045 -0.18385
    outer loop
      vertex 72.1714 8.79899 46.3006
      vertex 72.8901 8.36891 46.0109
      vertex 72.7337 8.36891 46.4858
    endloop
  endfacet
  facet normal -0.558276 -0.809 -0.183976
    outer loop
      vertex 72.8901 8.36891 46.0109
      vertex 72.1714 8.79899 46.3006
      vertex 72.3279 8.79899 45.8257
    endloop
  endfacet
  facet normal -0.705848 -0.669118 -0.232508
    outer loop
      vertex 74.2051 8.79899 40.1269
      vertex 72.8015 9.34275 42.8231
      vertex 73.7401 9.34275 39.9737
    endloop
  endfacet
  facet normal -0.705848 -0.669118 -0.232508
    outer loop
      vertex 72.8015 9.34275 42.8231
      vertex 74.2051 8.79899 40.1269
      vertex 73.2665 8.79899 42.9763
    endloop
  endfacet
  facet normal -0.705818 -0.669118 -0.232598
    outer loop
      vertex 72.3279 8.79899 45.8257
      vertex 71.7064 9.34275 46.1474
      vertex 71.8629 9.34275 45.6725
    endloop
  endfacet
  facet normal -0.705818 -0.669118 -0.232598
    outer loop
      vertex 71.7064 9.34275 46.1474
      vertex 72.3279 8.79899 45.8257
      vertex 72.1714 8.79899 46.3006
    endloop
  endfacet
  facet normal -0.903318 -0.309055 -0.297492
    outer loop
      vertex 71.5154 9.97642 45.558
      vertex 71.1442 10.6723 45.9622
      vertex 71.3006 10.6723 45.4873
    endloop
  endfacet
  facet normal -0.903298 -0.308938 -0.297675
    outer loop
      vertex 71.1442 10.6723 45.9622
      vertex 71.5154 9.97642 45.558
      vertex 71.3589 9.97642 46.0329
    endloop
  endfacet
  facet normal -0.903326 -0.308938 -0.29759
    outer loop
      vertex 73.3926 9.97642 39.8592
      vertex 72.2392 10.6723 42.6379
      vertex 73.1779 10.6723 39.7885
    endloop
  endfacet
  facet normal -0.903299 -0.309055 -0.297549
    outer loop
      vertex 72.2392 10.6723 42.6379
      vertex 73.3926 9.97642 39.8592
      vertex 72.454 9.97642 42.7086
    endloop
  endfacet
  facet normal -0.944558 -0.104501 -0.311272
    outer loop
      vertex 71.3006 10.6723 45.4873
      vertex 71.0715 11.4 45.9382
      vertex 71.228 11.4 45.4633
    endloop
  endfacet
  facet normal -0.944604 -0.104629 -0.311089
    outer loop
      vertex 71.0715 11.4 45.9382
      vertex 71.3006 10.6723 45.4873
      vertex 71.1442 10.6723 45.9622
    endloop
  endfacet
  facet normal -0.944588 -0.104587 -0.31115
    outer loop
      vertex 73.1779 10.6723 39.7885
      vertex 72.1666 11.4 42.614
      vertex 73.1052 11.4 39.7646
    endloop
  endfacet
  facet normal -0.944591 -0.104459 -0.311184
    outer loop
      vertex 72.1666 11.4 42.614
      vertex 73.1779 10.6723 39.7885
      vertex 72.2392 10.6723 42.6379
    endloop
  endfacet
  facet normal 0.944588 0.104587 0.31115
    outer loop
      vertex 79.7538 198.6 41.9547
      vertex 78.7425 199.328 44.7801
      vertex 78.8152 198.6 44.8041
    endloop
  endfacet
  facet normal 0.944588 0.104587 0.31115
    outer loop
      vertex 78.7425 199.328 44.7801
      vertex 79.7538 198.6 41.9547
      vertex 79.6811 199.328 41.9307
    endloop
  endfacet
  facet normal 0.944625 0.104416 0.311096
    outer loop
      vertex 77.8765 198.6 47.6534
      vertex 77.6475 199.328 48.1044
      vertex 77.7201 198.6 48.1283
    endloop
  endfacet
  facet normal 0.944625 0.104416 0.311096
    outer loop
      vertex 77.6475 199.328 48.1044
      vertex 77.8765 198.6 47.6534
      vertex 77.8039 199.328 47.6295
    endloop
  endfacet
  facet normal -0.944593 0.104545 -0.311151
    outer loop
      vertex 72.1666 198.6 42.614
      vertex 73.1779 199.328 39.7885
      vertex 73.1052 198.6 39.7646
    endloop
  endfacet
  facet normal -0.944596 0.104416 -0.311185
    outer loop
      vertex 73.1779 199.328 39.7885
      vertex 72.1666 198.6 42.614
      vertex 72.2392 199.328 42.6379
    endloop
  endfacet
  facet normal -0.944562 0.104458 -0.311274
    outer loop
      vertex 71.0715 198.6 45.9382
      vertex 71.3006 199.328 45.4873
      vertex 71.228 198.6 45.4633
    endloop
  endfacet
  facet normal -0.944608 0.104587 -0.31109
    outer loop
      vertex 71.3006 199.328 45.4873
      vertex 71.0715 198.6 45.9382
      vertex 71.1442 199.328 45.9622
    endloop
  endfacet
  facet normal 0 1 0
    outer loop
      vertex 76.777 202.081 40.9741
      vertex 75.1434 202.081 43.5945
      vertex 75.8384 202.081 43.8235
    endloop
  endfacet
  facet normal 0 1 0
    outer loop
      vertex 75.1434 202.081 43.5945
      vertex 76.777 202.081 40.9741
      vertex 76.082 202.081 40.7452
    endloop
  endfacet
  facet normal 0 1 0
    outer loop
      vertex 74.8997 202.081 46.6729
      vertex 74.0483 202.081 46.9188
      vertex 74.7433 202.081 47.1478
    endloop
  endfacet
  facet normal 0 1 0
    outer loop
      vertex 74.0483 202.081 46.9188
      vertex 74.8997 202.081 46.6729
      vertex 74.2048 202.081 46.4439
    endloop
  endfacet
  facet normal 0 -1 0
    outer loop
      vertex 75.1434 195.119 43.5945
      vertex 76.777 195.119 40.9741
      vertex 75.8384 195.119 43.8235
    endloop
  endfacet
  facet normal -0 -1 0
    outer loop
      vertex 76.777 195.119 40.9741
      vertex 75.1434 195.119 43.5945
      vertex 76.082 195.119 40.7452
    endloop
  endfacet
  facet normal 0 -1 0
    outer loop
      vertex 74.0483 195.119 46.9188
      vertex 74.8997 195.119 46.6729
      vertex 74.7433 195.119 47.1478
    endloop
  endfacet
  facet normal -0 -1 0
    outer loop
      vertex 74.8997 195.119 46.6729
      vertex 74.0483 195.119 46.9188
      vertex 74.2048 195.119 46.4439
    endloop
  endfacet
  facet normal 0.55817 0.809097 0.183869
    outer loop
      vertex 78.6539 201.201 41.5924
      vertex 77.153 201.631 44.2565
      vertex 77.7153 201.201 44.4417
    endloop
  endfacet
  facet normal 0.55817 0.809097 0.183869
    outer loop
      vertex 77.153 201.631 44.2565
      vertex 78.6539 201.201 41.5924
      vertex 78.0916 201.631 41.4072
    endloop
  endfacet
  facet normal 0.558242 0.809052 0.183847
    outer loop
      vertex 76.7766 201.201 47.2911
      vertex 76.058 201.631 47.5808
      vertex 76.6202 201.201 47.766
    endloop
  endfacet
  facet normal 0.558242 0.809052 0.183847
    outer loop
      vertex 76.058 201.631 47.5808
      vertex 76.7766 201.201 47.2911
      vertex 76.2144 201.631 47.1059
    endloop
  endfacet
  facet normal 0.386737 0.913348 0.127397
    outer loop
      vertex 78.0916 201.631 41.4072
      vertex 76.5181 201.929 44.0474
      vertex 77.153 201.631 44.2565
    endloop
  endfacet
  facet normal 0.386765 0.913334 0.127415
    outer loop
      vertex 76.5181 201.929 44.0474
      vertex 78.0916 201.631 41.4072
      vertex 77.4568 201.929 41.198
    endloop
  endfacet
  facet normal 0.386746 0.913348 0.127368
    outer loop
      vertex 76.2144 201.631 47.1059
      vertex 75.4231 201.929 47.3717
      vertex 76.058 201.631 47.5808
    endloop
  endfacet
  facet normal 0.386746 0.913348 0.127368
    outer loop
      vertex 75.4231 201.929 47.3717
      vertex 76.2144 201.631 47.1059
      vertex 75.5795 201.929 46.8968
    endloop
  endfacet
  facet normal -0.558225 0.809052 -0.1839
    outer loop
      vertex 74.7674 201.631 40.3121
      vertex 73.2665 201.201 42.9763
      vertex 73.8287 201.631 43.1615
    endloop
  endfacet
  facet normal -0.558172 0.809097 -0.183863
    outer loop
      vertex 73.2665 201.201 42.9763
      vertex 74.7674 201.631 40.3121
      vertex 74.2051 201.201 40.1269
    endloop
  endfacet
  facet normal -0.558184 0.809097 -0.183828
    outer loop
      vertex 72.8901 201.631 46.0109
      vertex 72.1714 201.201 46.3006
      vertex 72.7337 201.631 46.4858
    endloop
  endfacet
  facet normal -0.558208 0.809052 -0.183953
    outer loop
      vertex 72.1714 201.201 46.3006
      vertex 72.8901 201.631 46.0109
      vertex 72.3279 201.201 45.8257
    endloop
  endfacet
  facet normal -0.197327 0.978179 -0.0650279
    outer loop
      vertex 74.2048 202.081 46.4439
      vertex 73.3686 201.929 46.6949
      vertex 74.0483 202.081 46.9188
    endloop
  endfacet
  facet normal -0.197315 0.978184 -0.0649821
    outer loop
      vertex 73.3686 201.929 46.6949
      vertex 74.2048 202.081 46.4439
      vertex 73.525 201.929 46.22
    endloop
  endfacet
  facet normal -0.19731 0.978184 -0.0649967
    outer loop
      vertex 76.082 202.081 40.7452
      vertex 74.4636 201.929 43.3706
      vertex 75.1434 202.081 43.5945
    endloop
  endfacet
  facet normal -0.197302 0.978186 -0.0649919
    outer loop
      vertex 74.4636 201.929 43.3706
      vertex 76.082 202.081 40.7452
      vertex 75.4022 201.929 40.5212
    endloop
  endfacet
  facet normal 0.822332 -0.500426 0.270821
    outer loop
      vertex 77.0852 196.543 47.9192
      vertex 77.5891 197.176 47.5588
      vertex 77.4327 197.176 48.0337
    endloop
  endfacet
  facet normal 0.822334 -0.500328 0.270995
    outer loop
      vertex 77.5891 197.176 47.5588
      vertex 77.0852 196.543 47.9192
      vertex 77.2417 196.543 47.4443
    endloop
  endfacet
  facet normal 0.822315 -0.500426 0.270873
    outer loop
      vertex 78.1803 196.543 44.5949
      vertex 79.4664 197.176 41.86
      vertex 78.5278 197.176 44.7094
    endloop
  endfacet
  facet normal 0.822315 -0.500426 0.270873
    outer loop
      vertex 79.4664 197.176 41.86
      vertex 78.1803 196.543 44.5949
      vertex 79.1189 196.543 41.7455
    endloop
  endfacet
  facet normal 0.822332 0.500426 0.270821
    outer loop
      vertex 77.5891 200.024 47.5588
      vertex 77.0852 200.657 47.9192
      vertex 77.4327 200.024 48.0337
    endloop
  endfacet
  facet normal 0.822334 0.500328 0.270995
    outer loop
      vertex 77.0852 200.657 47.9192
      vertex 77.5891 200.024 47.5588
      vertex 77.2417 200.657 47.4443
    endloop
  endfacet
  facet normal 0.822315 0.500426 0.270873
    outer loop
      vertex 79.4664 200.024 41.86
      vertex 78.1803 200.657 44.5949
      vertex 78.5278 200.024 44.7094
    endloop
  endfacet
  facet normal 0.822315 0.500426 0.270873
    outer loop
      vertex 78.1803 200.657 44.5949
      vertex 79.4664 200.024 41.86
      vertex 79.1189 200.657 41.7455
    endloop
  endfacet
  facet normal 0.90335 0.30889 0.297566
    outer loop
      vertex 79.6811 199.328 41.9307
      vertex 78.5278 200.024 44.7094
      vertex 78.7425 199.328 44.7801
    endloop
  endfacet
  facet normal 0.90335 0.30889 0.297566
    outer loop
      vertex 78.5278 200.024 44.7094
      vertex 79.6811 199.328 41.9307
      vertex 79.4664 200.024 41.86
    endloop
  endfacet
  facet normal 0.903333 0.309007 0.297497
    outer loop
      vertex 77.8039 199.328 47.6295
      vertex 77.4327 200.024 48.0337
      vertex 77.6475 199.328 48.1044
    endloop
  endfacet
  facet normal 0.903333 0.309007 0.297497
    outer loop
      vertex 77.4327 200.024 48.0337
      vertex 77.8039 199.328 47.6295
      vertex 77.5891 200.024 47.5588
    endloop
  endfacet
  facet normal 0.705987 0.668955 0.232554
    outer loop
      vertex 79.1189 200.657 41.7455
      vertex 77.7153 201.201 44.4417
      vertex 78.1803 200.657 44.5949
    endloop
  endfacet
  facet normal 0.706005 0.668931 0.232568
    outer loop
      vertex 77.7153 201.201 44.4417
      vertex 79.1189 200.657 41.7455
      vertex 78.6539 201.201 41.5924
    endloop
  endfacet
  facet normal 0.705958 0.668955 0.232644
    outer loop
      vertex 77.2417 200.657 47.4443
      vertex 76.6202 201.201 47.766
      vertex 77.0852 200.657 47.9192
    endloop
  endfacet
  facet normal 0.705941 0.669026 0.232489
    outer loop
      vertex 76.6202 201.201 47.766
      vertex 77.2417 200.657 47.4443
      vertex 76.7766 201.201 47.2911
    endloop
  endfacet
  facet normal 0.197334 0.978179 0.0650091
    outer loop
      vertex 77.4568 201.929 41.198
      vertex 75.8384 202.081 43.8235
      vertex 76.5181 201.929 44.0474
    endloop
  endfacet
  facet normal 0.197311 0.978184 0.0649946
    outer loop
      vertex 75.8384 202.081 43.8235
      vertex 77.4568 201.929 41.198
      vertex 76.777 202.081 40.9741
    endloop
  endfacet
  facet normal 0.197315 0.978184 0.0649821
    outer loop
      vertex 75.5795 201.929 46.8968
      vertex 74.7433 202.081 47.1478
      vertex 75.4231 201.929 47.3717
    endloop
  endfacet
  facet normal 0.197315 0.978184 0.0649821
    outer loop
      vertex 74.7433 202.081 47.1478
      vertex 75.5795 201.929 46.8968
      vertex 74.8997 202.081 46.6729
    endloop
  endfacet
  facet normal -0.822315 0.500426 -0.270873
    outer loop
      vertex 72.454 200.024 42.7086
      vertex 73.7401 200.657 39.9737
      vertex 73.3926 200.024 39.8592
    endloop
  endfacet
  facet normal -0.822315 0.500426 -0.270873
    outer loop
      vertex 73.7401 200.657 39.9737
      vertex 72.454 200.024 42.7086
      vertex 72.8015 200.657 42.8231
    endloop
  endfacet
  facet normal -0.822281 0.500426 -0.270977
    outer loop
      vertex 71.3589 200.024 46.0329
      vertex 71.8629 200.657 45.6725
      vertex 71.5154 200.024 45.558
    endloop
  endfacet
  facet normal -0.822281 0.500426 -0.270977
    outer loop
      vertex 71.8629 200.657 45.6725
      vertex 71.3589 200.024 46.0329
      vertex 71.7064 200.657 46.1474
    endloop
  endfacet
  facet normal -0.705987 0.668955 -0.232554
    outer loop
      vertex 72.8015 200.657 42.8231
      vertex 74.2051 201.201 40.1269
      vertex 73.7401 200.657 39.9737
    endloop
  endfacet
  facet normal -0.705987 0.668955 -0.232554
    outer loop
      vertex 74.2051 201.201 40.1269
      vertex 72.8015 200.657 42.8231
      vertex 73.2665 201.201 42.9763
    endloop
  endfacet
  facet normal -0.705958 0.668955 -0.232644
    outer loop
      vertex 71.7064 200.657 46.1474
      vertex 72.3279 201.201 45.8257
      vertex 71.8629 200.657 45.6725
    endloop
  endfacet
  facet normal -0.705958 0.668955 -0.232644
    outer loop
      vertex 72.3279 201.201 45.8257
      vertex 71.7064 200.657 46.1474
      vertex 72.1714 201.201 46.3006
    endloop
  endfacet
  facet normal -0.903341 0.30889 -0.297595
    outer loop
      vertex 72.2392 199.328 42.6379
      vertex 73.3926 200.024 39.8592
      vertex 73.1779 199.328 39.7885
    endloop
  endfacet
  facet normal -0.903314 0.309007 -0.297554
    outer loop
      vertex 73.3926 200.024 39.8592
      vertex 72.2392 199.328 42.6379
      vertex 72.454 200.024 42.7086
    endloop
  endfacet
  facet normal -0.903333 0.309007 -0.297497
    outer loop
      vertex 71.1442 199.328 45.9622
      vertex 71.5154 200.024 45.558
      vertex 71.3006 199.328 45.4873
    endloop
  endfacet
  facet normal -0.903313 0.30889 -0.29768
    outer loop
      vertex 71.5154 200.024 45.558
      vertex 71.1442 199.328 45.9622
      vertex 71.3589 200.024 46.0329
    endloop
  endfacet
  facet normal -0.312831 -1.52038e-05 0.949809
    outer loop
      vertex 75.773 198.6 47.487
      vertex 77.7201 198.6 48.1283
      vertex 77.6475 199.328 48.1044
    endloop
  endfacet
  facet normal -0.312848 -6.98615e-05 0.949803
    outer loop
      vertex 75.7261 198.975 47.4715
      vertex 77.6475 199.328 48.1044
      vertex 77.4327 200.024 48.0337
    endloop
  endfacet
  facet normal -0.312831 1.52038e-05 0.949809
    outer loop
      vertex 77.7201 198.6 48.1283
      vertex 75.773 198.6 47.487
      vertex 77.6475 197.872 48.1044
    endloop
  endfacet
  facet normal -0.312886 3.68055e-05 0.949791
    outer loop
      vertex 75.5885 199.325 47.4262
      vertex 77.4327 200.024 48.0337
      vertex 77.0852 200.657 47.9192
    endloop
  endfacet
  facet normal -0.31288 -0.000127171 0.949792
    outer loop
      vertex 75.7261 198.225 47.4715
      vertex 77.6475 197.872 48.1044
      vertex 75.773 198.6 47.487
    endloop
  endfacet
  facet normal -0.312886 2.89687e-05 0.949791
    outer loop
      vertex 75.3697 199.625 47.3541
      vertex 77.0852 200.657 47.9192
      vertex 76.6202 201.201 47.766
    endloop
  endfacet
  facet normal -0.312848 6.98615e-05 0.949803
    outer loop
      vertex 77.6475 197.872 48.1044
      vertex 75.7261 198.225 47.4715
      vertex 77.4327 197.176 48.0337
    endloop
  endfacet
  facet normal -0.312875 8.83715e-06 0.949794
    outer loop
      vertex 75.0844 199.856 47.2601
      vertex 76.6202 201.201 47.766
      vertex 76.058 201.631 47.5808
    endloop
  endfacet
  facet normal -0.312851 6.36999e-05 0.949802
    outer loop
      vertex 75.5885 197.875 47.4262
      vertex 77.4327 197.176 48.0337
      vertex 75.7261 198.225 47.4715
    endloop
  endfacet
  facet normal -0.312886 -3.68055e-05 0.949791
    outer loop
      vertex 77.4327 197.176 48.0337
      vertex 75.5885 197.875 47.4262
      vertex 77.0852 196.543 47.9192
    endloop
  endfacet
  facet normal -0.31288 0.000127171 0.949792
    outer loop
      vertex 77.6475 199.328 48.1044
      vertex 75.7261 198.975 47.4715
      vertex 75.773 198.6 47.487
    endloop
  endfacet
  facet normal -0.312851 -6.36999e-05 0.949802
    outer loop
      vertex 77.4327 200.024 48.0337
      vertex 75.5885 199.325 47.4262
      vertex 75.7261 198.975 47.4715
    endloop
  endfacet
  facet normal -0.312829 -3.24299e-05 0.94981
    outer loop
      vertex 74.7523 200.001 47.1507
      vertex 76.058 201.631 47.5808
      vertex 75.4231 201.929 47.3717
    endloop
  endfacet
  facet normal -0.312901 5.6016e-05 0.949786
    outer loop
      vertex 77.0852 200.657 47.9192
      vertex 75.3697 199.625 47.3541
      vertex 75.5885 199.325 47.4262
    endloop
  endfacet
  facet normal -0.3129 4.10653e-05 0.949786
    outer loop
      vertex 76.6202 201.201 47.766
      vertex 75.0844 199.856 47.2601
      vertex 75.3697 199.625 47.3541
    endloop
  endfacet
  facet normal -0.312876 9.58049e-06 0.949794
    outer loop
      vertex 76.058 201.631 47.5808
      vertex 74.7523 200.001 47.1507
      vertex 75.0844 199.856 47.2601
    endloop
  endfacet
  facet normal -0.312836 -2.93693e-05 0.949807
    outer loop
      vertex 74.7433 202.081 47.1478
      vertex 74.7523 200.001 47.1507
      vertex 75.4231 201.929 47.3717
    endloop
  endfacet
  facet normal -0.312792 -2.91581e-05 0.949822
    outer loop
      vertex 74.7433 202.081 47.1478
      vertex 74.3958 200.05 47.0333
      vertex 74.7523 200.001 47.1507
    endloop
  endfacet
  facet normal -0.312946 1.09252e-15 0.949771
    outer loop
      vertex 74.0483 202.081 46.9188
      vertex 74.3958 200.05 47.0333
      vertex 74.7433 202.081 47.1478
    endloop
  endfacet
  facet normal -0.31287 1.44865e-05 0.949796
    outer loop
      vertex 74.0483 202.081 46.9188
      vertex 74.0394 200.001 46.9159
      vertex 74.3958 200.05 47.0333
    endloop
  endfacet
  facet normal -0.312875 1.45116e-05 0.949794
    outer loop
      vertex 73.3686 201.929 46.6949
      vertex 74.0394 200.001 46.9159
      vertex 74.0483 202.081 46.9188
    endloop
  endfacet
  facet normal -0.312829 3.24299e-05 0.94981
    outer loop
      vertex 72.7337 201.631 46.4858
      vertex 74.0394 200.001 46.9159
      vertex 73.3686 201.929 46.6949
    endloop
  endfacet
  facet normal -0.312813 4.63202e-05 0.949815
    outer loop
      vertex 74.0394 200.001 46.9159
      vertex 72.7337 201.631 46.4858
      vertex 73.7072 199.856 46.8065
    endloop
  endfacet
  facet normal -0.312848 2.50811e-05 0.949803
    outer loop
      vertex 72.1714 201.201 46.3006
      vertex 73.7072 199.856 46.8065
      vertex 72.7337 201.631 46.4858
    endloop
  endfacet
  facet normal -0.312952 -0.000106147 0.949769
    outer loop
      vertex 73.7072 199.856 46.8065
      vertex 72.1714 201.201 46.3006
      vertex 73.422 199.625 46.7125
    endloop
  endfacet
  facet normal -0.312875 -3.92643e-05 0.949794
    outer loop
      vertex 71.7064 200.657 46.1474
      vertex 73.422 199.625 46.7125
      vertex 72.1714 201.201 46.3006
    endloop
  endfacet
  facet normal -0.31285 7.22049e-06 0.949802
    outer loop
      vertex 73.422 199.625 46.7125
      vertex 71.7064 200.657 46.1474
      vertex 73.2031 199.325 46.6404
    endloop
  endfacet
  facet normal -0.312901 -5.6016e-05 0.949786
    outer loop
      vertex 75.3697 197.575 47.3541
      vertex 77.0852 196.543 47.9192
      vertex 75.5885 197.875 47.4262
    endloop
  endfacet
  facet normal -0.312886 -2.89687e-05 0.949791
    outer loop
      vertex 77.0852 196.543 47.9192
      vertex 75.3697 197.575 47.3541
      vertex 76.6202 195.999 47.766
    endloop
  endfacet
  facet normal -0.3129 -4.10653e-05 0.949786
    outer loop
      vertex 75.0844 197.344 47.2601
      vertex 76.6202 195.999 47.766
      vertex 75.3697 197.575 47.3541
    endloop
  endfacet
  facet normal -0.312875 -8.83715e-06 0.949794
    outer loop
      vertex 76.6202 195.999 47.766
      vertex 75.0844 197.344 47.2601
      vertex 76.058 195.569 47.5808
    endloop
  endfacet
  facet normal -0.312876 -9.58049e-06 0.949794
    outer loop
      vertex 74.7523 197.199 47.1507
      vertex 76.058 195.569 47.5808
      vertex 75.0844 197.344 47.2601
    endloop
  endfacet
  facet normal -0.312829 3.24299e-05 0.94981
    outer loop
      vertex 76.058 195.569 47.5808
      vertex 74.7523 197.199 47.1507
      vertex 75.4231 195.271 47.3717
    endloop
  endfacet
  facet normal -0.312836 2.93693e-05 0.949807
    outer loop
      vertex 74.7523 197.199 47.1507
      vertex 74.7433 195.119 47.1478
      vertex 75.4231 195.271 47.3717
    endloop
  endfacet
  facet normal -0.312792 2.91581e-05 0.949822
    outer loop
      vertex 74.3958 197.15 47.0333
      vertex 74.7433 195.119 47.1478
      vertex 74.7523 197.199 47.1507
    endloop
  endfacet
  facet normal -0.312946 -1.09719e-15 0.949771
    outer loop
      vertex 74.3958 197.15 47.0333
      vertex 74.0483 195.119 46.9188
      vertex 74.7433 195.119 47.1478
    endloop
  endfacet
  facet normal -0.31287 -1.44865e-05 0.949796
    outer loop
      vertex 74.0394 197.199 46.9159
      vertex 74.0483 195.119 46.9188
      vertex 74.3958 197.15 47.0333
    endloop
  endfacet
  facet normal -0.312809 -3.52076e-05 0.949816
    outer loop
      vertex 73.446 195.254 46.7204
      vertex 74.0394 197.199 46.9159
      vertex 73.7072 197.344 46.8065
    endloop
  endfacet
  facet normal -0.313063 0 0.949732
    outer loop
      vertex 73.446 195.254 46.7204
      vertex 73.7072 197.344 46.8065
      vertex 73.446 197.555 46.7204
    endloop
  endfacet
  facet normal -0.31287 -1.44869e-05 0.949796
    outer loop
      vertex 74.0394 197.199 46.9159
      vertex 73.446 195.254 46.7204
      vertex 74.0483 195.119 46.9188
    endloop
  endfacet
  facet normal -0.312886 -3.68055e-05 0.949791
    outer loop
      vertex 71.3589 200.024 46.0329
      vertex 73.2031 199.325 46.6404
      vertex 71.7064 200.657 46.1474
    endloop
  endfacet
  facet normal -0.312851 6.36999e-05 0.949802
    outer loop
      vertex 73.2031 199.325 46.6404
      vertex 71.3589 200.024 46.0329
      vertex 73.0655 198.975 46.5951
    endloop
  endfacet
  facet normal -0.312869 3.20763e-05 0.949796
    outer loop
      vertex 71.1442 199.328 45.9622
      vertex 73.0655 198.975 46.5951
      vertex 71.3589 200.024 46.0329
    endloop
  endfacet
  facet normal -0.312895 -0.000125179 0.949788
    outer loop
      vertex 73.0655 198.975 46.5951
      vertex 71.1442 199.328 45.9622
      vertex 73.0186 198.6 46.5796
    endloop
  endfacet
  facet normal -0.312875 -6.74209e-05 0.949794
    outer loop
      vertex 71.0715 198.6 45.9382
      vertex 73.0186 198.6 46.5796
      vertex 71.1442 199.328 45.9622
    endloop
  endfacet
  facet normal -0.312875 6.74209e-05 0.949794
    outer loop
      vertex 71.1442 197.872 45.9622
      vertex 73.0186 198.6 46.5796
      vertex 71.0715 198.6 45.9382
    endloop
  endfacet
  facet normal -0.312895 0.000125179 0.949788
    outer loop
      vertex 73.0186 198.6 46.5796
      vertex 71.1442 197.872 45.9622
      vertex 73.0655 198.225 46.5951
    endloop
  endfacet
  facet normal -0.312835 -0.000233425 0.949807
    outer loop
      vertex 71.2282 197.6 45.9898
      vertex 73.0655 198.225 46.5951
      vertex 71.1442 197.872 45.9622
    endloop
  endfacet
  facet normal -0.312883 -7.76321e-05 0.949792
    outer loop
      vertex 73.0655 198.225 46.5951
      vertex 71.2282 197.6 45.9898
      vertex 73.2031 197.875 46.6404
    endloop
  endfacet
  facet normal -0.312886 -5.84919e-05 0.949791
    outer loop
      vertex 73.2031 197.875 46.6404
      vertex 71.2282 197.6 45.9898
      vertex 73.4035 197.6 46.7064
    endloop
  endfacet
  facet normal -0.386738 0.913348 -0.127393
    outer loop
      vertex 75.4022 201.929 40.5212
      vertex 73.8287 201.631 43.1615
      vertex 74.4636 201.929 43.3706
    endloop
  endfacet
  facet normal -0.38678 0.913327 -0.12742
    outer loop
      vertex 73.8287 201.631 43.1615
      vertex 75.4022 201.929 40.5212
      vertex 74.7674 201.631 40.3121
    endloop
  endfacet
  facet normal -0.386746 0.913348 -0.127368
    outer loop
      vertex 73.525 201.929 46.22
      vertex 72.7337 201.631 46.4858
      vertex 73.3686 201.929 46.6949
    endloop
  endfacet
  facet normal -0.386746 0.913348 -0.127368
    outer loop
      vertex 72.7337 201.631 46.4858
      vertex 73.525 201.929 46.22
      vertex 72.8901 201.631 46.0109
    endloop
  endfacet
  facet normal 0.312848 -2.50811e-05 -0.949803
    outer loop
      vertex 75.7409 199.856 40.6328
      vertex 74.2051 201.201 40.1269
      vertex 74.7674 201.631 40.3121
    endloop
  endfacet
  facet normal 0.312854 0.00012241 -0.949801
    outer loop
      vertex 73.1779 197.872 39.7885
      vertex 75.0523 198.6 40.406
      vertex 75.0992 198.225 40.4214
    endloop
  endfacet
  facet normal 0.312895 2.09874e-05 -0.949788
    outer loop
      vertex 75.0992 198.975 40.4214
      vertex 73.7401 200.657 39.9737
      vertex 74.2051 201.201 40.1269
    endloop
  endfacet
  facet normal 0.312842 5.97068e-05 -0.949805
    outer loop
      vertex 73.2619 197.6 39.8162
      vertex 75.0992 198.225 40.4214
      vertex 75.2368 197.875 40.4667
    endloop
  endfacet
  facet normal 0.312902 2.7084e-05 -0.949786
    outer loop
      vertex 75.0992 198.975 40.4214
      vertex 73.3926 200.024 39.8592
      vertex 73.7401 200.657 39.9737
    endloop
  endfacet
  facet normal 0.312886 -0.000286887 -0.949791
    outer loop
      vertex 73.2619 197.6 39.8162
      vertex 75.2368 197.875 40.4667
      vertex 75.4372 197.6 40.5328
    endloop
  endfacet
  facet normal 0.31289 -9.70177e-05 -0.949789
    outer loop
      vertex 75.0992 198.225 40.4214
      vertex 73.2619 197.6 39.8162
      vertex 73.1779 197.872 39.7885
    endloop
  endfacet
  facet normal 0.312875 6.30454e-05 -0.949794
    outer loop
      vertex 75.0523 198.6 40.406
      vertex 73.1779 197.872 39.7885
      vertex 73.1052 198.6 39.7646
    endloop
  endfacet
  facet normal 0.312869 -3.20763e-05 -0.949796
    outer loop
      vertex 75.0992 198.975 40.4214
      vertex 73.1779 199.328 39.7885
      vertex 73.3926 200.024 39.8592
    endloop
  endfacet
  facet normal 0.312875 -6.30454e-05 -0.949794
    outer loop
      vertex 75.0523 198.6 40.406
      vertex 73.1052 198.6 39.7646
      vertex 73.1779 199.328 39.7885
    endloop
  endfacet
  facet normal 0.312875 6.74209e-05 -0.949794
    outer loop
      vertex 77.8067 198.6 41.3133
      vertex 79.7538 198.6 41.9547
      vertex 79.6811 197.872 41.9307
    endloop
  endfacet
  facet normal 0.312869 -3.20763e-05 -0.949796
    outer loop
      vertex 77.7598 198.225 41.2978
      vertex 79.6811 197.872 41.9307
      vertex 79.4664 197.176 41.86
    endloop
  endfacet
  facet normal 0.312875 -6.74209e-05 -0.949794
    outer loop
      vertex 79.7538 198.6 41.9547
      vertex 77.8067 198.6 41.3133
      vertex 79.6811 199.328 41.9307
    endloop
  endfacet
  facet normal 0.312886 3.68055e-05 -0.949791
    outer loop
      vertex 77.6222 197.875 41.2525
      vertex 79.4664 197.176 41.86
      vertex 79.1189 196.543 41.7455
    endloop
  endfacet
  facet normal 0.312895 -0.000125179 -0.949788
    outer loop
      vertex 77.7598 198.975 41.2978
      vertex 79.6811 199.328 41.9307
      vertex 77.8067 198.6 41.3133
    endloop
  endfacet
  facet normal 0.312813 -7.60434e-05 -0.949815
    outer loop
      vertex 77.4033 197.575 41.1804
      vertex 79.1189 196.543 41.7455
      vertex 78.6539 195.999 41.5924
    endloop
  endfacet
  facet normal 0.312869 3.20763e-05 -0.949796
    outer loop
      vertex 79.6811 199.328 41.9307
      vertex 77.7598 198.975 41.2978
      vertex 79.4664 200.024 41.86
    endloop
  endfacet
  facet normal 0.312848 -2.50811e-05 -0.949803
    outer loop
      vertex 77.1181 197.344 41.0865
      vertex 78.6539 195.999 41.5924
      vertex 78.0916 195.569 41.4072
    endloop
  endfacet
  facet normal 0.312851 6.36999e-05 -0.949802
    outer loop
      vertex 77.6222 199.325 41.2525
      vertex 79.4664 200.024 41.86
      vertex 77.7598 198.975 41.2978
    endloop
  endfacet
  facet normal 0.312886 -3.68055e-05 -0.949791
    outer loop
      vertex 79.4664 200.024 41.86
      vertex 77.6222 199.325 41.2525
      vertex 79.1189 200.657 41.7455
    endloop
  endfacet
  facet normal 0.312895 0.000125179 -0.949788
    outer loop
      vertex 79.6811 197.872 41.9307
      vertex 77.7598 198.225 41.2978
      vertex 77.8067 198.6 41.3133
    endloop
  endfacet
  facet normal 0.312851 -6.36999e-05 -0.949802
    outer loop
      vertex 79.4664 197.176 41.86
      vertex 77.6222 197.875 41.2525
      vertex 77.7598 198.225 41.2978
    endloop
  endfacet
  facet normal 0.312977 4.10102e-05 -0.949761
    outer loop
      vertex 76.7859 197.199 40.977
      vertex 78.0916 195.569 41.4072
      vertex 77.4568 195.271 41.198
    endloop
  endfacet
  facet normal 0.31285 -7.22049e-06 -0.949802
    outer loop
      vertex 79.1189 196.543 41.7455
      vertex 77.4033 197.575 41.1804
      vertex 77.6222 197.875 41.2525
    endloop
  endfacet
  facet normal 0.312795 -9.14106e-05 -0.949821
    outer loop
      vertex 78.6539 195.999 41.5924
      vertex 77.1181 197.344 41.0865
      vertex 77.4033 197.575 41.1804
    endloop
  endfacet
  facet normal 0.313021 8.01968e-05 -0.949746
    outer loop
      vertex 78.0916 195.569 41.4072
      vertex 76.7859 197.199 40.977
      vertex 77.1181 197.344 41.0865
    endloop
  endfacet
  facet normal 0.312833 -1.43147e-05 -0.949808
    outer loop
      vertex 76.777 195.119 40.9741
      vertex 76.7859 197.199 40.977
      vertex 77.4568 195.271 41.198
    endloop
  endfacet
  facet normal 0.31287 -1.44865e-05 -0.949796
    outer loop
      vertex 76.777 195.119 40.9741
      vertex 76.4295 197.15 40.8596
      vertex 76.7859 197.199 40.977
    endloop
  endfacet
  facet normal 0.312823 -2.33829e-05 -0.949812
    outer loop
      vertex 76.082 195.119 40.7452
      vertex 76.4295 197.15 40.8596
      vertex 76.777 195.119 40.9741
    endloop
  endfacet
  facet normal 0.312864 -3.12037e-05 -0.949798
    outer loop
      vertex 76.082 195.119 40.7452
      vertex 76.0731 197.199 40.7422
      vertex 76.4295 197.15 40.8596
    endloop
  endfacet
  facet normal 0.313003 -3.05434e-05 -0.949752
    outer loop
      vertex 75.4797 195.254 40.5467
      vertex 76.0731 197.199 40.7422
      vertex 76.082 195.119 40.7452
    endloop
  endfacet
  facet normal 0.312809 3.52076e-05 -0.949816
    outer loop
      vertex 76.0731 197.199 40.7422
      vertex 75.4797 195.254 40.5467
      vertex 75.7409 197.344 40.6328
    endloop
  endfacet
  facet normal 0.313063 0 -0.949732
    outer loop
      vertex 75.7409 197.344 40.6328
      vertex 75.4797 195.254 40.5467
      vertex 75.4797 197.555 40.5467
    endloop
  endfacet
  facet normal 0.31285 7.22049e-06 -0.949802
    outer loop
      vertex 77.4033 199.625 41.1804
      vertex 79.1189 200.657 41.7455
      vertex 77.6222 199.325 41.2525
    endloop
  endfacet
  facet normal 0.312813 7.60434e-05 -0.949815
    outer loop
      vertex 79.1189 200.657 41.7455
      vertex 77.4033 199.625 41.1804
      vertex 78.6539 201.201 41.5924
    endloop
  endfacet
  facet normal 0.312795 9.14106e-05 -0.949821
    outer loop
      vertex 77.1181 199.856 41.0865
      vertex 78.6539 201.201 41.5924
      vertex 77.4033 199.625 41.1804
    endloop
  endfacet
  facet normal 0.312848 2.50811e-05 -0.949803
    outer loop
      vertex 78.6539 201.201 41.5924
      vertex 77.1181 199.856 41.0865
      vertex 78.0916 201.631 41.4072
    endloop
  endfacet
  facet normal 0.313021 -8.01968e-05 -0.949746
    outer loop
      vertex 76.7859 200.001 40.977
      vertex 78.0916 201.631 41.4072
      vertex 77.1181 199.856 41.0865
    endloop
  endfacet
  facet normal 0.312977 -4.10102e-05 -0.949761
    outer loop
      vertex 78.0916 201.631 41.4072
      vertex 76.7859 200.001 40.977
      vertex 77.4568 201.929 41.198
    endloop
  endfacet
  facet normal 0.312833 1.43147e-05 -0.949808
    outer loop
      vertex 76.7859 200.001 40.977
      vertex 76.777 202.081 40.9741
      vertex 77.4568 201.929 41.198
    endloop
  endfacet
  facet normal 0.31287 1.44865e-05 -0.949796
    outer loop
      vertex 76.4295 200.05 40.8596
      vertex 76.777 202.081 40.9741
      vertex 76.7859 200.001 40.977
    endloop
  endfacet
  facet normal 0.312823 2.33829e-05 -0.949812
    outer loop
      vertex 76.4295 200.05 40.8596
      vertex 76.082 202.081 40.7452
      vertex 76.777 202.081 40.9741
    endloop
  endfacet
  facet normal 0.312864 3.12037e-05 -0.949798
    outer loop
      vertex 76.0731 200.001 40.7422
      vertex 76.082 202.081 40.7452
      vertex 76.4295 200.05 40.8596
    endloop
  endfacet
  facet normal 0.312813 -4.63202e-05 -0.949815
    outer loop
      vertex 74.7674 201.631 40.3121
      vertex 76.0731 200.001 40.7422
      vertex 75.7409 199.856 40.6328
    endloop
  endfacet
  facet normal 0.312952 0.000106147 -0.949769
    outer loop
      vertex 74.2051 201.201 40.1269
      vertex 75.7409 199.856 40.6328
      vertex 75.4557 199.625 40.5388
    endloop
  endfacet
  facet normal 0.31295 3.07932e-05 -0.949769
    outer loop
      vertex 76.0731 200.001 40.7422
      vertex 75.4022 201.929 40.5212
      vertex 76.082 202.081 40.7452
    endloop
  endfacet
  facet normal 0.312836 4.41822e-06 -0.949807
    outer loop
      vertex 74.2051 201.201 40.1269
      vertex 75.4557 199.625 40.5388
      vertex 75.2368 199.325 40.4667
    endloop
  endfacet
  facet normal 0.312777 -3.13985e-05 -0.949827
    outer loop
      vertex 74.2051 201.201 40.1269
      vertex 75.2368 199.325 40.4667
      vertex 75.0992 198.975 40.4214
    endloop
  endfacet
  facet normal 0.312854 -0.00012241 -0.949801
    outer loop
      vertex 73.1779 199.328 39.7885
      vertex 75.0992 198.975 40.4214
      vertex 75.0523 198.6 40.406
    endloop
  endfacet
  facet normal 0.312861 -3.7423e-06 -0.949799
    outer loop
      vertex 76.0731 200.001 40.7422
      vertex 74.7674 201.631 40.3121
      vertex 75.4022 201.929 40.5212
    endloop
  endfacet
  facet normal 0.197334 -0.978179 0.0650091
    outer loop
      vertex 75.8384 195.119 43.8235
      vertex 77.4568 195.271 41.198
      vertex 76.5181 195.271 44.0474
    endloop
  endfacet
  facet normal 0.197311 -0.978184 0.0649946
    outer loop
      vertex 77.4568 195.271 41.198
      vertex 75.8384 195.119 43.8235
      vertex 76.777 195.119 40.9741
    endloop
  endfacet
  facet normal 0.197315 -0.978184 0.0649821
    outer loop
      vertex 74.7433 195.119 47.1478
      vertex 75.5795 195.271 46.8968
      vertex 75.4231 195.271 47.3717
    endloop
  endfacet
  facet normal 0.197315 -0.978184 0.0649821
    outer loop
      vertex 75.5795 195.271 46.8968
      vertex 74.7433 195.119 47.1478
      vertex 74.8997 195.119 46.6729
    endloop
  endfacet
  facet normal 0.55817 -0.809097 0.183869
    outer loop
      vertex 77.153 195.569 44.2565
      vertex 78.6539 195.999 41.5924
      vertex 77.7153 195.999 44.4417
    endloop
  endfacet
  facet normal 0.55817 -0.809097 0.183869
    outer loop
      vertex 78.6539 195.999 41.5924
      vertex 77.153 195.569 44.2565
      vertex 78.0916 195.569 41.4072
    endloop
  endfacet
  facet normal 0.558242 -0.809052 0.183847
    outer loop
      vertex 76.058 195.569 47.5808
      vertex 76.7766 195.999 47.2911
      vertex 76.6202 195.999 47.766
    endloop
  endfacet
  facet normal 0.558242 -0.809052 0.183847
    outer loop
      vertex 76.7766 195.999 47.2911
      vertex 76.058 195.569 47.5808
      vertex 76.2144 195.569 47.1059
    endloop
  endfacet
  facet normal 0.705958 -0.668955 0.232644
    outer loop
      vertex 76.6202 195.999 47.766
      vertex 77.2417 196.543 47.4443
      vertex 77.0852 196.543 47.9192
    endloop
  endfacet
  facet normal 0.705941 -0.669026 0.232489
    outer loop
      vertex 77.2417 196.543 47.4443
      vertex 76.6202 195.999 47.766
      vertex 76.7766 195.999 47.2911
    endloop
  endfacet
  facet normal 0.705987 -0.668955 0.232554
    outer loop
      vertex 77.7153 195.999 44.4417
      vertex 79.1189 196.543 41.7455
      vertex 78.1803 196.543 44.5949
    endloop
  endfacet
  facet normal 0.706005 -0.668931 0.232568
    outer loop
      vertex 79.1189 196.543 41.7455
      vertex 77.7153 195.999 44.4417
      vertex 78.6539 195.999 41.5924
    endloop
  endfacet
  facet normal 0.903333 -0.309007 0.297497
    outer loop
      vertex 77.4327 197.176 48.0337
      vertex 77.8039 197.872 47.6295
      vertex 77.6475 197.872 48.1044
    endloop
  endfacet
  facet normal 0.903333 -0.309007 0.297497
    outer loop
      vertex 77.8039 197.872 47.6295
      vertex 77.4327 197.176 48.0337
      vertex 77.5891 197.176 47.5588
    endloop
  endfacet
  facet normal 0.90335 -0.30889 0.297566
    outer loop
      vertex 78.5278 197.176 44.7094
      vertex 79.6811 197.872 41.9307
      vertex 78.7425 197.872 44.7801
    endloop
  endfacet
  facet normal 0.90335 -0.30889 0.297566
    outer loop
      vertex 79.6811 197.872 41.9307
      vertex 78.5278 197.176 44.7094
      vertex 79.4664 197.176 41.86
    endloop
  endfacet
  facet normal 0.944588 -0.104587 0.31115
    outer loop
      vertex 78.7425 197.872 44.7801
      vertex 79.7538 198.6 41.9547
      vertex 78.8152 198.6 44.8041
    endloop
  endfacet
  facet normal 0.944588 -0.104587 0.31115
    outer loop
      vertex 79.7538 198.6 41.9547
      vertex 78.7425 197.872 44.7801
      vertex 79.6811 197.872 41.9307
    endloop
  endfacet
  facet normal 0.944625 -0.104416 0.311096
    outer loop
      vertex 77.6475 197.872 48.1044
      vertex 77.8765 198.6 47.6534
      vertex 77.7201 198.6 48.1283
    endloop
  endfacet
  facet normal 0.944625 -0.104416 0.311096
    outer loop
      vertex 77.8765 198.6 47.6534
      vertex 77.6475 197.872 48.1044
      vertex 77.8039 197.872 47.6295
    endloop
  endfacet
  facet normal 0.386737 -0.913348 0.127397
    outer loop
      vertex 76.5181 195.271 44.0474
      vertex 78.0916 195.569 41.4072
      vertex 77.153 195.569 44.2565
    endloop
  endfacet
  facet normal 0.386765 -0.913334 0.127415
    outer loop
      vertex 78.0916 195.569 41.4072
      vertex 76.5181 195.271 44.0474
      vertex 77.4568 195.271 41.198
    endloop
  endfacet
  facet normal 0.386746 -0.913348 0.127368
    outer loop
      vertex 75.4231 195.271 47.3717
      vertex 76.2144 195.569 47.1059
      vertex 76.058 195.569 47.5808
    endloop
  endfacet
  facet normal 0.386746 -0.913348 0.127368
    outer loop
      vertex 76.2144 195.569 47.1059
      vertex 75.4231 195.271 47.3717
      vertex 75.5795 195.271 46.8968
    endloop
  endfacet
  facet normal -0.197768 -0.978082 -0.0651476
    outer loop
      vertex 74.5411 195.254 43.3961
      vertex 76.082 195.119 40.7452
      vertex 75.1434 195.119 43.5945
    endloop
  endfacet
  facet normal -0.197759 -0.978084 -0.0651425
    outer loop
      vertex 76.082 195.119 40.7452
      vertex 74.5411 195.254 43.3961
      vertex 75.4797 195.254 40.5467
    endloop
  endfacet
  facet normal -0.197761 -0.978082 -0.0651706
    outer loop
      vertex 73.446 195.254 46.7204
      vertex 74.2048 195.119 46.4439
      vertex 74.0483 195.119 46.9188
    endloop
  endfacet
  facet normal -0.197761 -0.978082 -0.0651706
    outer loop
      vertex 74.2048 195.119 46.4439
      vertex 73.446 195.254 46.7204
      vertex 73.6025 195.254 46.2455
    endloop
  endfacet
  facet normal -0.903198 -0.309444 -0.297452
    outer loop
      vertex 71.3847 197.6 45.5149
      vertex 71.1442 197.872 45.9622
      vertex 71.3006 197.872 45.4873
    endloop
  endfacet
  facet normal -0.903234 -0.309143 -0.297655
    outer loop
      vertex 71.1442 197.872 45.9622
      vertex 71.3847 197.6 45.5149
      vertex 71.2282 197.6 45.9898
    endloop
  endfacet
  facet normal -0.903232 -0.309242 -0.297559
    outer loop
      vertex 73.2619 197.6 39.8162
      vertex 72.2392 197.872 42.6379
      vertex 73.1779 197.872 39.7885
    endloop
  endfacet
  facet normal -0.903149 -0.309542 -0.2975
    outer loop
      vertex 72.2392 197.872 42.6379
      vertex 73.2619 197.6 39.8162
      vertex 72.3233 197.6 42.6656
    endloop
  endfacet
  facet normal -0.944562 -0.104458 -0.311274
    outer loop
      vertex 71.3006 197.872 45.4873
      vertex 71.0715 198.6 45.9382
      vertex 71.228 198.6 45.4633
    endloop
  endfacet
  facet normal -0.944608 -0.104587 -0.31109
    outer loop
      vertex 71.0715 198.6 45.9382
      vertex 71.3006 197.872 45.4873
      vertex 71.1442 197.872 45.9622
    endloop
  endfacet
  facet normal -0.944593 -0.104545 -0.311151
    outer loop
      vertex 73.1779 197.872 39.7885
      vertex 72.1666 198.6 42.614
      vertex 73.1052 198.6 39.7646
    endloop
  endfacet
  facet normal -0.944596 -0.104416 -0.311185
    outer loop
      vertex 72.1666 198.6 42.614
      vertex 73.1779 197.872 39.7885
      vertex 72.2392 197.872 42.6379
    endloop
  endfacet
  facet normal -0.941673 -0.130489 -0.3102
    outer loop
      vertex 13.7022 11.4 20.1965
      vertex 11.6216 11.7753 26.3547
      vertex 13.6553 11.7753 20.181
    endloop
  endfacet
  facet normal -0.941673 -0.130489 -0.3102
    outer loop
      vertex 11.6216 11.7753 26.3547
      vertex 13.7022 11.4 20.1965
      vertex 11.6685 11.4 26.3702
    endloop
  endfacet
  facet normal 0.941665 0.130563 0.310193
    outer loop
      vertex 10.9947 11.0247 19.3046
      vertex 8.9141 11.4 25.4628
      vertex 8.96103 11.0247 25.4783
    endloop
  endfacet
  facet normal 0.941682 0.130408 0.310208
    outer loop
      vertex 8.9141 11.4 25.4628
      vertex 10.9947 11.0247 19.3046
      vertex 10.9478 11.4 19.2892
    endloop
  endfacet
  facet normal 0.123958 -0.991447 0.0408335
    outer loop
      vertex 9.93486 12.8006 25.7991
      vertex 12.325 12.85 19.7428
      vertex 10.2913 12.85 25.9165
    endloop
  endfacet
  facet normal 0.12394 -0.991449 0.0408263
    outer loop
      vertex 12.325 12.85 19.7428
      vertex 9.93486 12.8006 25.7991
      vertex 11.9685 12.8006 19.6254
    endloop
  endfacet
  facet normal -0.123965 0.991446 -0.0408343
    outer loop
      vertex 12.6814 9.99941 19.8603
      vertex 10.2913 9.95 25.9165
      vertex 10.6478 9.99941 26.0339
    endloop
  endfacet
  facet normal -0.123985 0.991443 -0.0408423
    outer loop
      vertex 10.2913 9.95 25.9165
      vertex 12.6814 9.99941 19.8603
      vertex 12.325 9.95 19.7428
    endloop
  endfacet
  facet normal -0.363594 0.923825 -0.119775
    outer loop
      vertex 13.0136 10.1443 19.9697
      vertex 10.6478 9.99941 26.0339
      vertex 10.9799 10.1443 26.1433
    endloop
  endfacet
  facet normal -0.363512 0.923862 -0.119742
    outer loop
      vertex 10.6478 9.99941 26.0339
      vertex 13.0136 10.1443 19.9697
      vertex 12.6814 9.99941 19.8603
    endloop
  endfacet
  facet normal 0.578129 0.793409 0.190443
    outer loop
      vertex 11.6364 10.1443 19.516
      vertex 9.31748 10.3747 25.5957
      vertex 9.60271 10.1443 25.6897
    endloop
  endfacet
  facet normal 0.5782 0.793351 0.190472
    outer loop
      vertex 9.31748 10.3747 25.5957
      vertex 11.6364 10.1443 19.516
      vertex 11.3512 10.3747 19.4221
    endloop
  endfacet
  facet normal -0.57814 -0.793401 -0.190447
    outer loop
      vertex 10.9799 12.6557 26.1433
      vertex 13.2748 12.4447 20.0557
      vertex 11.2411 12.4447 26.2294
    endloop
  endfacet
  facet normal -0.57818 -0.793367 -0.190463
    outer loop
      vertex 13.2748 12.4447 20.0557
      vertex 10.9799 12.6557 26.1433
      vertex 13.0136 12.6557 19.9697
    endloop
  endfacet
  facet normal -0.363616 -0.923816 -0.119782
    outer loop
      vertex 10.6478 12.8006 26.0339
      vertex 13.0136 12.6557 19.9697
      vertex 10.9799 12.6557 26.1433
    endloop
  endfacet
  facet normal -0.363533 -0.923853 -0.119749
    outer loop
      vertex 13.0136 12.6557 19.9697
      vertex 10.6478 12.8006 26.0339
      vertex 12.6814 12.8006 19.8603
    endloop
  endfacet
  facet normal 0.753507 -0.608781 0.248222
    outer loop
      vertex 9.09861 12.125 25.5236
      vertex 11.3512 12.4253 19.4221
      vertex 9.31748 12.4253 25.5957
    endloop
  endfacet
  facet normal 0.753473 -0.608828 0.248207
    outer loop
      vertex 11.3512 12.4253 19.4221
      vertex 9.09861 12.125 25.5236
      vertex 11.1323 12.125 19.35
    endloop
  endfacet
  facet normal 0.877499 -0.382673 0.289063
    outer loop
      vertex 8.96103 11.7753 25.4783
      vertex 11.1323 12.125 19.35
      vertex 9.09861 12.125 25.5236
    endloop
  endfacet
  facet normal 0.877456 -0.382787 0.289042
    outer loop
      vertex 11.1323 12.125 19.35
      vertex 8.96103 11.7753 25.4783
      vertex 10.9947 11.7753 19.3046
    endloop
  endfacet
  facet normal 0.578129 -0.793409 0.190443
    outer loop
      vertex 9.31748 12.4253 25.5957
      vertex 11.6364 12.6557 19.516
      vertex 9.60271 12.6557 25.6897
    endloop
  endfacet
  facet normal 0.5782 -0.793351 0.190472
    outer loop
      vertex 11.6364 12.6557 19.516
      vertex 9.31748 12.4253 25.5957
      vertex 11.3512 12.4253 19.4221
    endloop
  endfacet
  facet normal 0.363554 0.923844 0.119756
    outer loop
      vertex 11.9685 9.99941 19.6254
      vertex 9.60271 10.1443 25.6897
      vertex 9.93486 9.99941 25.7991
    endloop
  endfacet
  facet normal 0.363595 0.923825 0.119773
    outer loop
      vertex 9.60271 10.1443 25.6897
      vertex 11.9685 9.99941 19.6254
      vertex 11.6364 10.1443 19.516
    endloop
  endfacet
  facet normal 0.877499 0.382673 0.289063
    outer loop
      vertex 11.1323 10.675 19.35
      vertex 8.96103 11.0247 25.4783
      vertex 9.09861 10.675 25.5236
    endloop
  endfacet
  facet normal 0.877456 0.382787 0.289042
    outer loop
      vertex 8.96103 11.0247 25.4783
      vertex 11.1323 10.675 19.35
      vertex 10.9947 11.0247 19.3046
    endloop
  endfacet
  facet normal -0.753557 -0.608714 -0.248232
    outer loop
      vertex 13.5177 12.125 20.1357
      vertex 11.2836 12.4 26.2434
      vertex 13.3173 12.4 20.0697
    endloop
  endfacet
  facet normal -0.753557 -0.608714 -0.248232
    outer loop
      vertex 11.2836 12.4 26.2434
      vertex 13.5177 12.125 20.1357
      vertex 11.484 12.125 26.3094
    endloop
  endfacet
  facet normal -0.877483 -0.382716 -0.289055
    outer loop
      vertex 13.6553 11.7753 20.181
      vertex 11.484 12.125 26.3094
      vertex 13.5177 12.125 20.1357
    endloop
  endfacet
  facet normal -0.877483 -0.382716 -0.289055
    outer loop
      vertex 11.484 12.125 26.3094
      vertex 13.6553 11.7753 20.181
      vertex 11.6216 11.7753 26.3547
    endloop
  endfacet
  facet normal -0.12394 -0.991449 -0.0408262
    outer loop
      vertex 10.2913 12.85 25.9165
      vertex 12.6814 12.8006 19.8603
      vertex 10.6478 12.8006 26.0339
    endloop
  endfacet
  facet normal -0.12396 -0.991447 -0.0408342
    outer loop
      vertex 12.6814 12.8006 19.8603
      vertex 10.2913 12.85 25.9165
      vertex 12.325 12.85 19.7428
    endloop
  endfacet
  facet normal 0.941665 -0.130563 0.310193
    outer loop
      vertex 8.9141 11.4 25.4628
      vertex 10.9947 11.7753 19.3046
      vertex 8.96103 11.7753 25.4783
    endloop
  endfacet
  facet normal 0.941682 -0.130408 0.310208
    outer loop
      vertex 10.9947 11.7753 19.3046
      vertex 8.9141 11.4 25.4628
      vertex 10.9478 11.4 19.2892
    endloop
  endfacet
  facet normal 0.363575 -0.923834 0.119763
    outer loop
      vertex 9.60271 12.6557 25.6897
      vertex 11.9685 12.8006 19.6254
      vertex 9.93486 12.8006 25.7991
    endloop
  endfacet
  facet normal 0.363617 -0.923816 0.11978
    outer loop
      vertex 11.9685 12.8006 19.6254
      vertex 9.60271 12.6557 25.6897
      vertex 11.6364 12.6557 19.516
    endloop
  endfacet
  facet normal -0.941673 0.130489 -0.3102
    outer loop
      vertex 11.6216 11.0247 26.3547
      vertex 13.7022 11.4 20.1965
      vertex 13.6553 11.0247 20.181
    endloop
  endfacet
  facet normal -0.941673 0.130489 -0.3102
    outer loop
      vertex 13.7022 11.4 20.1965
      vertex 11.6216 11.0247 26.3547
      vertex 11.6685 11.4 26.3702
    endloop
  endfacet
  facet normal -0.877483 0.382716 -0.289055
    outer loop
      vertex 11.484 10.675 26.3094
      vertex 13.6553 11.0247 20.181
      vertex 13.5177 10.675 20.1357
    endloop
  endfacet
  facet normal -0.877483 0.382716 -0.289055
    outer loop
      vertex 13.6553 11.0247 20.181
      vertex 11.484 10.675 26.3094
      vertex 11.6216 11.0247 26.3547
    endloop
  endfacet
  facet normal 0.123983 0.991444 0.0408416
    outer loop
      vertex 12.325 9.95 19.7428
      vertex 9.93486 9.99941 25.7991
      vertex 10.2913 9.95 25.9165
    endloop
  endfacet
  facet normal 0.123965 0.991446 0.0408344
    outer loop
      vertex 9.93486 9.99941 25.7991
      vertex 12.325 9.95 19.7428
      vertex 11.9685 9.99941 19.6254
    endloop
  endfacet
  facet normal 0.753507 0.608781 0.248222
    outer loop
      vertex 11.3512 10.3747 19.4221
      vertex 9.09861 10.675 25.5236
      vertex 9.31748 10.3747 25.5957
    endloop
  endfacet
  facet normal 0.753473 0.608828 0.248207
    outer loop
      vertex 9.09861 10.675 25.5236
      vertex 11.3512 10.3747 19.4221
      vertex 11.1323 10.675 19.35
    endloop
  endfacet
  facet normal -0.578164 0.793381 -0.190455
    outer loop
      vertex 13.2988 10.3747 20.0636
      vertex 10.9799 10.1443 26.1433
      vertex 11.2651 10.3747 26.2373
    endloop
  endfacet
  facet normal -0.578201 0.793351 -0.19047
    outer loop
      vertex 10.9799 10.1443 26.1433
      vertex 13.2988 10.3747 20.0636
      vertex 13.0136 10.1443 19.9697
    endloop
  endfacet
  facet normal -0.753474 0.608828 -0.248205
    outer loop
      vertex 11.2651 10.3747 26.2373
      vertex 13.5177 10.675 20.1357
      vertex 13.2988 10.3747 20.0636
    endloop
  endfacet
  facet normal -0.753474 0.608828 -0.248205
    outer loop
      vertex 13.5177 10.675 20.1357
      vertex 11.2651 10.3747 26.2373
      vertex 11.484 10.675 26.3094
    endloop
  endfacet
  facet normal -0.94166 -0.130592 -0.310196
    outer loop
      vertex 13.7022 198.6 20.1965
      vertex 11.6216 198.975 26.3547
      vertex 13.6553 198.975 20.181
    endloop
  endfacet
  facet normal -0.94166 -0.130592 -0.310196
    outer loop
      vertex 11.6216 198.975 26.3547
      vertex 13.7022 198.6 20.1965
      vertex 11.6685 198.6 26.3702
    endloop
  endfacet
  facet normal -0.36383 -0.923722 -0.119852
    outer loop
      vertex 10.6478 200.001 26.0339
      vertex 13.0136 199.856 19.9697
      vertex 10.9799 199.856 26.1433
    endloop
  endfacet
  facet normal -0.363747 -0.923759 -0.119819
    outer loop
      vertex 13.0136 199.856 19.9697
      vertex 10.6478 200.001 26.0339
      vertex 12.6814 200.001 19.8603
    endloop
  endfacet
  facet normal 0.941653 -0.130666 0.310188
    outer loop
      vertex 8.9141 198.6 25.4628
      vertex 10.9947 198.975 19.3046
      vertex 8.96103 198.975 25.4783
    endloop
  endfacet
  facet normal 0.941669 -0.13051 0.310204
    outer loop
      vertex 10.9947 198.975 19.3046
      vertex 8.9141 198.6 25.4628
      vertex 10.9478 198.6 19.2892
    endloop
  endfacet
  facet normal -0.753557 0.608714 -0.248232
    outer loop
      vertex 11.2836 197.6 26.2434
      vertex 13.5177 197.875 20.1357
      vertex 13.3173 197.6 20.0697
    endloop
  endfacet
  facet normal -0.753557 0.608714 -0.248232
    outer loop
      vertex 13.5177 197.875 20.1357
      vertex 11.2836 197.6 26.2434
      vertex 11.484 197.875 26.3094
    endloop
  endfacet
  facet normal 0.122971 0.991583 0.0405084
    outer loop
      vertex 12.325 197.15 19.7428
      vertex 9.93486 197.199 25.7991
      vertex 10.2913 197.15 25.9165
    endloop
  endfacet
  facet normal 0.122953 0.991586 0.0405013
    outer loop
      vertex 9.93486 197.199 25.7991
      vertex 12.325 197.15 19.7428
      vertex 11.9685 197.199 19.6254
    endloop
  endfacet
  facet normal -0.57911 -0.792616 -0.190767
    outer loop
      vertex 10.9799 199.856 26.1433
      vertex 13.2988 199.625 20.0636
      vertex 11.2651 199.625 26.2373
    endloop
  endfacet
  facet normal -0.579147 -0.792585 -0.190782
    outer loop
      vertex 13.2988 199.625 20.0636
      vertex 10.9799 199.856 26.1433
      vertex 13.0136 199.856 19.9697
    endloop
  endfacet
  facet normal 0.363789 -0.923741 0.119834
    outer loop
      vertex 9.60271 199.856 25.6897
      vertex 11.9685 200.001 19.6254
      vertex 9.93486 200.001 25.7991
    endloop
  endfacet
  facet normal 0.363831 -0.923722 0.11985
    outer loop
      vertex 11.9685 200.001 19.6254
      vertex 9.60271 199.856 25.6897
      vertex 11.6364 199.856 19.516
    endloop
  endfacet
  facet normal -0.94166 0.130592 -0.310196
    outer loop
      vertex 11.6216 198.225 26.3547
      vertex 13.7022 198.6 20.1965
      vertex 13.6553 198.225 20.181
    endloop
  endfacet
  facet normal -0.94166 0.130592 -0.310196
    outer loop
      vertex 13.7022 198.6 20.1965
      vertex 11.6216 198.225 26.3547
      vertex 11.6685 198.6 26.3702
    endloop
  endfacet
  facet normal 0.877609 0.382393 0.289099
    outer loop
      vertex 11.1323 197.875 19.35
      vertex 8.96103 198.225 25.4783
      vertex 9.09861 197.875 25.5236
    endloop
  endfacet
  facet normal 0.877566 0.382506 0.289078
    outer loop
      vertex 8.96103 198.225 25.4783
      vertex 11.1323 197.875 19.35
      vertex 10.9947 198.225 19.3046
    endloop
  endfacet
  facet normal 0.363789 0.923741 0.119834
    outer loop
      vertex 11.9685 197.199 19.6254
      vertex 9.60271 197.344 25.6897
      vertex 9.93486 197.199 25.7991
    endloop
  endfacet
  facet normal 0.363831 0.923722 0.11985
    outer loop
      vertex 9.60271 197.344 25.6897
      vertex 11.9685 197.199 19.6254
      vertex 11.6364 197.344 19.516
    endloop
  endfacet
  facet normal -0.877593 -0.382436 -0.289091
    outer loop
      vertex 13.6553 198.975 20.181
      vertex 11.484 199.325 26.3094
      vertex 13.5177 199.325 20.1357
    endloop
  endfacet
  facet normal -0.877593 -0.382436 -0.289091
    outer loop
      vertex 11.484 199.325 26.3094
      vertex 13.6553 198.975 20.181
      vertex 11.6216 198.975 26.3547
    endloop
  endfacet
  facet normal -0.753195 -0.609211 -0.248113
    outer loop
      vertex 13.5177 199.325 20.1357
      vertex 11.2651 199.625 26.2373
      vertex 13.2988 199.625 20.0636
    endloop
  endfacet
  facet normal -0.753195 -0.609211 -0.248113
    outer loop
      vertex 11.2651 199.625 26.2373
      vertex 13.5177 199.325 20.1357
      vertex 11.484 199.325 26.3094
    endloop
  endfacet
  facet normal 0.122971 -0.991583 0.0405084
    outer loop
      vertex 9.93486 200.001 25.7991
      vertex 12.325 200.05 19.7428
      vertex 10.2913 200.05 25.9165
    endloop
  endfacet
  facet normal 0.122953 -0.991586 0.0405013
    outer loop
      vertex 12.325 200.05 19.7428
      vertex 9.93486 200.001 25.7991
      vertex 11.9685 200.001 19.6254
    endloop
  endfacet
  facet normal -0.122953 -0.991586 -0.0405011
    outer loop
      vertex 10.2913 200.05 25.9165
      vertex 12.6814 200.001 19.8603
      vertex 10.6478 200.001 26.0339
    endloop
  endfacet
  facet normal -0.122973 -0.991583 -0.0405091
    outer loop
      vertex 12.6814 200.001 19.8603
      vertex 10.2913 200.05 25.9165
      vertex 12.325 200.05 19.7428
    endloop
  endfacet
  facet normal 0.941653 0.130666 0.310188
    outer loop
      vertex 10.9947 198.225 19.3046
      vertex 8.9141 198.6 25.4628
      vertex 8.96103 198.225 25.4783
    endloop
  endfacet
  facet normal 0.941669 0.13051 0.310204
    outer loop
      vertex 8.9141 198.6 25.4628
      vertex 10.9947 198.225 19.3046
      vertex 10.9478 198.6 19.2892
    endloop
  endfacet
  facet normal 0.877609 -0.382393 0.289099
    outer loop
      vertex 8.96103 198.975 25.4783
      vertex 11.1323 199.325 19.35
      vertex 9.09861 199.325 25.5236
    endloop
  endfacet
  facet normal 0.877566 -0.382506 0.289078
    outer loop
      vertex 11.1323 199.325 19.35
      vertex 8.96103 198.975 25.4783
      vertex 10.9947 198.975 19.3046
    endloop
  endfacet
  facet normal 0.579076 -0.792644 0.190754
    outer loop
      vertex 9.31748 199.625 25.5957
      vertex 11.6364 199.856 19.516
      vertex 9.60271 199.856 25.6897
    endloop
  endfacet
  facet normal 0.579146 -0.792585 0.190784
    outer loop
      vertex 11.6364 199.856 19.516
      vertex 9.31748 199.625 25.5957
      vertex 11.3512 199.625 19.4221
    endloop
  endfacet
  facet normal 0.753227 -0.609163 0.24813
    outer loop
      vertex 9.09861 199.325 25.5236
      vertex 11.3512 199.625 19.4221
      vertex 9.31748 199.625 25.5957
    endloop
  endfacet
  facet normal 0.753194 -0.609211 0.248115
    outer loop
      vertex 11.3512 199.625 19.4221
      vertex 9.09861 199.325 25.5236
      vertex 11.1323 199.325 19.35
    endloop
  endfacet
  facet normal -0.36383 0.923722 -0.119852
    outer loop
      vertex 13.0136 197.344 19.9697
      vertex 10.6478 197.199 26.0339
      vertex 10.9799 197.344 26.1433
    endloop
  endfacet
  facet normal -0.363747 0.923759 -0.119819
    outer loop
      vertex 10.6478 197.199 26.0339
      vertex 13.0136 197.344 19.9697
      vertex 12.6814 197.199 19.8603
    endloop
  endfacet
  facet normal -0.122953 0.991586 -0.0405011
    outer loop
      vertex 12.6814 197.199 19.8603
      vertex 10.2913 197.15 25.9165
      vertex 10.6478 197.199 26.0339
    endloop
  endfacet
  facet normal -0.122973 0.991583 -0.0405091
    outer loop
      vertex 10.2913 197.15 25.9165
      vertex 12.6814 197.199 19.8603
      vertex 12.325 197.15 19.7428
    endloop
  endfacet
  facet normal 0.753227 0.609163 0.24813
    outer loop
      vertex 11.3512 197.575 19.4221
      vertex 9.09861 197.875 25.5236
      vertex 9.31748 197.575 25.5957
    endloop
  endfacet
  facet normal 0.753194 0.609211 0.248115
    outer loop
      vertex 9.09861 197.875 25.5236
      vertex 11.3512 197.575 19.4221
      vertex 11.1323 197.875 19.35
    endloop
  endfacet
  facet normal -0.877593 0.382436 -0.289091
    outer loop
      vertex 11.484 197.875 26.3094
      vertex 13.6553 198.225 20.181
      vertex 13.5177 197.875 20.1357
    endloop
  endfacet
  facet normal -0.877593 0.382436 -0.289091
    outer loop
      vertex 13.6553 198.225 20.181
      vertex 11.484 197.875 26.3094
      vertex 11.6216 198.225 26.3547
    endloop
  endfacet
  facet normal -0.57814 0.793401 -0.190447
    outer loop
      vertex 13.2748 197.555 20.0557
      vertex 10.9799 197.344 26.1433
      vertex 11.2411 197.555 26.2294
    endloop
  endfacet
  facet normal -0.57818 0.793367 -0.190463
    outer loop
      vertex 10.9799 197.344 26.1433
      vertex 13.2748 197.555 20.0557
      vertex 13.0136 197.344 19.9697
    endloop
  endfacet
  facet normal 0.579076 0.792644 0.190754
    outer loop
      vertex 11.6364 197.344 19.516
      vertex 9.31748 197.575 25.5957
      vertex 9.60271 197.344 25.6897
    endloop
  endfacet
  facet normal 0.579146 0.792585 0.190784
    outer loop
      vertex 9.31748 197.575 25.5957
      vertex 11.6364 197.344 19.516
      vertex 11.3512 197.575 19.4221
    endloop
  endfacet
  facet normal -0.753478 -0.608828 -0.248193
    outer loop
      vertex 77.6222 12.125 41.2525
      vertex 75.3697 12.4253 47.3541
      vertex 77.4033 12.4253 41.1804
    endloop
  endfacet
  facet normal -0.753589 -0.60867 -0.248242
    outer loop
      vertex 75.3697 12.4253 47.3541
      vertex 77.6222 12.125 41.2525
      vertex 75.5885 12.125 47.4262
    endloop
  endfacet
  facet normal -0.877483 -0.382716 -0.289055
    outer loop
      vertex 77.7598 11.7753 41.2978
      vertex 75.5885 12.125 47.4262
      vertex 77.6222 12.125 41.2525
    endloop
  endfacet
  facet normal -0.877483 -0.382716 -0.289055
    outer loop
      vertex 75.5885 12.125 47.4262
      vertex 77.7598 11.7753 41.2978
      vertex 75.7261 11.7753 47.4715
    endloop
  endfacet
  facet normal -0.363616 -0.923816 -0.119782
    outer loop
      vertex 74.7523 12.8006 47.1507
      vertex 77.1181 12.6557 41.0865
      vertex 75.0844 12.6557 47.2601
    endloop
  endfacet
  facet normal -0.363506 -0.923865 -0.119738
    outer loop
      vertex 77.1181 12.6557 41.0865
      vertex 74.7523 12.8006 47.1507
      vertex 76.7859 12.8006 40.977
    endloop
  endfacet
  facet normal 0.363532 -0.923853 0.119752
    outer loop
      vertex 73.7072 12.6557 46.8065
      vertex 76.0731 12.8006 40.7422
      vertex 74.0394 12.8006 46.9159
    endloop
  endfacet
  facet normal 0.363532 -0.923853 0.119752
    outer loop
      vertex 76.0731 12.8006 40.7422
      vertex 73.7072 12.6557 46.8065
      vertex 75.7409 12.6557 40.6328
    endloop
  endfacet
  facet normal 0.753556 -0.608714 0.248236
    outer loop
      vertex 73.2031 12.125 46.6404
      vertex 75.4372 12.4 40.5328
      vertex 73.4035 12.4 46.7064
    endloop
  endfacet
  facet normal 0.753516 -0.60877 0.248218
    outer loop
      vertex 75.4372 12.4 40.5328
      vertex 73.2031 12.125 46.6404
      vertex 75.2368 12.125 40.4667
    endloop
  endfacet
  facet normal 0.57814 -0.793401 0.190447
    outer loop
      vertex 73.446 12.4447 46.7204
      vertex 75.7409 12.6557 40.6328
      vertex 73.7072 12.6557 46.8065
    endloop
  endfacet
  facet normal 0.57814 -0.793401 0.190447
    outer loop
      vertex 75.7409 12.6557 40.6328
      vertex 73.446 12.4447 46.7204
      vertex 75.4797 12.4447 40.5467
    endloop
  endfacet
  facet normal -0.941673 0.130489 -0.3102
    outer loop
      vertex 75.7261 11.0247 47.4715
      vertex 77.8067 11.4 41.3133
      vertex 77.7598 11.0247 41.2978
    endloop
  endfacet
  facet normal -0.941673 0.130489 -0.3102
    outer loop
      vertex 77.8067 11.4 41.3133
      vertex 75.7261 11.0247 47.4715
      vertex 75.773 11.4 47.487
    endloop
  endfacet
  facet normal -0.578051 -0.793474 -0.190409
    outer loop
      vertex 75.0844 12.6557 47.2601
      vertex 77.4033 12.4253 41.1804
      vertex 75.3697 12.4253 47.3541
    endloop
  endfacet
  facet normal -0.578201 -0.793351 -0.19047
    outer loop
      vertex 77.4033 12.4253 41.1804
      vertex 75.0844 12.6557 47.2601
      vertex 77.1181 12.6557 41.0865
    endloop
  endfacet
  facet normal 0.12397 -0.991445 0.0408375
    outer loop
      vertex 74.0394 12.8006 46.9159
      vertex 76.4295 12.85 40.8596
      vertex 74.3958 12.85 47.0333
    endloop
  endfacet
  facet normal 0.12397 -0.991445 0.0408375
    outer loop
      vertex 76.4295 12.85 40.8596
      vertex 74.0394 12.8006 46.9159
      vertex 76.0731 12.8006 40.7422
    endloop
  endfacet
  facet normal 0.941673 -0.130489 0.3102
    outer loop
      vertex 73.0186 11.4 46.5796
      vertex 75.0992 11.7753 40.4214
      vertex 73.0655 11.7753 46.5951
    endloop
  endfacet
  facet normal 0.941682 -0.130408 0.310208
    outer loop
      vertex 75.0992 11.7753 40.4214
      vertex 73.0186 11.4 46.5796
      vertex 75.0523 11.4 40.406
    endloop
  endfacet
  facet normal -0.941673 -0.130489 -0.3102
    outer loop
      vertex 77.8067 11.4 41.3133
      vertex 75.7261 11.7753 47.4715
      vertex 77.7598 11.7753 41.2978
    endloop
  endfacet
  facet normal -0.941673 -0.130489 -0.3102
    outer loop
      vertex 75.7261 11.7753 47.4715
      vertex 77.8067 11.4 41.3133
      vertex 75.773 11.4 47.487
    endloop
  endfacet
  facet normal 0.753474 0.608828 0.248205
    outer loop
      vertex 75.4557 10.3747 40.5388
      vertex 73.2031 10.675 46.6404
      vertex 73.422 10.3747 46.7125
    endloop
  endfacet
  facet normal 0.753474 0.608828 0.248205
    outer loop
      vertex 73.2031 10.675 46.6404
      vertex 75.4557 10.3747 40.5388
      vertex 75.2368 10.675 40.4667
    endloop
  endfacet
  facet normal -0.363594 0.923825 -0.119775
    outer loop
      vertex 77.1181 10.1443 41.0865
      vertex 74.7523 9.99941 47.1507
      vertex 75.0844 10.1443 47.2601
    endloop
  endfacet
  facet normal -0.363485 0.923874 -0.119731
    outer loop
      vertex 74.7523 9.99941 47.1507
      vertex 77.1181 10.1443 41.0865
      vertex 76.7859 9.99941 40.977
    endloop
  endfacet
  facet normal -0.578051 0.793474 -0.190409
    outer loop
      vertex 77.4033 10.3747 41.1804
      vertex 75.0844 10.1443 47.2601
      vertex 75.3697 10.3747 47.3541
    endloop
  endfacet
  facet normal -0.578201 0.793351 -0.19047
    outer loop
      vertex 75.0844 10.1443 47.2601
      vertex 77.4033 10.3747 41.1804
      vertex 77.1181 10.1443 41.0865
    endloop
  endfacet
  facet normal -0.12394 -0.991449 -0.0408256
    outer loop
      vertex 74.3958 12.85 47.0333
      vertex 76.7859 12.8006 40.977
      vertex 74.7523 12.8006 47.1507
    endloop
  endfacet
  facet normal -0.12397 -0.991445 -0.0408375
    outer loop
      vertex 76.7859 12.8006 40.977
      vertex 74.3958 12.85 47.0333
      vertex 76.4295 12.85 40.8596
    endloop
  endfacet
  facet normal 0.877483 -0.382716 0.289055
    outer loop
      vertex 73.0655 11.7753 46.5951
      vertex 75.2368 12.125 40.4667
      vertex 73.2031 12.125 46.6404
    endloop
  endfacet
  facet normal 0.877483 -0.382716 0.289055
    outer loop
      vertex 75.2368 12.125 40.4667
      vertex 73.0655 11.7753 46.5951
      vertex 75.0992 11.7753 40.4214
    endloop
  endfacet
  facet normal -0.877483 0.382716 -0.289055
    outer loop
      vertex 75.5885 10.675 47.4262
      vertex 77.7598 11.0247 41.2978
      vertex 77.6222 10.675 41.2525
    endloop
  endfacet
  facet normal -0.877483 0.382716 -0.289055
    outer loop
      vertex 77.7598 11.0247 41.2978
      vertex 75.5885 10.675 47.4262
      vertex 75.7261 11.0247 47.4715
    endloop
  endfacet
  facet normal 0.363511 0.923862 0.119745
    outer loop
      vertex 76.0731 9.99941 40.7422
      vertex 73.7072 10.1443 46.8065
      vertex 74.0394 9.99941 46.9159
    endloop
  endfacet
  facet normal 0.363511 0.923862 0.119745
    outer loop
      vertex 73.7072 10.1443 46.8065
      vertex 76.0731 9.99941 40.7422
      vertex 75.7409 10.1443 40.6328
    endloop
  endfacet
  facet normal 0.123995 0.991442 0.0408457
    outer loop
      vertex 76.4295 9.95 40.8596
      vertex 74.0394 9.99941 46.9159
      vertex 74.3958 9.95 47.0333
    endloop
  endfacet
  facet normal 0.123995 0.991442 0.0408457
    outer loop
      vertex 74.0394 9.99941 46.9159
      vertex 76.4295 9.95 40.8596
      vertex 76.0731 9.99941 40.7422
    endloop
  endfacet
  facet normal 0.941673 0.130489 0.3102
    outer loop
      vertex 75.0992 11.0247 40.4214
      vertex 73.0186 11.4 46.5796
      vertex 73.0655 11.0247 46.5951
    endloop
  endfacet
  facet normal 0.941682 0.130408 0.310208
    outer loop
      vertex 73.0186 11.4 46.5796
      vertex 75.0992 11.0247 40.4214
      vertex 75.0523 11.4 40.406
    endloop
  endfacet
  facet normal -0.123965 0.991446 -0.0408337
    outer loop
      vertex 76.7859 9.99941 40.977
      vertex 74.3958 9.95 47.0333
      vertex 74.7523 9.99941 47.1507
    endloop
  endfacet
  facet normal -0.123995 0.991442 -0.0408457
    outer loop
      vertex 74.3958 9.95 47.0333
      vertex 76.7859 9.99941 40.977
      vertex 76.4295 9.95 40.8596
    endloop
  endfacet
  facet normal 0.877483 0.382716 0.289055
    outer loop
      vertex 75.2368 10.675 40.4667
      vertex 73.0655 11.0247 46.5951
      vertex 73.2031 10.675 46.6404
    endloop
  endfacet
  facet normal 0.877483 0.382716 0.289055
    outer loop
      vertex 73.0655 11.0247 46.5951
      vertex 75.2368 10.675 40.4667
      vertex 75.0992 11.0247 40.4214
    endloop
  endfacet
  facet normal 0.578164 0.793381 0.190455
    outer loop
      vertex 75.7409 10.1443 40.6328
      vertex 73.422 10.3747 46.7125
      vertex 73.7072 10.1443 46.8065
    endloop
  endfacet
  facet normal 0.578164 0.793381 0.190455
    outer loop
      vertex 73.422 10.3747 46.7125
      vertex 75.7409 10.1443 40.6328
      vertex 75.4557 10.3747 40.5388
    endloop
  endfacet
  facet normal -0.753478 0.608828 -0.248193
    outer loop
      vertex 75.3697 10.3747 47.3541
      vertex 77.6222 10.675 41.2525
      vertex 77.4033 10.3747 41.1804
    endloop
  endfacet
  facet normal -0.753589 0.60867 -0.248242
    outer loop
      vertex 77.6222 10.675 41.2525
      vertex 75.3697 10.3747 47.3541
      vertex 75.5885 10.675 47.4262
    endloop
  endfacet
  facet normal -0.753198 -0.609211 -0.248102
    outer loop
      vertex 77.6222 199.325 41.2525
      vertex 75.3697 199.625 47.3541
      vertex 77.4033 199.625 41.1804
    endloop
  endfacet
  facet normal -0.75331 -0.609053 -0.24815
    outer loop
      vertex 75.3697 199.625 47.3541
      vertex 77.6222 199.325 41.2525
      vertex 75.5885 199.325 47.4262
    endloop
  endfacet
  facet normal -0.877593 -0.382436 -0.289091
    outer loop
      vertex 77.7598 198.975 41.2978
      vertex 75.5885 199.325 47.4262
      vertex 77.6222 199.325 41.2525
    endloop
  endfacet
  facet normal -0.877593 -0.382436 -0.289091
    outer loop
      vertex 75.5885 199.325 47.4262
      vertex 77.7598 198.975 41.2978
      vertex 75.7261 198.975 47.4715
    endloop
  endfacet
  facet normal -0.122954 -0.991586 -0.0405006
    outer loop
      vertex 74.3958 200.05 47.0333
      vertex 76.7859 200.001 40.977
      vertex 74.7523 200.001 47.1507
    endloop
  endfacet
  facet normal -0.122984 -0.991581 -0.0405124
    outer loop
      vertex 76.7859 200.001 40.977
      vertex 74.3958 200.05 47.0333
      vertex 76.4295 200.05 40.8596
    endloop
  endfacet
  facet normal 0.363746 -0.923759 0.119823
    outer loop
      vertex 73.7072 199.856 46.8065
      vertex 76.0731 200.001 40.7422
      vertex 74.0394 200.001 46.9159
    endloop
  endfacet
  facet normal 0.363746 -0.923759 0.119823
    outer loop
      vertex 76.0731 200.001 40.7422
      vertex 73.7072 199.856 46.8065
      vertex 75.7409 199.856 40.6328
    endloop
  endfacet
  facet normal 0.753195 -0.609211 0.248113
    outer loop
      vertex 73.2031 199.325 46.6404
      vertex 75.4557 199.625 40.5388
      vertex 73.422 199.625 46.7125
    endloop
  endfacet
  facet normal 0.753195 -0.609211 0.248113
    outer loop
      vertex 75.4557 199.625 40.5388
      vertex 73.2031 199.325 46.6404
      vertex 75.2368 199.325 40.4667
    endloop
  endfacet
  facet normal 0.57911 -0.792616 0.190767
    outer loop
      vertex 73.422 199.625 46.7125
      vertex 75.7409 199.856 40.6328
      vertex 73.7072 199.856 46.8065
    endloop
  endfacet
  facet normal 0.57911 -0.792616 0.190767
    outer loop
      vertex 75.7409 199.856 40.6328
      vertex 73.422 199.625 46.7125
      vertex 75.4557 199.625 40.5388
    endloop
  endfacet
  facet normal -0.94166 0.130592 -0.310196
    outer loop
      vertex 75.7261 198.225 47.4715
      vertex 77.8067 198.6 41.3133
      vertex 77.7598 198.225 41.2978
    endloop
  endfacet
  facet normal -0.94166 0.130592 -0.310196
    outer loop
      vertex 77.8067 198.6 41.3133
      vertex 75.7261 198.225 47.4715
      vertex 75.773 198.6 47.487
    endloop
  endfacet
  facet normal -0.36383 0.923722 -0.119852
    outer loop
      vertex 77.1181 197.344 41.0865
      vertex 74.7523 197.199 47.1507
      vertex 75.0844 197.344 47.2601
    endloop
  endfacet
  facet normal -0.36372 0.923771 -0.119808
    outer loop
      vertex 74.7523 197.199 47.1507
      vertex 77.1181 197.344 41.0865
      vertex 76.7859 197.199 40.977
    endloop
  endfacet
  facet normal -0.578998 -0.792709 -0.19072
    outer loop
      vertex 75.0844 199.856 47.2601
      vertex 77.4033 199.625 41.1804
      vertex 75.3697 199.625 47.3541
    endloop
  endfacet
  facet normal -0.579147 -0.792585 -0.190782
    outer loop
      vertex 77.4033 199.625 41.1804
      vertex 75.0844 199.856 47.2601
      vertex 77.1181 199.856 41.0865
    endloop
  endfacet
  facet normal 0.122984 -0.991581 0.0405124
    outer loop
      vertex 74.0394 200.001 46.9159
      vertex 76.4295 200.05 40.8596
      vertex 74.3958 200.05 47.0333
    endloop
  endfacet
  facet normal 0.122984 -0.991581 0.0405124
    outer loop
      vertex 76.4295 200.05 40.8596
      vertex 74.0394 200.001 46.9159
      vertex 76.0731 200.001 40.7422
    endloop
  endfacet
  facet normal -0.36383 -0.923722 -0.119852
    outer loop
      vertex 74.7523 200.001 47.1507
      vertex 77.1181 199.856 41.0865
      vertex 75.0844 199.856 47.2601
    endloop
  endfacet
  facet normal -0.36372 -0.923771 -0.119808
    outer loop
      vertex 77.1181 199.856 41.0865
      vertex 74.7523 200.001 47.1507
      vertex 76.7859 200.001 40.977
    endloop
  endfacet
  facet normal 0.94166 -0.130592 0.310196
    outer loop
      vertex 73.0186 198.6 46.5796
      vertex 75.0992 198.975 40.4214
      vertex 73.0655 198.975 46.5951
    endloop
  endfacet
  facet normal 0.941669 -0.13051 0.310204
    outer loop
      vertex 75.0992 198.975 40.4214
      vertex 73.0186 198.6 46.5796
      vertex 75.0523 198.6 40.406
    endloop
  endfacet
  facet normal -0.94166 -0.130592 -0.310196
    outer loop
      vertex 77.8067 198.6 41.3133
      vertex 75.7261 198.975 47.4715
      vertex 77.7598 198.975 41.2978
    endloop
  endfacet
  facet normal -0.94166 -0.130592 -0.310196
    outer loop
      vertex 75.7261 198.975 47.4715
      vertex 77.8067 198.6 41.3133
      vertex 75.773 198.6 47.487
    endloop
  endfacet
  facet normal 0.57814 0.793401 0.190447
    outer loop
      vertex 75.7409 197.344 40.6328
      vertex 73.446 197.555 46.7204
      vertex 73.7072 197.344 46.8065
    endloop
  endfacet
  facet normal 0.57814 0.793401 0.190447
    outer loop
      vertex 73.446 197.555 46.7204
      vertex 75.7409 197.344 40.6328
      vertex 75.4797 197.555 40.5467
    endloop
  endfacet
  facet normal 0.753556 0.608714 0.248236
    outer loop
      vertex 75.4372 197.6 40.5328
      vertex 73.2031 197.875 46.6404
      vertex 73.4035 197.6 46.7064
    endloop
  endfacet
  facet normal 0.753516 0.60877 0.248218
    outer loop
      vertex 73.2031 197.875 46.6404
      vertex 75.4372 197.6 40.5328
      vertex 75.2368 197.875 40.4667
    endloop
  endfacet
  facet normal -0.753198 0.609211 -0.248102
    outer loop
      vertex 75.3697 197.575 47.3541
      vertex 77.6222 197.875 41.2525
      vertex 77.4033 197.575 41.1804
    endloop
  endfacet
  facet normal -0.75331 0.609053 -0.24815
    outer loop
      vertex 77.6222 197.875 41.2525
      vertex 75.3697 197.575 47.3541
      vertex 75.5885 197.875 47.4262
    endloop
  endfacet
  facet normal 0.877593 -0.382436 0.289091
    outer loop
      vertex 73.0655 198.975 46.5951
      vertex 75.2368 199.325 40.4667
      vertex 73.2031 199.325 46.6404
    endloop
  endfacet
  facet normal 0.877593 -0.382436 0.289091
    outer loop
      vertex 75.2368 199.325 40.4667
      vertex 73.0655 198.975 46.5951
      vertex 75.0992 198.975 40.4214
    endloop
  endfacet
  facet normal -0.877593 0.382436 -0.289091
    outer loop
      vertex 75.5885 197.875 47.4262
      vertex 77.7598 198.225 41.2978
      vertex 77.6222 197.875 41.2525
    endloop
  endfacet
  facet normal -0.877593 0.382436 -0.289091
    outer loop
      vertex 77.7598 198.225 41.2978
      vertex 75.5885 197.875 47.4262
      vertex 75.7261 198.225 47.4715
    endloop
  endfacet
  facet normal 0.94166 0.130592 0.310196
    outer loop
      vertex 75.0992 198.225 40.4214
      vertex 73.0186 198.6 46.5796
      vertex 73.0655 198.225 46.5951
    endloop
  endfacet
  facet normal 0.941669 0.13051 0.310204
    outer loop
      vertex 73.0186 198.6 46.5796
      vertex 75.0992 198.225 40.4214
      vertex 75.0523 198.6 40.406
    endloop
  endfacet
  facet normal -0.578998 0.792709 -0.19072
    outer loop
      vertex 77.4033 197.575 41.1804
      vertex 75.0844 197.344 47.2601
      vertex 75.3697 197.575 47.3541
    endloop
  endfacet
  facet normal -0.579147 0.792585 -0.190782
    outer loop
      vertex 75.0844 197.344 47.2601
      vertex 77.4033 197.575 41.1804
      vertex 77.1181 197.344 41.0865
    endloop
  endfacet
  facet normal 0.363746 0.923759 0.119823
    outer loop
      vertex 76.0731 197.199 40.7422
      vertex 73.7072 197.344 46.8065
      vertex 74.0394 197.199 46.9159
    endloop
  endfacet
  facet normal 0.363746 0.923759 0.119823
    outer loop
      vertex 73.7072 197.344 46.8065
      vertex 76.0731 197.199 40.7422
      vertex 75.7409 197.344 40.6328
    endloop
  endfacet
  facet normal -0.122954 0.991586 -0.0405006
    outer loop
      vertex 76.7859 197.199 40.977
      vertex 74.3958 197.15 47.0333
      vertex 74.7523 197.199 47.1507
    endloop
  endfacet
  facet normal -0.122984 0.991581 -0.0405124
    outer loop
      vertex 74.3958 197.15 47.0333
      vertex 76.7859 197.199 40.977
      vertex 76.4295 197.15 40.8596
    endloop
  endfacet
  facet normal 0.122984 0.991581 0.0405124
    outer loop
      vertex 76.4295 197.15 40.8596
      vertex 74.0394 197.199 46.9159
      vertex 74.3958 197.15 47.0333
    endloop
  endfacet
  facet normal 0.122984 0.991581 0.0405124
    outer loop
      vertex 74.0394 197.199 46.9159
      vertex 76.4295 197.15 40.8596
      vertex 76.0731 197.199 40.7422
    endloop
  endfacet
  facet normal 0.877593 0.382436 0.289091
    outer loop
      vertex 75.2368 197.875 40.4667
      vertex 73.0655 198.225 46.5951
      vertex 73.2031 197.875 46.6404
    endloop
  endfacet
  facet normal 0.877593 0.382436 0.289091
    outer loop
      vertex 73.0655 198.225 46.5951
      vertex 75.2368 197.875 40.4667
      vertex 75.0992 198.225 40.4214
    endloop
  endfacet
  facet normal -0.176656 0 -0.984273
    outer loop
      vertex 103.039 8.6 150.641
      vertex 105.992 201.4 150.111
      vertex 105.992 8.6 150.111
    endloop
  endfacet
  facet normal -0.176656 0 -0.984273
    outer loop
      vertex 105.992 201.4 150.111
      vertex 103.039 8.6 150.641
      vertex 103.039 201.4 150.641
    endloop
  endfacet
  facet normal 0.17643 0 0.984313
    outer loop
      vertex 85.9606 201.4 55.3593
      vertex 88.9136 8.6 54.83
      vertex 88.9136 201.4 54.83
    endloop
  endfacet
  facet normal 0.17643 0 0.984313
    outer loop
      vertex 88.9136 8.6 54.83
      vertex 85.9606 201.4 55.3593
      vertex 85.9606 8.6 55.3593
    endloop
  endfacet
  facet normal 0 1 0
    outer loop
      vertex 105.992 8.6 150.111
      vertex 85.9606 8.6 55.3593
      vertex 103.039 8.6 150.641
    endloop
  endfacet
  facet normal -0 1 0
    outer loop
      vertex 85.9606 8.6 55.3593
      vertex 105.992 8.6 150.111
      vertex 88.9136 8.6 54.83
    endloop
  endfacet
  facet normal 0 -1 0
    outer loop
      vertex 85.9606 201.4 55.3593
      vertex 105.992 201.4 150.111
      vertex 103.039 201.4 150.641
    endloop
  endfacet
  facet normal 0 -1 0
    outer loop
      vertex 105.992 201.4 150.111
      vertex 85.9606 201.4 55.3593
      vertex 88.9136 201.4 54.83
    endloop
  endfacet
  facet normal -0.949797 0 -0.312866
    outer loop
      vertex 75.4797 12.4447 40.5467
      vertex 74.5411 14.746 43.3961
      vertex 75.4797 14.746 40.5467
    endloop
  endfacet
  facet normal -0.949794 1.26991e-05 -0.312875
    outer loop
      vertex 73.446 12.4447 46.7204
      vertex 74.5411 14.746 43.3961
      vertex 75.4797 12.4447 40.5467
    endloop
  endfacet
  facet normal -0.949797 2.75148e-05 -0.312866
    outer loop
      vertex 74.5411 14.746 43.3961
      vertex 73.446 12.4447 46.7204
      vertex 73.6025 14.746 46.2455
    endloop
  endfacet
  facet normal -0.949758 0 -0.312986
    outer loop
      vertex 73.6025 14.746 46.2455
      vertex 73.446 12.4447 46.7204
      vertex 73.446 14.746 46.7204
    endloop
  endfacet
  facet normal -0.949797 0 -0.312866
    outer loop
      vertex 74.5411 14.746 43.3961
      vertex 73.6025 195.254 46.2455
      vertex 74.5411 195.254 43.3961
    endloop
  endfacet
  facet normal -0.949797 -0 -0.312866
    outer loop
      vertex 73.6025 195.254 46.2455
      vertex 74.5411 14.746 43.3961
      vertex 73.6025 14.746 46.2455
    endloop
  endfacet
  facet normal -0.949797 0 -0.312866
    outer loop
      vertex 74.5411 195.254 43.3961
      vertex 75.4797 197.555 40.5467
      vertex 75.4797 195.254 40.5467
    endloop
  endfacet
  facet normal -0.949794 -1.27008e-05 -0.312875
    outer loop
      vertex 75.4797 197.555 40.5467
      vertex 74.5411 195.254 43.3961
      vertex 73.446 197.555 46.7204
    endloop
  endfacet
  facet normal -0.949797 -2.75184e-05 -0.312866
    outer loop
      vertex 73.6025 195.254 46.2455
      vertex 73.446 197.555 46.7204
      vertex 74.5411 195.254 43.3961
    endloop
  endfacet
  facet normal -0.949758 -0 -0.312986
    outer loop
      vertex 73.446 197.555 46.7204
      vertex 73.6025 195.254 46.2455
      vertex 73.446 195.254 46.7204
    endloop
  endfacet
  facet normal 0 1 0
    outer loop
      vertex 73.4035 12.4 46.7064
      vertex 71.3847 12.4 45.5149
      vertex 71.2282 12.4 45.9898
    endloop
  endfacet
  facet normal 0 1 0
    outer loop
      vertex 73.4035 12.4 46.7064
      vertex 72.3233 12.4 42.6656
      vertex 71.3847 12.4 45.5149
    endloop
  endfacet
  facet normal 0 1 0
    outer loop
      vertex 75.4372 12.4 40.5328
      vertex 72.3233 12.4 42.6656
      vertex 73.4035 12.4 46.7064
    endloop
  endfacet
  facet normal 0 1 0
    outer loop
      vertex 72.3233 12.4 42.6656
      vertex 75.4372 12.4 40.5328
      vertex 73.2619 12.4 39.8162
    endloop
  endfacet
  facet normal 0 1 0
    outer loop
      vertex 72.3233 12.4 42.6656
      vertex 13.6153 12.4 26.4851
      vertex 71.3847 12.4 45.5149
    endloop
  endfacet
  facet normal 0 1 -0
    outer loop
      vertex 14.554 12.4 23.6357
      vertex 13.6153 12.4 26.4851
      vertex 72.3233 12.4 42.6656
    endloop
  endfacet
  facet normal 0 1 0
    outer loop
      vertex 14.554 12.4 23.6357
      vertex 11.2836 12.4 26.2434
      vertex 13.6153 12.4 26.4851
    endloop
  endfacet
  facet normal 0 1 0
    outer loop
      vertex 13.3173 12.4 20.0697
      vertex 14.554 12.4 23.6357
      vertex 15.4926 12.4 20.7863
    endloop
  endfacet
  facet normal 0 1 0
    outer loop
      vertex 14.554 12.4 23.6357
      vertex 13.3173 12.4 20.0697
      vertex 11.2836 12.4 26.2434
    endloop
  endfacet
  facet normal 0 1 0
    outer loop
      vertex 13.4589 12.4 26.96
      vertex 13.6153 12.4 26.4851
      vertex 11.2836 12.4 26.2434
    endloop
  endfacet
  facet normal 0 1 -0
    outer loop
      vertex 61.0615 12.4 0
      vertex 18.8931 12.4 3
      vertex 70.1686 12.4 3
    endloop
  endfacet
  facet normal 0 1 0
    outer loop
      vertex 18.8931 12.4 3
      vertex 61.0615 12.4 0
      vertex 19.8814 12.4 0
    endloop
  endfacet
  facet normal 0.949817 -0 0.312806
    outer loop
      vertex 11.2411 12.4447 26.2294
      vertex 11.3975 14.746 25.7545
      vertex 11.2411 14.746 26.2294
    endloop
  endfacet
  facet normal 0.949787 2.06359e-05 0.312896
    outer loop
      vertex 11.3975 14.746 25.7545
      vertex 11.2411 12.4447 26.2294
      vertex 12.3362 14.746 22.9051
    endloop
  endfacet
  facet normal 0.949794 -1.26991e-05 0.312875
    outer loop
      vertex 13.2748 12.4447 20.0557
      vertex 12.3362 14.746 22.9051
      vertex 11.2411 12.4447 26.2294
    endloop
  endfacet
  facet normal 0.949797 0 0.312866
    outer loop
      vertex 12.3362 14.746 22.9051
      vertex 13.2748 12.4447 20.0557
      vertex 13.2748 14.746 20.0557
    endloop
  endfacet
  facet normal 0.949787 -0 0.312896
    outer loop
      vertex 11.3975 14.746 25.7545
      vertex 12.3362 195.254 22.9051
      vertex 11.3975 195.254 25.7545
    endloop
  endfacet
  facet normal 0.949787 0 0.312896
    outer loop
      vertex 12.3362 195.254 22.9051
      vertex 11.3975 14.746 25.7545
      vertex 12.3362 14.746 22.9051
    endloop
  endfacet
  facet normal 0.949817 0 0.312806
    outer loop
      vertex 11.3975 195.254 25.7545
      vertex 11.2411 197.555 26.2294
      vertex 11.2411 195.254 26.2294
    endloop
  endfacet
  facet normal 0.949787 -2.06386e-05 0.312896
    outer loop
      vertex 12.3362 195.254 22.9051
      vertex 11.2411 197.555 26.2294
      vertex 11.3975 195.254 25.7545
    endloop
  endfacet
  facet normal 0.949794 1.27008e-05 0.312875
    outer loop
      vertex 11.2411 197.555 26.2294
      vertex 12.3362 195.254 22.9051
      vertex 13.2748 197.555 20.0557
    endloop
  endfacet
  facet normal 0.949797 0 0.312866
    outer loop
      vertex 13.2748 197.555 20.0557
      vertex 12.3362 195.254 22.9051
      vertex 13.2748 195.254 20.0557
    endloop
  endfacet
  facet normal 0.949789 -0 0.312892
    outer loop
      vertex 18.8931 12.4 3
      vertex 19.8814 197.6 0
      vertex 18.8931 197.6 3
    endloop
  endfacet
  facet normal 0.949789 0 0.312892
    outer loop
      vertex 19.8814 197.6 0
      vertex 18.8931 12.4 3
      vertex 19.8814 12.4 0
    endloop
  endfacet
  facet normal 0 -1 -0
    outer loop
      vertex 13.4589 197.6 26.96
      vertex 11.2836 197.6 26.2434
      vertex 13.6153 197.6 26.4851
    endloop
  endfacet
  facet normal 0 -1 0
    outer loop
      vertex 13.6153 197.6 26.4851
      vertex 72.3233 197.6 42.6656
      vertex 71.3847 197.6 45.5149
    endloop
  endfacet
  facet normal 0 -1 0
    outer loop
      vertex 13.6153 197.6 26.4851
      vertex 14.554 197.6 23.6357
      vertex 72.3233 197.6 42.6656
    endloop
  endfacet
  facet normal 0 -1 0
    outer loop
      vertex 11.2836 197.6 26.2434
      vertex 14.554 197.6 23.6357
      vertex 13.6153 197.6 26.4851
    endloop
  endfacet
  facet normal 0 -1 0
    outer loop
      vertex 13.3173 197.6 20.0697
      vertex 14.554 197.6 23.6357
      vertex 11.2836 197.6 26.2434
    endloop
  endfacet
  facet normal 0 -1 -0
    outer loop
      vertex 14.554 197.6 23.6357
      vertex 13.3173 197.6 20.0697
      vertex 15.4926 197.6 20.7863
    endloop
  endfacet
  facet normal 0 -1 0
    outer loop
      vertex 71.3847 197.6 45.5149
      vertex 73.4035 197.6 46.7064
      vertex 71.2282 197.6 45.9898
    endloop
  endfacet
  facet normal 0 -1 0
    outer loop
      vertex 72.3233 197.6 42.6656
      vertex 73.4035 197.6 46.7064
      vertex 71.3847 197.6 45.5149
    endloop
  endfacet
  facet normal 0 -1 0
    outer loop
      vertex 72.3233 197.6 42.6656
      vertex 75.4372 197.6 40.5328
      vertex 73.4035 197.6 46.7064
    endloop
  endfacet
  facet normal -0 -1 0
    outer loop
      vertex 75.4372 197.6 40.5328
      vertex 72.3233 197.6 42.6656
      vertex 73.2619 197.6 39.8162
    endloop
  endfacet
  facet normal 0 -1 0
    outer loop
      vertex 61.0615 197.6 0
      vertex 18.8931 197.6 3
      vertex 19.8814 197.6 0
    endloop
  endfacet
  facet normal 0 -1 0
    outer loop
      vertex 18.8931 197.6 3
      vertex 61.0615 197.6 0
      vertex 70.1686 197.6 3
    endloop
  endfacet
  facet normal -0.312875 0 0.949794
    outer loop
      vertex 61.0615 197.6 0
      vertex 70.1686 12.4 3
      vertex 70.1686 197.6 3
    endloop
  endfacet
  facet normal -0.312875 0 0.949794
    outer loop
      vertex 70.1686 12.4 3
      vertex 61.0615 197.6 0
      vertex 61.0615 12.4 0
    endloop
  endfacet
endsolid OpenSCAD_Model
