solid OpenSCAD_Model
  facet normal 0.433866 -0.900977 0
    outer loop
      vertex 39.7465 -101.6 0
      vertex 41.3102 -100.847 3
      vertex 39.7465 -101.6 3
    endloop
  endfacet
  facet normal 0.433866 -0.900977 0
    outer loop
      vertex 41.3102 -100.847 3
      vertex 39.7465 -101.6 0
      vertex 41.3102 -100.847 0
    endloop
  endfacet
  facet normal 0.943894 -0.330249 0
    outer loop
      vertex 41.3102 -100.847 3
      vertex 41.7465 -99.6 0
      vertex 41.7465 -99.6 3
    endloop
  endfacet
  facet normal 0.943894 -0.330249 0
    outer loop
      vertex 41.7465 -99.6 0
      vertex 41.3102 -100.847 3
      vertex 41.3102 -100.847 0
    endloop
  endfacet
  facet normal -0 0 -1
    outer loop
      vertex -21.8147 -35.1242 0
      vertex -33.9137 -92.0088 0
      vertex -22.6443 -34.6159 0
    endloop
  endfacet
  facet normal 0 0 -1
    outer loop
      vertex -25.2 -29.6 0
      vertex -32.1815 93.2673 0
      vertex -32.1465 93.6 0
    endloop
  endfacet
  facet normal 0 0 -1
    outer loop
      vertex -34.2409 -92.0783 0
      vertex -22.6443 -34.6159 0
      vertex -33.9137 -92.0088 0
    endloop
  endfacet
  facet normal 0 0 -1
    outer loop
      vertex -25.2 -29.6 0
      vertex -32.2848 92.9492 0
      vertex -32.1815 93.2673 0
    endloop
  endfacet
  facet normal -0 0 -1
    outer loop
      vertex -22.6443 -34.6159 0
      vertex -34.2409 -92.0783 0
      vertex -23.384 -33.9841 0
    endloop
  endfacet
  facet normal 0 0 -1
    outer loop
      vertex -25.2 -29.6 0
      vertex -32.4521 92.6595 0
      vertex -32.2848 92.9492 0
    endloop
  endfacet
  facet normal 0 0 -1
    outer loop
      vertex -34.5465 -92.2144 0
      vertex -23.384 -33.9841 0
      vertex -34.2409 -92.0783 0
    endloop
  endfacet
  facet normal 0 0 -1
    outer loop
      vertex -25.2 -29.6 0
      vertex -32.6759 92.411 0
      vertex -32.4521 92.6595 0
    endloop
  endfacet
  facet normal -0 0 -1
    outer loop
      vertex -23.384 -33.9841 0
      vertex -34.5465 -92.2144 0
      vertex -24.0159 -33.2443 0
    endloop
  endfacet
  facet normal 0 0 -1
    outer loop
      vertex -25.2 -29.6 0
      vertex -32.9465 92.2144 0
      vertex -32.6759 92.411 0
    endloop
  endfacet
  facet normal 0 0 -1
    outer loop
      vertex -34.8171 -92.411 0
      vertex -24.0159 -33.2443 0
      vertex -34.5465 -92.2144 0
    endloop
  endfacet
  facet normal 0 0 -1
    outer loop
      vertex -25.2 -29.6 0
      vertex -33.2521 92.0783 0
      vertex -32.9465 92.2144 0
    endloop
  endfacet
  facet normal -0 0 -1
    outer loop
      vertex -24.0159 -33.2443 0
      vertex -34.8171 -92.411 0
      vertex -24.5242 -32.4147 0
    endloop
  endfacet
  facet normal 0 0 -1
    outer loop
      vertex -25.2 -29.6 0
      vertex -33.5793 92.0088 0
      vertex -33.2521 92.0783 0
    endloop
  endfacet
  facet normal -0 0 -1
    outer loop
      vertex -24.5242 -32.4147 0
      vertex -34.8171 -92.411 0
      vertex -24.8965 -31.5159 0
    endloop
  endfacet
  facet normal 0 0 -1
    outer loop
      vertex -25.2 -29.6 0
      vertex -33.9137 92.0088 0
      vertex -33.5793 92.0088 0
    endloop
  endfacet
  facet normal 0 0 -1
    outer loop
      vertex -35.0409 -92.6595 0
      vertex -24.8965 -31.5159 0
      vertex -34.8171 -92.411 0
    endloop
  endfacet
  facet normal 0 0 -1
    outer loop
      vertex -25.2 -29.6 0
      vertex -34.2409 92.0783 0
      vertex -33.9137 92.0088 0
    endloop
  endfacet
  facet normal 0 0 -1
    outer loop
      vertex -41.7465 -99.6 0
      vertex -24.8965 -31.5159 0
      vertex -35.0409 -92.6595 0
    endloop
  endfacet
  facet normal 0 0 -1
    outer loop
      vertex -25.2 -29.6 0
      vertex -34.5465 92.2144 0
      vertex -34.2409 92.0783 0
    endloop
  endfacet
  facet normal -0 0 -1
    outer loop
      vertex -24.8965 -31.5159 0
      vertex -41.7465 -99.6 0
      vertex -25.1237 -30.5699 0
    endloop
  endfacet
  facet normal 0 0 -1
    outer loop
      vertex -25.2 -29.6 0
      vertex -34.8171 92.411 0
      vertex -34.5465 92.2144 0
    endloop
  endfacet
  facet normal -0 0 -1
    outer loop
      vertex -25.1237 -30.5699 0
      vertex -41.7465 -99.6 0
      vertex -25.2 -29.6 0
    endloop
  endfacet
  facet normal 0 0 -1
    outer loop
      vertex -25.2 -29.6 0
      vertex -35.0409 92.6595 0
      vertex -34.8171 92.411 0
    endloop
  endfacet
  facet normal 0 0 -1
    outer loop
      vertex -41.7465 -99.6 0
      vertex -35.0409 -92.6595 0
      vertex -35.2082 -92.9492 0
    endloop
  endfacet
  facet normal 0 0 -1
    outer loop
      vertex -41.7465 99.6 0
      vertex -25.2 -29.6 0
      vertex -41.7465 -99.6 0
    endloop
  endfacet
  facet normal 0 0 -1
    outer loop
      vertex -41.7465 -99.6 0
      vertex -35.2082 -92.9492 0
      vertex -35.3115 -93.2673 0
    endloop
  endfacet
  facet normal 0 0 -1
    outer loop
      vertex -25.2 -29.6 0
      vertex -41.7465 99.6 0
      vertex -35.0409 92.6595 0
    endloop
  endfacet
  facet normal 0 0 -1
    outer loop
      vertex -41.7465 -99.6 0
      vertex -35.3115 -93.2673 0
      vertex -35.3465 -93.6 0
    endloop
  endfacet
  facet normal 0 0 -1
    outer loop
      vertex -35.0409 92.6595 0
      vertex -41.7465 99.6 0
      vertex -35.2082 92.9492 0
    endloop
  endfacet
  facet normal 0 0 -1
    outer loop
      vertex 1.72516 72.2142 0
      vertex -11.5765 53.8723 0
      vertex -11.5 54.6 0
    endloop
  endfacet
  facet normal 0 0 -1
    outer loop
      vertex -10.1853 33.1242 0
      vertex -11.8026 53.1764 0
      vertex -11.5765 53.8723 0
    endloop
  endfacet
  facet normal 0 0 -1
    outer loop
      vertex -13.25 51.5689 0
      vertex -11.0841 33.4965 0
      vertex -12.0301 33.7237 0
    endloop
  endfacet
  facet normal 0 0 -1
    outer loop
      vertex -10.1853 33.1242 0
      vertex -12.1684 52.5427 0
      vertex -11.8026 53.1764 0
    endloop
  endfacet
  facet normal 0 0 -1
    outer loop
      vertex -10.1853 33.1242 0
      vertex -12.658 51.999 0
      vertex -12.1684 52.5427 0
    endloop
  endfacet
  facet normal 0 0 -1
    outer loop
      vertex -13.9184 51.2713 0
      vertex -12.0301 33.7237 0
      vertex -13 33.8 0
    endloop
  endfacet
  facet normal 0 0 -1
    outer loop
      vertex -11.0841 33.4965 0
      vertex -13.25 51.5689 0
      vertex -12.658 51.999 0
    endloop
  endfacet
  facet normal 0 0 -1
    outer loop
      vertex -12.0301 33.7237 0
      vertex -13.9184 51.2713 0
      vertex -13.25 51.5689 0
    endloop
  endfacet
  facet normal 0 0 -1
    outer loop
      vertex -14.6341 51.1192 0
      vertex -13 33.8 0
      vertex -13.9699 33.7237 0
    endloop
  endfacet
  facet normal 0 0 -1
    outer loop
      vertex -13 33.8 0
      vertex -14.6341 51.1192 0
      vertex -13.9184 51.2713 0
    endloop
  endfacet
  facet normal 0 0 -1
    outer loop
      vertex -15.3658 51.1192 0
      vertex -13.9699 33.7237 0
      vertex -14.9159 33.4965 0
    endloop
  endfacet
  facet normal 0 0 -1
    outer loop
      vertex -13.9699 33.7237 0
      vertex -15.3658 51.1192 0
      vertex -14.6341 51.1192 0
    endloop
  endfacet
  facet normal 0 0 -1
    outer loop
      vertex -16.0816 51.2713 0
      vertex -14.9159 33.4965 0
      vertex -15.8147 33.1242 0
    endloop
  endfacet
  facet normal 0 0 -1
    outer loop
      vertex -14.9159 33.4965 0
      vertex -16.0816 51.2713 0
      vertex -15.3658 51.1192 0
    endloop
  endfacet
  facet normal 0 0 -1
    outer loop
      vertex -16.75 51.5689 0
      vertex -15.8147 33.1242 0
      vertex -16.6443 32.6159 0
    endloop
  endfacet
  facet normal 0 0 -1
    outer loop
      vertex -15.8147 33.1242 0
      vertex -16.75 51.5689 0
      vertex -16.0816 51.2713 0
    endloop
  endfacet
  facet normal 0 0 -1
    outer loop
      vertex -16.6443 32.6159 0
      vertex -17.3419 51.999 0
      vertex -16.75 51.5689 0
    endloop
  endfacet
  facet normal 0 0 -1
    outer loop
      vertex -17.384 31.9841 0
      vertex -17.3419 51.999 0
      vertex -16.6443 32.6159 0
    endloop
  endfacet
  facet normal 0 0 -1
    outer loop
      vertex -17.384 31.9841 0
      vertex -17.8316 52.5427 0
      vertex -17.3419 51.999 0
    endloop
  endfacet
  facet normal 0 0 -1
    outer loop
      vertex -18.0159 31.2443 0
      vertex -17.8316 52.5427 0
      vertex -17.384 31.9841 0
    endloop
  endfacet
  facet normal 0 0 -1
    outer loop
      vertex -18.0159 31.2443 0
      vertex -18.1974 53.1764 0
      vertex -17.8316 52.5427 0
    endloop
  endfacet
  facet normal 0 0 -1
    outer loop
      vertex -18.5242 30.4147 0
      vertex -18.1974 53.1764 0
      vertex -18.0159 31.2443 0
    endloop
  endfacet
  facet normal 0 0 -1
    outer loop
      vertex -18.8965 29.5159 0
      vertex -18.1974 53.1764 0
      vertex -18.5242 30.4147 0
    endloop
  endfacet
  facet normal -0 0 -1
    outer loop
      vertex -18.1974 53.1764 0
      vertex -18.8965 29.5159 0
      vertex -18.4235 53.8723 0
    endloop
  endfacet
  facet normal 0 0 -1
    outer loop
      vertex -15.3557 -24.5841 0
      vertex -5.0159 -14.2443 0
      vertex -14.6159 -25.2159 0
    endloop
  endfacet
  facet normal -0 0 -1
    outer loop
      vertex -5.0159 -14.2443 0
      vertex -15.3557 -24.5841 0
      vertex -5.52423 -13.4147 0
    endloop
  endfacet
  facet normal 0 0 -1
    outer loop
      vertex -16.1853 -24.0757 0
      vertex -5.52423 -13.4147 0
      vertex -15.3557 -24.5841 0
    endloop
  endfacet
  facet normal -0 0 -1
    outer loop
      vertex -5.52423 -13.4147 0
      vertex -16.1853 -24.0757 0
      vertex -5.89655 -12.5159 0
    endloop
  endfacet
  facet normal 0 0 -1
    outer loop
      vertex -17.0841 -23.7034 0
      vertex -5.89655 -12.5159 0
      vertex -16.1853 -24.0757 0
    endloop
  endfacet
  facet normal -0 0 -1
    outer loop
      vertex -5.89655 -12.5159 0
      vertex -17.0841 -23.7034 0
      vertex -6.12366 -11.5699 0
    endloop
  endfacet
  facet normal 0 0 -1
    outer loop
      vertex -18.0301 -23.4763 0
      vertex -6.12366 -11.5699 0
      vertex -17.0841 -23.7034 0
    endloop
  endfacet
  facet normal -0 0 -1
    outer loop
      vertex -6.12366 -11.5699 0
      vertex -18.0301 -23.4763 0
      vertex -6.2 -10.6 0
    endloop
  endfacet
  facet normal 0 0 -1
    outer loop
      vertex -6.2 -10.6 0
      vertex -13 21.4 0
      vertex -12.0301 21.4763 0
    endloop
  endfacet
  facet normal 0 0 -1
    outer loop
      vertex -19 -23.4 0
      vertex -6.2 -10.6 0
      vertex -18.0301 -23.4763 0
    endloop
  endfacet
  facet normal 0 0 -1
    outer loop
      vertex -6.2 -10.6 0
      vertex -13.9699 21.4763 0
      vertex -13 21.4 0
    endloop
  endfacet
  facet normal 0 0 -1
    outer loop
      vertex -19.9699 -23.4763 0
      vertex -6.2 -10.6 0
      vertex -19 -23.4 0
    endloop
  endfacet
  facet normal 0 0 -1
    outer loop
      vertex -6.2 -10.6 0
      vertex -14.9159 21.7034 0
      vertex -13.9699 21.4763 0
    endloop
  endfacet
  facet normal 0 0 -1
    outer loop
      vertex -20.9159 -23.7034 0
      vertex -6.2 -10.6 0
      vertex -19.9699 -23.4763 0
    endloop
  endfacet
  facet normal 0 0 -1
    outer loop
      vertex -6.2 -10.6 0
      vertex -15.8147 22.0757 0
      vertex -14.9159 21.7034 0
    endloop
  endfacet
  facet normal -0 0 -1
    outer loop
      vertex -6.2 -10.6 0
      vertex -20.9159 -23.7034 0
      vertex -15.8147 22.0757 0
    endloop
  endfacet
  facet normal -0 0 -1
    outer loop
      vertex -15.8147 22.0757 0
      vertex -20.9159 -23.7034 0
      vertex -16.6443 22.5841 0
    endloop
  endfacet
  facet normal 0 0 -1
    outer loop
      vertex -21.8147 -24.0757 0
      vertex -16.6443 22.5841 0
      vertex -20.9159 -23.7034 0
    endloop
  endfacet
  facet normal -0 0 -1
    outer loop
      vertex -16.6443 22.5841 0
      vertex -21.8147 -24.0757 0
      vertex -17.384 23.2159 0
    endloop
  endfacet
  facet normal 0 0 -1
    outer loop
      vertex -22.6443 -24.5841 0
      vertex -17.384 23.2159 0
      vertex -21.8147 -24.0757 0
    endloop
  endfacet
  facet normal -0 0 -1
    outer loop
      vertex -17.384 23.2159 0
      vertex -22.6443 -24.5841 0
      vertex -18.0159 23.9557 0
    endloop
  endfacet
  facet normal 0 0 -1
    outer loop
      vertex -23.384 -25.2159 0
      vertex -18.0159 23.9557 0
      vertex -22.6443 -24.5841 0
    endloop
  endfacet
  facet normal 0 0 -1
    outer loop
      vertex 16.0816 57.9287 0
      vertex 3.7532 75.0055 0
      vertex 3.79999 75.6 0
    endloop
  endfacet
  facet normal 0 0 -1
    outer loop
      vertex -6.79999 27.6 0
      vertex 8.61594 23.2159 0
      vertex -0.969879 -4.47632 0
    endloop
  endfacet
  facet normal 0 0 -1
    outer loop
      vertex 6.79999 27.6 0
      vertex 3.61401 74.4257 0
      vertex 3.7532 75.0055 0
    endloop
  endfacet
  facet normal 0 0 -1
    outer loop
      vertex 6.79999 27.6 0
      vertex 3.38582 73.8748 0
      vertex 3.61401 74.4257 0
    endloop
  endfacet
  facet normal 0 0 -1
    outer loop
      vertex -6.87633 28.5699 0
      vertex 6.79999 27.6 0
      vertex -6.79999 27.6 0
    endloop
  endfacet
  facet normal 0 0 -1
    outer loop
      vertex 8.61594 23.2159 0
      vertex -6.79999 27.6 0
      vertex 7.98409 23.9557 0
    endloop
  endfacet
  facet normal 0 0 -1
    outer loop
      vertex -7.10344 29.5159 0
      vertex 6.79999 27.6 0
      vertex -6.87633 28.5699 0
    endloop
  endfacet
  facet normal 0 0 -1
    outer loop
      vertex 6.79999 27.6 0
      vertex 3.07426 73.3664 0
      vertex 3.38582 73.8748 0
    endloop
  endfacet
  facet normal 0 0 -1
    outer loop
      vertex 7.47575 24.7852 0
      vertex -6.79999 27.6 0
      vertex 7.10344 25.6841 0
    endloop
  endfacet
  facet normal 0 0 -1
    outer loop
      vertex -7.47575 30.4147 0
      vertex 6.79999 27.6 0
      vertex -7.10344 29.5159 0
    endloop
  endfacet
  facet normal 0 0 -1
    outer loop
      vertex 6.79999 27.6 0
      vertex 2.687 72.913 0
      vertex 3.07426 73.3664 0
    endloop
  endfacet
  facet normal 0 0 -1
    outer loop
      vertex 7.10344 25.6841 0
      vertex -6.79999 27.6 0
      vertex 6.87633 26.6301 0
    endloop
  endfacet
  facet normal 0 0 -1
    outer loop
      vertex -7.98409 31.2443 0
      vertex 6.79999 27.6 0
      vertex -7.47575 30.4147 0
    endloop
  endfacet
  facet normal 0 0 -1
    outer loop
      vertex 6.87633 26.6301 0
      vertex -6.79999 27.6 0
      vertex 6.79999 27.6 0
    endloop
  endfacet
  facet normal 0 0 -1
    outer loop
      vertex 6.79999 27.6 0
      vertex 2.23358 72.5257 0
      vertex 2.687 72.913 0
    endloop
  endfacet
  facet normal 0 0 -1
    outer loop
      vertex -8.61594 31.9841 0
      vertex 6.79999 27.6 0
      vertex -7.98409 31.2443 0
    endloop
  endfacet
  facet normal 0 0 -1
    outer loop
      vertex 7.98409 23.9557 0
      vertex -6.79999 27.6 0
      vertex 7.47575 24.7852 0
    endloop
  endfacet
  facet normal 0 0 -1
    outer loop
      vertex 6.79999 27.6 0
      vertex 1.72516 72.2142 0
      vertex 2.23358 72.5257 0
    endloop
  endfacet
  facet normal 0 0 -1
    outer loop
      vertex -11.5765 53.8723 0
      vertex 1.72516 72.2142 0
      vertex 6.79999 27.6 0
    endloop
  endfacet
  facet normal 0 0 -1
    outer loop
      vertex -6.79999 27.6 0
      vertex -0.969879 -4.47632 0
      vertex -1.91589 -4.70345 0
    endloop
  endfacet
  facet normal 0 0 -1
    outer loop
      vertex 1.72516 72.2142 0
      vertex -11.5 54.6 0
      vertex 1.17426 71.986 0
    endloop
  endfacet
  facet normal 0 0 -1
    outer loop
      vertex 1.17426 71.986 0
      vertex -11.5 54.6 0
      vertex 0.594437 71.8468 0
    endloop
  endfacet
  facet normal 0 0 -1
    outer loop
      vertex -6.79999 27.6 0
      vertex -1.91589 -4.70345 0
      vertex -2.81473 -5.07574 0
    endloop
  endfacet
  facet normal 0 0 -1
    outer loop
      vertex 0.594437 71.8468 0
      vertex -11.5765 55.3277 0
      vertex 0 71.8 0
    endloop
  endfacet
  facet normal 0 0 -1
    outer loop
      vertex -11.8026 56.0236 0
      vertex 0 71.8 0
      vertex -11.5765 55.3277 0
    endloop
  endfacet
  facet normal -0 0 -1
    outer loop
      vertex 0 71.8 0
      vertex -11.8026 56.0236 0
      vertex -0.594437 71.8468 0
    endloop
  endfacet
  facet normal 0 0 -1
    outer loop
      vertex -6.79999 27.6 0
      vertex -2.81473 -5.07574 0
      vertex -3.64426 -5.58409 0
    endloop
  endfacet
  facet normal 0 0 -1
    outer loop
      vertex -12.1684 56.6572 0
      vertex -0.594437 71.8468 0
      vertex -11.8026 56.0236 0
    endloop
  endfacet
  facet normal -0 0 -1
    outer loop
      vertex -0.594437 71.8468 0
      vertex -12.1684 56.6572 0
      vertex -1.17426 71.986 0
    endloop
  endfacet
  facet normal 0 0 -1
    outer loop
      vertex -6.79999 27.6 0
      vertex -3.64426 -5.58409 0
      vertex -4.38405 -6.21593 0
    endloop
  endfacet
  facet normal 0 0 -1
    outer loop
      vertex 3.64426 -43.5841 0
      vertex 13.9841 -33.2443 0
      vertex 4.38405 -44.2159 0
    endloop
  endfacet
  facet normal 0 0 -1
    outer loop
      vertex 12.8 -29.6 0
      vertex 6.12366 -11.5699 0
      vertex 6.2 -10.6 0
    endloop
  endfacet
  facet normal -0 0 -1
    outer loop
      vertex 13.9841 -33.2443 0
      vertex 3.64426 -43.5841 0
      vertex 13.4758 -32.4147 0
    endloop
  endfacet
  facet normal 0 0 -1
    outer loop
      vertex 12.8 -29.6 0
      vertex 5.89655 -12.5159 0
      vertex 6.12366 -11.5699 0
    endloop
  endfacet
  facet normal 0 0 -1
    outer loop
      vertex 2.81473 -43.0757 0
      vertex 13.4758 -32.4147 0
      vertex 3.64426 -43.5841 0
    endloop
  endfacet
  facet normal 0 0 -1
    outer loop
      vertex 12.8 -29.6 0
      vertex 5.52423 -13.4147 0
      vertex 5.89655 -12.5159 0
    endloop
  endfacet
  facet normal -0 0 -1
    outer loop
      vertex 13.4758 -32.4147 0
      vertex 2.81473 -43.0757 0
      vertex 13.1034 -31.5159 0
    endloop
  endfacet
  facet normal 0 0 -1
    outer loop
      vertex 12.8 -29.6 0
      vertex 5.0159 -14.2443 0
      vertex 5.52423 -13.4147 0
    endloop
  endfacet
  facet normal 0 0 -1
    outer loop
      vertex 1.91589 -42.7034 0
      vertex 13.1034 -31.5159 0
      vertex 2.81473 -43.0757 0
    endloop
  endfacet
  facet normal 0 0 -1
    outer loop
      vertex 12.8 -29.6 0
      vertex 4.38405 -14.9841 0
      vertex 5.0159 -14.2443 0
    endloop
  endfacet
  facet normal -0 0 -1
    outer loop
      vertex 13.1034 -31.5159 0
      vertex 1.91589 -42.7034 0
      vertex 12.8763 -30.5699 0
    endloop
  endfacet
  facet normal 0 0 -1
    outer loop
      vertex 12.8 -29.6 0
      vertex 3.64426 -15.6159 0
      vertex 4.38405 -14.9841 0
    endloop
  endfacet
  facet normal 0 0 -1
    outer loop
      vertex 0.969879 -42.4763 0
      vertex 12.8763 -30.5699 0
      vertex 1.91589 -42.7034 0
    endloop
  endfacet
  facet normal 0 0 -1
    outer loop
      vertex 12.8 -29.6 0
      vertex 2.81473 -16.1242 0
      vertex 3.64426 -15.6159 0
    endloop
  endfacet
  facet normal -0 0 -1
    outer loop
      vertex 12.8763 -30.5699 0
      vertex 0.969879 -42.4763 0
      vertex 12.8 -29.6 0
    endloop
  endfacet
  facet normal 0 0 -1
    outer loop
      vertex 12.8 -29.6 0
      vertex 1.91589 -16.4965 0
      vertex 2.81473 -16.1242 0
    endloop
  endfacet
  facet normal 0 0 -1
    outer loop
      vertex 0 -42.4 0
      vertex 12.8 -29.6 0
      vertex 0.969879 -42.4763 0
    endloop
  endfacet
  facet normal 0 0 -1
    outer loop
      vertex 12.8 -29.6 0
      vertex 0.969879 -16.7237 0
      vertex 1.91589 -16.4965 0
    endloop
  endfacet
  facet normal 0 0 -1
    outer loop
      vertex 0 -16.8 0
      vertex 12.8 -29.6 0
      vertex 0 -42.4 0
    endloop
  endfacet
  facet normal 0 0 -1
    outer loop
      vertex 12.8 -29.6 0
      vertex 0 -16.8 0
      vertex 0.969879 -16.7237 0
    endloop
  endfacet
  facet normal 0 0 -1
    outer loop
      vertex -12.8 -29.6 0
      vertex 0 -42.4 0
      vertex -0.969879 -42.4763 0
    endloop
  endfacet
  facet normal 0 0 -1
    outer loop
      vertex 0 -42.4 0
      vertex -12.8 -29.6 0
      vertex 0 -16.8 0
    endloop
  endfacet
  facet normal 0 0 -1
    outer loop
      vertex -12.8763 -30.5699 0
      vertex -0.969879 -42.4763 0
      vertex -1.91589 -42.7034 0
    endloop
  endfacet
  facet normal -0 0 -1
    outer loop
      vertex 0 -16.8 0
      vertex -12.8 -29.6 0
      vertex -0.969879 -16.7237 0
    endloop
  endfacet
  facet normal 0 0 -1
    outer loop
      vertex -13.1034 -31.5159 0
      vertex -1.91589 -42.7034 0
      vertex -2.81473 -43.0757 0
    endloop
  endfacet
  facet normal 0 0 -1
    outer loop
      vertex -12.8763 -28.6301 0
      vertex -0.969879 -16.7237 0
      vertex -12.8 -29.6 0
    endloop
  endfacet
  facet normal 0 0 -1
    outer loop
      vertex -13.4758 -32.4147 0
      vertex -2.81473 -43.0757 0
      vertex -3.64426 -43.5841 0
    endloop
  endfacet
  facet normal -0 0 -1
    outer loop
      vertex -0.969879 -16.7237 0
      vertex -12.8763 -28.6301 0
      vertex -1.91589 -16.4965 0
    endloop
  endfacet
  facet normal 0 0 -1
    outer loop
      vertex -13.9841 -33.2443 0
      vertex -3.64426 -43.5841 0
      vertex -4.38405 -44.2159 0
    endloop
  endfacet
  facet normal 0 0 -1
    outer loop
      vertex -13.1034 -27.6841 0
      vertex -1.91589 -16.4965 0
      vertex -12.8763 -28.6301 0
    endloop
  endfacet
  facet normal 0 0 -1
    outer loop
      vertex -14.6159 -33.9841 0
      vertex -4.38405 -44.2159 0
      vertex -5.0159 -44.9557 0
    endloop
  endfacet
  facet normal -0 0 -1
    outer loop
      vertex -1.91589 -16.4965 0
      vertex -13.1034 -27.6841 0
      vertex -2.81473 -16.1242 0
    endloop
  endfacet
  facet normal 0 0 -1
    outer loop
      vertex -15.3557 -34.6159 0
      vertex -5.0159 -44.9557 0
      vertex -5.52423 -45.7852 0
    endloop
  endfacet
  facet normal 0 0 -1
    outer loop
      vertex -13.4758 -26.7852 0
      vertex -2.81473 -16.1242 0
      vertex -13.1034 -27.6841 0
    endloop
  endfacet
  facet normal 0 0 -1
    outer loop
      vertex -16.1853 -35.1242 0
      vertex -5.52423 -45.7852 0
      vertex -5.89655 -46.6841 0
    endloop
  endfacet
  facet normal -0 0 -1
    outer loop
      vertex -2.81473 -16.1242 0
      vertex -13.4758 -26.7852 0
      vertex -3.64426 -15.6159 0
    endloop
  endfacet
  facet normal 0 0 -1
    outer loop
      vertex -17.0841 -35.4965 0
      vertex -5.89655 -46.6841 0
      vertex -6.12366 -47.6301 0
    endloop
  endfacet
  facet normal 0 0 -1
    outer loop
      vertex -13.9841 -25.9557 0
      vertex -3.64426 -15.6159 0
      vertex -13.4758 -26.7852 0
    endloop
  endfacet
  facet normal 0 0 -1
    outer loop
      vertex -18.0301 -35.7237 0
      vertex -6.12366 -47.6301 0
      vertex -6.2 -48.6 0
    endloop
  endfacet
  facet normal -0 0 -1
    outer loop
      vertex -3.64426 -15.6159 0
      vertex -13.9841 -25.9557 0
      vertex -4.38405 -14.9841 0
    endloop
  endfacet
  facet normal 0 0 -1
    outer loop
      vertex 5.52423 -51.4147 0
      vertex 3.61401 -74.4257 0
      vertex 5.0159 -52.2443 0
    endloop
  endfacet
  facet normal 0 0 -1
    outer loop
      vertex 3.38582 -73.8748 0
      vertex 5.0159 -52.2443 0
      vertex 3.61401 -74.4257 0
    endloop
  endfacet
  facet normal 0 0 -1
    outer loop
      vertex 3.07426 -73.3664 0
      vertex 5.0159 -52.2443 0
      vertex 3.38582 -73.8748 0
    endloop
  endfacet
  facet normal 0 0 -1
    outer loop
      vertex 5.0159 -52.2443 0
      vertex 3.07426 -73.3664 0
      vertex 4.38405 -52.9841 0
    endloop
  endfacet
  facet normal 0 0 -1
    outer loop
      vertex 2.687 -72.913 0
      vertex 4.38405 -52.9841 0
      vertex 3.07426 -73.3664 0
    endloop
  endfacet
  facet normal 0 0 -1
    outer loop
      vertex 4.38405 -52.9841 0
      vertex 2.687 -72.913 0
      vertex 3.64426 -53.6159 0
    endloop
  endfacet
  facet normal 0 0 -1
    outer loop
      vertex 2.23358 -72.5257 0
      vertex 3.64426 -53.6159 0
      vertex 2.687 -72.913 0
    endloop
  endfacet
  facet normal 0 0 -1
    outer loop
      vertex 3.64426 -53.6159 0
      vertex 2.23358 -72.5257 0
      vertex 2.81473 -54.1242 0
    endloop
  endfacet
  facet normal 0 0 -1
    outer loop
      vertex 1.72516 -72.2142 0
      vertex 2.81473 -54.1242 0
      vertex 2.23358 -72.5257 0
    endloop
  endfacet
  facet normal 0 0 -1
    outer loop
      vertex 2.81473 -54.1242 0
      vertex 1.72516 -72.2142 0
      vertex 1.91589 -54.4965 0
    endloop
  endfacet
  facet normal 0 0 -1
    outer loop
      vertex 1.17426 -71.986 0
      vertex 1.91589 -54.4965 0
      vertex 1.72516 -72.2142 0
    endloop
  endfacet
  facet normal 0 0 -1
    outer loop
      vertex 1.17426 -71.986 0
      vertex 0.969879 -54.7237 0
      vertex 1.91589 -54.4965 0
    endloop
  endfacet
  facet normal 0 0 -1
    outer loop
      vertex 0.594437 -71.8468 0
      vertex 0.969879 -54.7237 0
      vertex 1.17426 -71.986 0
    endloop
  endfacet
  facet normal 0 0 -1
    outer loop
      vertex 0 -54.8 0
      vertex 0.594437 -71.8468 0
      vertex 0 -71.8 0
    endloop
  endfacet
  facet normal 0 0 -1
    outer loop
      vertex 0.594437 -71.8468 0
      vertex 0 -54.8 0
      vertex 0.969879 -54.7237 0
    endloop
  endfacet
  facet normal 0 0 -1
    outer loop
      vertex -0.594437 -71.8468 0
      vertex 0 -54.8 0
      vertex 0 -71.8 0
    endloop
  endfacet
  facet normal 0 0 -1
    outer loop
      vertex -0.594437 -71.8468 0
      vertex -0.969879 -54.7237 0
      vertex 0 -54.8 0
    endloop
  endfacet
  facet normal 0 0 -1
    outer loop
      vertex -1.17426 -71.986 0
      vertex -0.969879 -54.7237 0
      vertex -0.594437 -71.8468 0
    endloop
  endfacet
  facet normal 0 0 -1
    outer loop
      vertex -1.91589 -54.4965 0
      vertex -1.17426 -71.986 0
      vertex -1.72516 -72.2142 0
    endloop
  endfacet
  facet normal 0 0 -1
    outer loop
      vertex -1.17426 -71.986 0
      vertex -1.91589 -54.4965 0
      vertex -0.969879 -54.7237 0
    endloop
  endfacet
  facet normal 0 0 -1
    outer loop
      vertex -2.81473 -54.1242 0
      vertex -1.72516 -72.2142 0
      vertex -2.23358 -72.5257 0
    endloop
  endfacet
  facet normal 0 0 -1
    outer loop
      vertex -3.64426 -53.6159 0
      vertex -2.23358 -72.5257 0
      vertex -2.687 -72.913 0
    endloop
  endfacet
  facet normal 0 0 -1
    outer loop
      vertex -1.72516 -72.2142 0
      vertex -2.81473 -54.1242 0
      vertex -1.91589 -54.4965 0
    endloop
  endfacet
  facet normal 0 0 -1
    outer loop
      vertex -4.38405 -52.9841 0
      vertex -2.687 -72.913 0
      vertex -3.07426 -73.3664 0
    endloop
  endfacet
  facet normal 0 0 -1
    outer loop
      vertex -5.0159 -52.2443 0
      vertex -3.07426 -73.3664 0
      vertex -3.38582 -73.8748 0
    endloop
  endfacet
  facet normal 0 0 -1
    outer loop
      vertex -5.0159 -52.2443 0
      vertex -3.38582 -73.8748 0
      vertex -3.61401 -74.4257 0
    endloop
  endfacet
  facet normal 0 0 -1
    outer loop
      vertex -2.23358 -72.5257 0
      vertex -3.64426 -53.6159 0
      vertex -2.81473 -54.1242 0
    endloop
  endfacet
  facet normal 0 0 -1
    outer loop
      vertex -32.6759 -92.411 0
      vertex -3.61401 -76.7743 0
      vertex -32.4521 -92.6595 0
    endloop
  endfacet
  facet normal -0 0 -1
    outer loop
      vertex -3.38582 -77.3251 0
      vertex -32.4521 -92.6595 0
      vertex -3.61401 -76.7743 0
    endloop
  endfacet
  facet normal 0 0 -1
    outer loop
      vertex -2.687 -72.913 0
      vertex -4.38405 -52.9841 0
      vertex -3.64426 -53.6159 0
    endloop
  endfacet
  facet normal 0 0 -1
    outer loop
      vertex 32.7465 8 0
      vertex 18.4235 53.8723 0
      vertex 18.5 54.6 0
    endloop
  endfacet
  facet normal 0 0 -1
    outer loop
      vertex 18.8965 29.5159 0
      vertex 18.1974 53.1764 0
      vertex 18.4235 53.8723 0
    endloop
  endfacet
  facet normal 0 0 -1
    outer loop
      vertex 18.0159 31.2443 0
      vertex 18.1974 53.1764 0
      vertex 18.5242 30.4147 0
    endloop
  endfacet
  facet normal 0 0 -1
    outer loop
      vertex 18.0159 31.2443 0
      vertex 17.8316 52.5427 0
      vertex 18.1974 53.1764 0
    endloop
  endfacet
  facet normal 0 0 -1
    outer loop
      vertex 17.384 31.9841 0
      vertex 17.8316 52.5427 0
      vertex 18.0159 31.2443 0
    endloop
  endfacet
  facet normal 0 0 -1
    outer loop
      vertex 17.384 31.9841 0
      vertex 17.3419 51.999 0
      vertex 17.8316 52.5427 0
    endloop
  endfacet
  facet normal 0 0 -1
    outer loop
      vertex 16.6443 32.6159 0
      vertex 17.3419 51.999 0
      vertex 17.384 31.9841 0
    endloop
  endfacet
  facet normal 0 0 -1
    outer loop
      vertex 17.3419 51.999 0
      vertex 16.6443 32.6159 0
      vertex 16.75 51.5689 0
    endloop
  endfacet
  facet normal 0 0 -1
    outer loop
      vertex 15.8147 33.1242 0
      vertex 16.75 51.5689 0
      vertex 16.6443 32.6159 0
    endloop
  endfacet
  facet normal 0 0 -1
    outer loop
      vertex 16.75 51.5689 0
      vertex 15.8147 33.1242 0
      vertex 16.0816 51.2713 0
    endloop
  endfacet
  facet normal 0 0 -1
    outer loop
      vertex 14.9159 33.4965 0
      vertex 16.0816 51.2713 0
      vertex 15.8147 33.1242 0
    endloop
  endfacet
  facet normal 0 0 -1
    outer loop
      vertex 16.0816 51.2713 0
      vertex 14.9159 33.4965 0
      vertex 15.3658 51.1192 0
    endloop
  endfacet
  facet normal 0 0 -1
    outer loop
      vertex 13.9699 33.7237 0
      vertex 15.3658 51.1192 0
      vertex 14.9159 33.4965 0
    endloop
  endfacet
  facet normal -0 0 -1
    outer loop
      vertex 15.3658 51.1192 0
      vertex 13.9699 33.7237 0
      vertex 14.6341 51.1192 0
    endloop
  endfacet
  facet normal 0 0 -1
    outer loop
      vertex 13 33.8 0
      vertex 14.6341 51.1192 0
      vertex 13.9699 33.7237 0
    endloop
  endfacet
  facet normal -0 0 -1
    outer loop
      vertex 14.6341 51.1192 0
      vertex 13 33.8 0
      vertex 13.9184 51.2713 0
    endloop
  endfacet
  facet normal 0 0 -1
    outer loop
      vertex 12.0301 33.7237 0
      vertex 13.9184 51.2713 0
      vertex 13 33.8 0
    endloop
  endfacet
  facet normal -0 0 -1
    outer loop
      vertex 13.9184 51.2713 0
      vertex 12.0301 33.7237 0
      vertex 13.25 51.5689 0
    endloop
  endfacet
  facet normal 0 0 -1
    outer loop
      vertex 11.0841 33.4965 0
      vertex 13.25 51.5689 0
      vertex 12.0301 33.7237 0
    endloop
  endfacet
  facet normal -0 0 -1
    outer loop
      vertex 13.25 51.5689 0
      vertex 11.0841 33.4965 0
      vertex 12.658 51.999 0
    endloop
  endfacet
  facet normal 0 0 -1
    outer loop
      vertex 10.1853 33.1242 0
      vertex 12.658 51.999 0
      vertex 11.0841 33.4965 0
    endloop
  endfacet
  facet normal 0 0 -1
    outer loop
      vertex 9.35573 32.6159 0
      vertex 12.658 51.999 0
      vertex 10.1853 33.1242 0
    endloop
  endfacet
  facet normal -0 0 -1
    outer loop
      vertex 12.658 51.999 0
      vertex 9.35573 32.6159 0
      vertex 12.1684 52.5427 0
    endloop
  endfacet
  facet normal 0 0 -1
    outer loop
      vertex 8.61594 31.9841 0
      vertex 12.1684 52.5427 0
      vertex 9.35573 32.6159 0
    endloop
  endfacet
  facet normal 0 0 -1
    outer loop
      vertex 30.1292 8.92387 0
      vertex 19.1237 26.6301 0
      vertex 19.2 27.6 0
    endloop
  endfacet
  facet normal 0 0 -1
    outer loop
      vertex 5.89655 -8.68408 0
      vertex 24.7465 -8 0
      vertex 6.12366 -9.6301 0
    endloop
  endfacet
  facet normal 0 0 -1
    outer loop
      vertex 24.7465 0 0
      vertex 18.8965 25.6841 0
      vertex 19.1237 26.6301 0
    endloop
  endfacet
  facet normal 0 0 -1
    outer loop
      vertex 24.7465 0 0
      vertex 18.5242 24.7852 0
      vertex 18.8965 25.6841 0
    endloop
  endfacet
  facet normal 0 0 -1
    outer loop
      vertex 6.12366 -9.6301 0
      vertex 24.7465 -8 0
      vertex 6.2 -10.6 0
    endloop
  endfacet
  facet normal 0 0 -1
    outer loop
      vertex 24.7465 0 0
      vertex 18.0159 23.9557 0
      vertex 18.5242 24.7852 0
    endloop
  endfacet
  facet normal 0 0 -1
    outer loop
      vertex 24.7465 0 0
      vertex 17.384 23.2159 0
      vertex 18.0159 23.9557 0
    endloop
  endfacet
  facet normal 0 0 -1
    outer loop
      vertex 6.2 -10.6 0
      vertex 18.0301 -23.4763 0
      vertex 17.0841 -23.7034 0
    endloop
  endfacet
  facet normal 0 0 -1
    outer loop
      vertex 24.7465 0 0
      vertex 16.6443 22.5841 0
      vertex 17.384 23.2159 0
    endloop
  endfacet
  facet normal 0 0 -1
    outer loop
      vertex 6.2 -10.6 0
      vertex 17.0841 -23.7034 0
      vertex 16.1853 -24.0757 0
    endloop
  endfacet
  facet normal -0 0 -1
    outer loop
      vertex 24.7465 -4 0
      vertex 5.52423 -7.78525 0
      vertex 24.7465 0 0
    endloop
  endfacet
  facet normal 0 0 -1
    outer loop
      vertex 6.2 -10.6 0
      vertex 16.1853 -24.0757 0
      vertex 15.3557 -24.5841 0
    endloop
  endfacet
  facet normal 0 0 -1
    outer loop
      vertex 24.7465 0 0
      vertex 15.8147 22.0757 0
      vertex 16.6443 22.5841 0
    endloop
  endfacet
  facet normal 0 0 -1
    outer loop
      vertex 6.2 -10.6 0
      vertex 15.3557 -24.5841 0
      vertex 14.6159 -25.2159 0
    endloop
  endfacet
  facet normal 0 0 -1
    outer loop
      vertex 6.2 -10.6 0
      vertex 14.6159 -25.2159 0
      vertex 13.9841 -25.9557 0
    endloop
  endfacet
  facet normal 0 0 -1
    outer loop
      vertex 5.52423 -7.78525 0
      vertex 24.7465 -4 0
      vertex 5.89655 -8.68408 0
    endloop
  endfacet
  facet normal 0 0 -1
    outer loop
      vertex 6.2 -10.6 0
      vertex 13.9841 -25.9557 0
      vertex 13.4758 -26.7852 0
    endloop
  endfacet
  facet normal 0 0 -1
    outer loop
      vertex 6.2 -10.6 0
      vertex 13.4758 -26.7852 0
      vertex 13.1034 -27.6841 0
    endloop
  endfacet
  facet normal 0 0 -1
    outer loop
      vertex 5.0159 -6.95572 0
      vertex 24.7465 0 0
      vertex 5.52423 -7.78525 0
    endloop
  endfacet
  facet normal 0 0 -1
    outer loop
      vertex 6.2 -10.6 0
      vertex 13.1034 -27.6841 0
      vertex 12.8763 -28.6301 0
    endloop
  endfacet
  facet normal 0 0 -1
    outer loop
      vertex 6.2 -10.6 0
      vertex 12.8763 -28.6301 0
      vertex 12.8 -29.6 0
    endloop
  endfacet
  facet normal 0 0 -1
    outer loop
      vertex 24.7465 0 0
      vertex 14.9159 21.7034 0
      vertex 15.8147 22.0757 0
    endloop
  endfacet
  facet normal 0 0 -1
    outer loop
      vertex 29.0394 4.70709 0
      vertex 26.4536 4.70709 0
      vertex 29.0394 7.29289 0
    endloop
  endfacet
  facet normal 0 0 -1
    outer loop
      vertex 29.0394 7.29289 0
      vertex 26.6704 7.61731 0
      vertex 26.7465 8 0
    endloop
  endfacet
  facet normal 0 0 -1
    outer loop
      vertex 26.4536 7.29289 0
      vertex 29.0394 7.29289 0
      vertex 26.4536 4.70709 0
    endloop
  endfacet
  facet normal 0 0 -1
    outer loop
      vertex 29.0394 7.29289 0
      vertex 26.4536 7.29289 0
      vertex 26.6704 7.61731 0
    endloop
  endfacet
  facet normal 0 0 -1
    outer loop
      vertex 26.1292 4.92387 0
      vertex 26.4536 7.29289 0
      vertex 26.4536 4.70709 0
    endloop
  endfacet
  facet normal 0 0 -1
    outer loop
      vertex 26.1292 4.92387 0
      vertex 26.1292 7.07611 0
      vertex 26.4536 7.29289 0
    endloop
  endfacet
  facet normal 0 0 -1
    outer loop
      vertex 25.7465 5 0
      vertex 26.1292 7.07611 0
      vertex 26.1292 4.92387 0
    endloop
  endfacet
  facet normal 0 0 -1
    outer loop
      vertex 25.7465 5 0
      vertex 25.7465 7 0
      vertex 26.1292 7.07611 0
    endloop
  endfacet
  facet normal 0 0 -1
    outer loop
      vertex 25.3638 4.92387 0
      vertex 25.7465 7 0
      vertex 25.7465 5 0
    endloop
  endfacet
  facet normal 0 0 -1
    outer loop
      vertex 25.3638 4.92387 0
      vertex 25.3638 7.07611 0
      vertex 25.7465 7 0
    endloop
  endfacet
  facet normal 0 0 -1
    outer loop
      vertex 25.0394 4.70709 0
      vertex 25.3638 7.07611 0
      vertex 25.3638 4.92387 0
    endloop
  endfacet
  facet normal 0 0 -1
    outer loop
      vertex 25.0394 4.70709 0
      vertex 25.0394 7.29289 0
      vertex 25.3638 7.07611 0
    endloop
  endfacet
  facet normal 0 0 -1
    outer loop
      vertex 24.8226 4.38268 0
      vertex 25.0394 7.29289 0
      vertex 25.0394 4.70709 0
    endloop
  endfacet
  facet normal 0 0 -1
    outer loop
      vertex 24.8226 4.38268 0
      vertex 24.8226 7.61731 0
      vertex 25.0394 7.29289 0
    endloop
  endfacet
  facet normal 0 0 -1
    outer loop
      vertex 24.7465 4 0
      vertex 24.8226 7.61731 0
      vertex 24.8226 4.38268 0
    endloop
  endfacet
  facet normal -0 0 -1
    outer loop
      vertex 24.8226 7.61731 0
      vertex 24.7465 4 0
      vertex 24.7465 8 0
    endloop
  endfacet
  facet normal 0 0 -1
    outer loop
      vertex 29.0394 0.707092 0
      vertex 26.4536 0.707092 0
      vertex 29.0394 3.29289 0
    endloop
  endfacet
  facet normal 0 0 -1
    outer loop
      vertex 29.0394 3.29289 0
      vertex 26.6704 3.61731 0
      vertex 26.7465 4 0
    endloop
  endfacet
  facet normal 0 0 -1
    outer loop
      vertex 26.4536 3.29289 0
      vertex 29.0394 3.29289 0
      vertex 26.4536 0.707092 0
    endloop
  endfacet
  facet normal 0 0 -1
    outer loop
      vertex 29.0394 3.29289 0
      vertex 26.4536 3.29289 0
      vertex 26.6704 3.61731 0
    endloop
  endfacet
  facet normal 0 0 -1
    outer loop
      vertex 26.1292 0.923874 0
      vertex 26.4536 3.29289 0
      vertex 26.4536 0.707092 0
    endloop
  endfacet
  facet normal 0 0 -1
    outer loop
      vertex 26.1292 0.923874 0
      vertex 26.1292 3.07611 0
      vertex 26.4536 3.29289 0
    endloop
  endfacet
  facet normal 0 0 -1
    outer loop
      vertex 25.7465 1 0
      vertex 26.1292 3.07611 0
      vertex 26.1292 0.923874 0
    endloop
  endfacet
  facet normal 0 0 -1
    outer loop
      vertex 25.7465 1 0
      vertex 25.7465 3 0
      vertex 26.1292 3.07611 0
    endloop
  endfacet
  facet normal 0 0 -1
    outer loop
      vertex 25.3638 0.923874 0
      vertex 25.7465 3 0
      vertex 25.7465 1 0
    endloop
  endfacet
  facet normal 0 0 -1
    outer loop
      vertex 25.3638 0.923874 0
      vertex 25.3638 3.07611 0
      vertex 25.7465 3 0
    endloop
  endfacet
  facet normal 0 0 -1
    outer loop
      vertex 25.0394 0.707092 0
      vertex 25.3638 3.07611 0
      vertex 25.3638 0.923874 0
    endloop
  endfacet
  facet normal 0 0 -1
    outer loop
      vertex 25.0394 0.707092 0
      vertex 25.0394 3.29289 0
      vertex 25.3638 3.07611 0
    endloop
  endfacet
  facet normal 0 0 -1
    outer loop
      vertex 24.8226 0.382675 0
      vertex 25.0394 3.29289 0
      vertex 25.0394 0.707092 0
    endloop
  endfacet
  facet normal 0 0 -1
    outer loop
      vertex 24.8226 0.382675 0
      vertex 24.8226 3.61731 0
      vertex 25.0394 3.29289 0
    endloop
  endfacet
  facet normal 0 0 -1
    outer loop
      vertex 24.7465 0 0
      vertex 24.8226 3.61731 0
      vertex 24.8226 0.382675 0
    endloop
  endfacet
  facet normal -0 0 -1
    outer loop
      vertex 24.8226 3.61731 0
      vertex 24.7465 0 0
      vertex 24.7465 4 0
    endloop
  endfacet
  facet normal 0 0 -1
    outer loop
      vertex 29.0394 -3.29289 0
      vertex 26.4536 -3.29289 0
      vertex 29.0394 -0.707092 0
    endloop
  endfacet
  facet normal 0 0 -1
    outer loop
      vertex 29.0394 -0.707092 0
      vertex 26.6704 -0.382675 0
      vertex 26.7465 0 0
    endloop
  endfacet
  facet normal 0 0 -1
    outer loop
      vertex 26.4536 -0.707092 0
      vertex 29.0394 -0.707092 0
      vertex 26.4536 -3.29289 0
    endloop
  endfacet
  facet normal 0 0 -1
    outer loop
      vertex 29.0394 -0.707092 0
      vertex 26.4536 -0.707092 0
      vertex 26.6704 -0.382675 0
    endloop
  endfacet
  facet normal 0 0 -1
    outer loop
      vertex 26.1292 -3.07611 0
      vertex 26.4536 -0.707092 0
      vertex 26.4536 -3.29289 0
    endloop
  endfacet
  facet normal 0 0 -1
    outer loop
      vertex 26.1292 -3.07611 0
      vertex 26.1292 -0.923874 0
      vertex 26.4536 -0.707092 0
    endloop
  endfacet
  facet normal 0 0 -1
    outer loop
      vertex 25.7465 -3 0
      vertex 26.1292 -0.923874 0
      vertex 26.1292 -3.07611 0
    endloop
  endfacet
  facet normal 0 0 -1
    outer loop
      vertex 25.7465 -3 0
      vertex 25.7465 -1 0
      vertex 26.1292 -0.923874 0
    endloop
  endfacet
  facet normal 0 0 -1
    outer loop
      vertex 25.3638 -3.07611 0
      vertex 25.7465 -1 0
      vertex 25.7465 -3 0
    endloop
  endfacet
  facet normal 0 0 -1
    outer loop
      vertex 25.3638 -3.07611 0
      vertex 25.3638 -0.923874 0
      vertex 25.7465 -1 0
    endloop
  endfacet
  facet normal 0 0 -1
    outer loop
      vertex 25.0394 -3.29289 0
      vertex 25.3638 -0.923874 0
      vertex 25.3638 -3.07611 0
    endloop
  endfacet
  facet normal 0 0 -1
    outer loop
      vertex 25.0394 -3.29289 0
      vertex 25.0394 -0.707092 0
      vertex 25.3638 -0.923874 0
    endloop
  endfacet
  facet normal 0 0 -1
    outer loop
      vertex 24.8226 -3.61731 0
      vertex 25.0394 -0.707092 0
      vertex 25.0394 -3.29289 0
    endloop
  endfacet
  facet normal 0 0 -1
    outer loop
      vertex 24.8226 -3.61731 0
      vertex 24.8226 -0.382675 0
      vertex 25.0394 -0.707092 0
    endloop
  endfacet
  facet normal 0 0 -1
    outer loop
      vertex 24.7465 -4 0
      vertex 24.8226 -0.382675 0
      vertex 24.8226 -3.61731 0
    endloop
  endfacet
  facet normal -0 0 -1
    outer loop
      vertex 24.8226 -0.382675 0
      vertex 24.7465 -4 0
      vertex 24.7465 0 0
    endloop
  endfacet
  facet normal 0 0 -1
    outer loop
      vertex 29.0394 -7.29289 0
      vertex 26.4536 -7.29289 0
      vertex 29.0394 -4.70709 0
    endloop
  endfacet
  facet normal 0 0 -1
    outer loop
      vertex 29.0394 -4.70709 0
      vertex 26.6704 -4.38268 0
      vertex 26.7465 -4 0
    endloop
  endfacet
  facet normal 0 0 -1
    outer loop
      vertex 26.4536 -4.70709 0
      vertex 29.0394 -4.70709 0
      vertex 26.4536 -7.29289 0
    endloop
  endfacet
  facet normal 0 0 -1
    outer loop
      vertex 29.0394 -4.70709 0
      vertex 26.4536 -4.70709 0
      vertex 26.6704 -4.38268 0
    endloop
  endfacet
  facet normal 0 0 -1
    outer loop
      vertex 26.1292 -7.07611 0
      vertex 26.4536 -4.70709 0
      vertex 26.4536 -7.29289 0
    endloop
  endfacet
  facet normal 0 0 -1
    outer loop
      vertex 26.1292 -7.07611 0
      vertex 26.1292 -4.92387 0
      vertex 26.4536 -4.70709 0
    endloop
  endfacet
  facet normal 0 0 -1
    outer loop
      vertex 25.7465 -7 0
      vertex 26.1292 -4.92387 0
      vertex 26.1292 -7.07611 0
    endloop
  endfacet
  facet normal 0 0 -1
    outer loop
      vertex 25.7465 -7 0
      vertex 25.7465 -5 0
      vertex 26.1292 -4.92387 0
    endloop
  endfacet
  facet normal 0 0 -1
    outer loop
      vertex 25.3638 -7.07611 0
      vertex 25.7465 -5 0
      vertex 25.7465 -7 0
    endloop
  endfacet
  facet normal 0 0 -1
    outer loop
      vertex 25.3638 -7.07611 0
      vertex 25.3638 -4.92387 0
      vertex 25.7465 -5 0
    endloop
  endfacet
  facet normal 0 0 -1
    outer loop
      vertex 25.0394 -7.29289 0
      vertex 25.3638 -4.92387 0
      vertex 25.3638 -7.07611 0
    endloop
  endfacet
  facet normal 0 0 -1
    outer loop
      vertex 25.0394 -7.29289 0
      vertex 25.0394 -4.70709 0
      vertex 25.3638 -4.92387 0
    endloop
  endfacet
  facet normal 0 0 -1
    outer loop
      vertex 24.8226 -7.61731 0
      vertex 25.0394 -4.70709 0
      vertex 25.0394 -7.29289 0
    endloop
  endfacet
  facet normal 0 0 -1
    outer loop
      vertex 24.8226 -7.61731 0
      vertex 24.8226 -4.38268 0
      vertex 25.0394 -4.70709 0
    endloop
  endfacet
  facet normal 0 0 -1
    outer loop
      vertex 24.7465 -8 0
      vertex 24.8226 -4.38268 0
      vertex 24.8226 -7.61731 0
    endloop
  endfacet
  facet normal -0 0 -1
    outer loop
      vertex 24.8226 -4.38268 0
      vertex 24.7465 -8 0
      vertex 24.7465 -4 0
    endloop
  endfacet
  facet normal 0 0 -1
    outer loop
      vertex 33.0394 4.70709 0
      vertex 30.4536 4.70709 0
      vertex 33.0394 7.29289 0
    endloop
  endfacet
  facet normal 0 0 -1
    outer loop
      vertex 33.0394 7.29289 0
      vertex 30.6704 7.61731 0
      vertex 30.7465 8 0
    endloop
  endfacet
  facet normal 0 0 -1
    outer loop
      vertex 30.4536 7.29289 0
      vertex 33.0394 7.29289 0
      vertex 30.4536 4.70709 0
    endloop
  endfacet
  facet normal 0 0 -1
    outer loop
      vertex 33.0394 7.29289 0
      vertex 30.4536 7.29289 0
      vertex 30.6704 7.61731 0
    endloop
  endfacet
  facet normal 0 0 -1
    outer loop
      vertex 30.1292 4.92387 0
      vertex 30.4536 7.29289 0
      vertex 30.4536 4.70709 0
    endloop
  endfacet
  facet normal 0 0 -1
    outer loop
      vertex 30.1292 4.92387 0
      vertex 30.1292 7.07611 0
      vertex 30.4536 7.29289 0
    endloop
  endfacet
  facet normal 0 0 -1
    outer loop
      vertex 29.7465 5 0
      vertex 30.1292 7.07611 0
      vertex 30.1292 4.92387 0
    endloop
  endfacet
  facet normal 0 0 -1
    outer loop
      vertex 29.7465 5 0
      vertex 29.7465 7 0
      vertex 30.1292 7.07611 0
    endloop
  endfacet
  facet normal 0 0 -1
    outer loop
      vertex 29.3638 4.92387 0
      vertex 29.7465 7 0
      vertex 29.7465 5 0
    endloop
  endfacet
  facet normal 0 0 -1
    outer loop
      vertex 29.3638 4.92387 0
      vertex 29.3638 7.07611 0
      vertex 29.7465 7 0
    endloop
  endfacet
  facet normal 0 0 -1
    outer loop
      vertex 29.0394 4.70709 0
      vertex 29.3638 7.07611 0
      vertex 29.3638 4.92387 0
    endloop
  endfacet
  facet normal 0 0 -1
    outer loop
      vertex 29.0394 4.70709 0
      vertex 29.0394 7.29289 0
      vertex 29.3638 7.07611 0
    endloop
  endfacet
  facet normal 0 0 -1
    outer loop
      vertex 26.6704 4.38268 0
      vertex 28.8226 4.38268 0
      vertex 26.7465 4 0
    endloop
  endfacet
  facet normal 0 0 -1
    outer loop
      vertex 28.8226 4.38268 0
      vertex 26.6704 4.38268 0
      vertex 29.0394 4.70709 0
    endloop
  endfacet
  facet normal 0 0 -1
    outer loop
      vertex 26.7465 4 0
      vertex 28.8226 4.38268 0
      vertex 28.7465 4 0
    endloop
  endfacet
  facet normal 0 0 -1
    outer loop
      vertex 26.4536 4.70709 0
      vertex 29.0394 4.70709 0
      vertex 26.6704 4.38268 0
    endloop
  endfacet
  facet normal 0 0 -1
    outer loop
      vertex 33.0394 0.707092 0
      vertex 30.4536 0.707092 0
      vertex 33.0394 3.29289 0
    endloop
  endfacet
  facet normal 0 0 -1
    outer loop
      vertex 33.0394 3.29289 0
      vertex 30.6704 3.61731 0
      vertex 30.7465 4 0
    endloop
  endfacet
  facet normal 0 0 -1
    outer loop
      vertex 30.4536 3.29289 0
      vertex 33.0394 3.29289 0
      vertex 30.4536 0.707092 0
    endloop
  endfacet
  facet normal 0 0 -1
    outer loop
      vertex 33.0394 3.29289 0
      vertex 30.4536 3.29289 0
      vertex 30.6704 3.61731 0
    endloop
  endfacet
  facet normal 0 0 -1
    outer loop
      vertex 30.1292 0.923874 0
      vertex 30.4536 3.29289 0
      vertex 30.4536 0.707092 0
    endloop
  endfacet
  facet normal 0 0 -1
    outer loop
      vertex 30.1292 0.923874 0
      vertex 30.1292 3.07611 0
      vertex 30.4536 3.29289 0
    endloop
  endfacet
  facet normal 0 0 -1
    outer loop
      vertex 29.7465 1 0
      vertex 30.1292 3.07611 0
      vertex 30.1292 0.923874 0
    endloop
  endfacet
  facet normal 0 0 -1
    outer loop
      vertex 29.7465 1 0
      vertex 29.7465 3 0
      vertex 30.1292 3.07611 0
    endloop
  endfacet
  facet normal 0 0 -1
    outer loop
      vertex 29.3638 0.923874 0
      vertex 29.7465 3 0
      vertex 29.7465 1 0
    endloop
  endfacet
  facet normal 0 0 -1
    outer loop
      vertex 29.3638 0.923874 0
      vertex 29.3638 3.07611 0
      vertex 29.7465 3 0
    endloop
  endfacet
  facet normal 0 0 -1
    outer loop
      vertex 29.0394 0.707092 0
      vertex 29.3638 3.07611 0
      vertex 29.3638 0.923874 0
    endloop
  endfacet
  facet normal 0 0 -1
    outer loop
      vertex 29.0394 0.707092 0
      vertex 29.0394 3.29289 0
      vertex 29.3638 3.07611 0
    endloop
  endfacet
  facet normal 0 0 -1
    outer loop
      vertex 26.6704 0.382675 0
      vertex 28.8226 0.382675 0
      vertex 26.7465 0 0
    endloop
  endfacet
  facet normal 0 0 -1
    outer loop
      vertex 28.8226 0.382675 0
      vertex 26.6704 0.382675 0
      vertex 29.0394 0.707092 0
    endloop
  endfacet
  facet normal 0 0 -1
    outer loop
      vertex 26.7465 0 0
      vertex 28.8226 0.382675 0
      vertex 28.7465 0 0
    endloop
  endfacet
  facet normal 0 0 -1
    outer loop
      vertex 26.4536 0.707092 0
      vertex 29.0394 0.707092 0
      vertex 26.6704 0.382675 0
    endloop
  endfacet
  facet normal 0 0 -1
    outer loop
      vertex 33.0394 -3.29289 0
      vertex 30.4536 -3.29289 0
      vertex 33.0394 -0.707092 0
    endloop
  endfacet
  facet normal 0 0 -1
    outer loop
      vertex 33.0394 -0.707092 0
      vertex 30.6704 -0.382675 0
      vertex 30.7465 0 0
    endloop
  endfacet
  facet normal 0 0 -1
    outer loop
      vertex 30.4536 -0.707092 0
      vertex 33.0394 -0.707092 0
      vertex 30.4536 -3.29289 0
    endloop
  endfacet
  facet normal 0 0 -1
    outer loop
      vertex 33.0394 -0.707092 0
      vertex 30.4536 -0.707092 0
      vertex 30.6704 -0.382675 0
    endloop
  endfacet
  facet normal 0 0 -1
    outer loop
      vertex 30.1292 -3.07611 0
      vertex 30.4536 -0.707092 0
      vertex 30.4536 -3.29289 0
    endloop
  endfacet
  facet normal 0 0 -1
    outer loop
      vertex 30.1292 -3.07611 0
      vertex 30.1292 -0.923874 0
      vertex 30.4536 -0.707092 0
    endloop
  endfacet
  facet normal 0 0 -1
    outer loop
      vertex 29.7465 -3 0
      vertex 30.1292 -0.923874 0
      vertex 30.1292 -3.07611 0
    endloop
  endfacet
  facet normal 0 0 -1
    outer loop
      vertex 29.7465 -3 0
      vertex 29.7465 -1 0
      vertex 30.1292 -0.923874 0
    endloop
  endfacet
  facet normal 0 0 -1
    outer loop
      vertex 29.3638 -3.07611 0
      vertex 29.7465 -1 0
      vertex 29.7465 -3 0
    endloop
  endfacet
  facet normal 0 0 -1
    outer loop
      vertex 29.3638 -3.07611 0
      vertex 29.3638 -0.923874 0
      vertex 29.7465 -1 0
    endloop
  endfacet
  facet normal 0 0 -1
    outer loop
      vertex 29.0394 -3.29289 0
      vertex 29.3638 -0.923874 0
      vertex 29.3638 -3.07611 0
    endloop
  endfacet
  facet normal 0 0 -1
    outer loop
      vertex 29.0394 -3.29289 0
      vertex 29.0394 -0.707092 0
      vertex 29.3638 -0.923874 0
    endloop
  endfacet
  facet normal 0 0 -1
    outer loop
      vertex 26.6704 -3.61731 0
      vertex 28.8226 -3.61731 0
      vertex 26.7465 -4 0
    endloop
  endfacet
  facet normal 0 0 -1
    outer loop
      vertex 28.8226 -3.61731 0
      vertex 26.6704 -3.61731 0
      vertex 29.0394 -3.29289 0
    endloop
  endfacet
  facet normal 0 0 -1
    outer loop
      vertex 26.7465 -4 0
      vertex 28.8226 -3.61731 0
      vertex 28.7465 -4 0
    endloop
  endfacet
  facet normal 0 0 -1
    outer loop
      vertex 26.4536 -3.29289 0
      vertex 29.0394 -3.29289 0
      vertex 26.6704 -3.61731 0
    endloop
  endfacet
  facet normal 0 0 -1
    outer loop
      vertex 33.0394 -7.29289 0
      vertex 30.4536 -7.29289 0
      vertex 33.0394 -4.70709 0
    endloop
  endfacet
  facet normal 0 0 -1
    outer loop
      vertex 33.0394 -4.70709 0
      vertex 30.6704 -4.38268 0
      vertex 30.7465 -4 0
    endloop
  endfacet
  facet normal 0 0 -1
    outer loop
      vertex 30.4536 -4.70709 0
      vertex 33.0394 -4.70709 0
      vertex 30.4536 -7.29289 0
    endloop
  endfacet
  facet normal 0 0 -1
    outer loop
      vertex 33.0394 -4.70709 0
      vertex 30.4536 -4.70709 0
      vertex 30.6704 -4.38268 0
    endloop
  endfacet
  facet normal 0 0 -1
    outer loop
      vertex 30.1292 -7.07611 0
      vertex 30.4536 -4.70709 0
      vertex 30.4536 -7.29289 0
    endloop
  endfacet
  facet normal 0 0 -1
    outer loop
      vertex 30.1292 -7.07611 0
      vertex 30.1292 -4.92387 0
      vertex 30.4536 -4.70709 0
    endloop
  endfacet
  facet normal 0 0 -1
    outer loop
      vertex 29.7465 -7 0
      vertex 30.1292 -4.92387 0
      vertex 30.1292 -7.07611 0
    endloop
  endfacet
  facet normal 0 0 -1
    outer loop
      vertex 29.7465 -7 0
      vertex 29.7465 -5 0
      vertex 30.1292 -4.92387 0
    endloop
  endfacet
  facet normal 0 0 -1
    outer loop
      vertex 29.3638 -7.07611 0
      vertex 29.7465 -5 0
      vertex 29.7465 -7 0
    endloop
  endfacet
  facet normal 0 0 -1
    outer loop
      vertex 29.3638 -7.07611 0
      vertex 29.3638 -4.92387 0
      vertex 29.7465 -5 0
    endloop
  endfacet
  facet normal 0 0 -1
    outer loop
      vertex 29.0394 -7.29289 0
      vertex 29.3638 -4.92387 0
      vertex 29.3638 -7.07611 0
    endloop
  endfacet
  facet normal 0 0 -1
    outer loop
      vertex 29.0394 -7.29289 0
      vertex 29.0394 -4.70709 0
      vertex 29.3638 -4.92387 0
    endloop
  endfacet
  facet normal 0 0 -1
    outer loop
      vertex 26.6704 -7.61731 0
      vertex 28.8226 -7.61731 0
      vertex 26.7465 -8 0
    endloop
  endfacet
  facet normal 0 0 -1
    outer loop
      vertex 28.8226 -7.61731 0
      vertex 26.6704 -7.61731 0
      vertex 29.0394 -7.29289 0
    endloop
  endfacet
  facet normal 0 0 -1
    outer loop
      vertex 26.7465 -8 0
      vertex 28.8226 -7.61731 0
      vertex 28.7465 -8 0
    endloop
  endfacet
  facet normal 0 0 -1
    outer loop
      vertex 26.4536 -7.29289 0
      vertex 29.0394 -7.29289 0
      vertex 26.6704 -7.61731 0
    endloop
  endfacet
  facet normal 0 0 -1
    outer loop
      vertex 24.0159 -25.9557 0
      vertex 30.1292 -8.92387 0
      vertex 24.5242 -26.7852 0
    endloop
  endfacet
  facet normal 0 0 -1
    outer loop
      vertex 30.1292 -8.92387 0
      vertex 24.0159 -25.9557 0
      vertex 29.7465 -9 0
    endloop
  endfacet
  facet normal 0 0 -1
    outer loop
      vertex 23.384 -25.2159 0
      vertex 29.7465 -9 0
      vertex 24.0159 -25.9557 0
    endloop
  endfacet
  facet normal 0 0 -1
    outer loop
      vertex 22.6443 -24.5841 0
      vertex 29.7465 -9 0
      vertex 23.384 -25.2159 0
    endloop
  endfacet
  facet normal -0 0 -1
    outer loop
      vertex 29.7465 -9 0
      vertex 22.6443 -24.5841 0
      vertex 25.7465 -9 0
    endloop
  endfacet
  facet normal -0 0 -1
    outer loop
      vertex 25.0394 -8.70709 0
      vertex 18.0301 -23.4763 0
      vertex 24.8226 -8.38268 0
    endloop
  endfacet
  facet normal 0 0 -1
    outer loop
      vertex 6.2 -10.6 0
      vertex 24.8226 -8.38268 0
      vertex 18.0301 -23.4763 0
    endloop
  endfacet
  facet normal -0 0 -1
    outer loop
      vertex 24.8226 -8.38268 0
      vertex 6.2 -10.6 0
      vertex 24.7465 -8 0
    endloop
  endfacet
  facet normal 0 0 -1
    outer loop
      vertex 20.9159 -23.7034 0
      vertex 25.7465 -9 0
      vertex 21.8147 -24.0757 0
    endloop
  endfacet
  facet normal 0 0 -1
    outer loop
      vertex 21.8147 -24.0757 0
      vertex 25.7465 -9 0
      vertex 22.6443 -24.5841 0
    endloop
  endfacet
  facet normal 0 0 -1
    outer loop
      vertex 34.6704 4.38268 0
      vertex 34.7465 8 0
      vertex 34.7465 4 0
    endloop
  endfacet
  facet normal 0 0 -1
    outer loop
      vertex 34.6704 4.38268 0
      vertex 34.6704 7.61731 0
      vertex 34.7465 8 0
    endloop
  endfacet
  facet normal 0 0 -1
    outer loop
      vertex 34.4536 4.70709 0
      vertex 34.6704 7.61731 0
      vertex 34.6704 4.38268 0
    endloop
  endfacet
  facet normal 0 0 -1
    outer loop
      vertex 34.4536 4.70709 0
      vertex 34.4536 7.29289 0
      vertex 34.6704 7.61731 0
    endloop
  endfacet
  facet normal 0 0 -1
    outer loop
      vertex 34.1292 4.92387 0
      vertex 34.4536 7.29289 0
      vertex 34.4536 4.70709 0
    endloop
  endfacet
  facet normal 0 0 -1
    outer loop
      vertex 34.1292 4.92387 0
      vertex 34.1292 7.07611 0
      vertex 34.4536 7.29289 0
    endloop
  endfacet
  facet normal 0 0 -1
    outer loop
      vertex 33.7465 5 0
      vertex 34.1292 7.07611 0
      vertex 34.1292 4.92387 0
    endloop
  endfacet
  facet normal 0 0 -1
    outer loop
      vertex 33.7465 5 0
      vertex 33.7465 7 0
      vertex 34.1292 7.07611 0
    endloop
  endfacet
  facet normal 0 0 -1
    outer loop
      vertex 33.3638 4.92387 0
      vertex 33.7465 7 0
      vertex 33.7465 5 0
    endloop
  endfacet
  facet normal 0 0 -1
    outer loop
      vertex 33.3638 4.92387 0
      vertex 33.3638 7.07611 0
      vertex 33.7465 7 0
    endloop
  endfacet
  facet normal 0 0 -1
    outer loop
      vertex 33.0394 4.70709 0
      vertex 33.3638 7.07611 0
      vertex 33.3638 4.92387 0
    endloop
  endfacet
  facet normal 0 0 -1
    outer loop
      vertex 33.0394 4.70709 0
      vertex 33.0394 7.29289 0
      vertex 33.3638 7.07611 0
    endloop
  endfacet
  facet normal 0 0 -1
    outer loop
      vertex 30.6704 4.38268 0
      vertex 32.8226 4.38268 0
      vertex 30.7465 4 0
    endloop
  endfacet
  facet normal 0 0 -1
    outer loop
      vertex 32.8226 4.38268 0
      vertex 30.6704 4.38268 0
      vertex 33.0394 4.70709 0
    endloop
  endfacet
  facet normal 0 0 -1
    outer loop
      vertex 30.7465 4 0
      vertex 32.8226 4.38268 0
      vertex 32.7465 4 0
    endloop
  endfacet
  facet normal 0 0 -1
    outer loop
      vertex 30.4536 4.70709 0
      vertex 33.0394 4.70709 0
      vertex 30.6704 4.38268 0
    endloop
  endfacet
  facet normal 0 0 -1
    outer loop
      vertex 34.6704 0.382675 0
      vertex 34.7465 4 0
      vertex 34.7465 0 0
    endloop
  endfacet
  facet normal 0 0 -1
    outer loop
      vertex 34.6704 0.382675 0
      vertex 34.6704 3.61731 0
      vertex 34.7465 4 0
    endloop
  endfacet
  facet normal 0 0 -1
    outer loop
      vertex 34.4536 0.707092 0
      vertex 34.6704 3.61731 0
      vertex 34.6704 0.382675 0
    endloop
  endfacet
  facet normal 0 0 -1
    outer loop
      vertex 34.4536 0.707092 0
      vertex 34.4536 3.29289 0
      vertex 34.6704 3.61731 0
    endloop
  endfacet
  facet normal 0 0 -1
    outer loop
      vertex 34.1292 0.923874 0
      vertex 34.4536 3.29289 0
      vertex 34.4536 0.707092 0
    endloop
  endfacet
  facet normal 0 0 -1
    outer loop
      vertex 34.1292 0.923874 0
      vertex 34.1292 3.07611 0
      vertex 34.4536 3.29289 0
    endloop
  endfacet
  facet normal 0 0 -1
    outer loop
      vertex 33.7465 1 0
      vertex 34.1292 3.07611 0
      vertex 34.1292 0.923874 0
    endloop
  endfacet
  facet normal 0 0 -1
    outer loop
      vertex 33.7465 1 0
      vertex 33.7465 3 0
      vertex 34.1292 3.07611 0
    endloop
  endfacet
  facet normal 0 0 -1
    outer loop
      vertex 33.3638 0.923874 0
      vertex 33.7465 3 0
      vertex 33.7465 1 0
    endloop
  endfacet
  facet normal 0 0 -1
    outer loop
      vertex 33.3638 0.923874 0
      vertex 33.3638 3.07611 0
      vertex 33.7465 3 0
    endloop
  endfacet
  facet normal 0 0 -1
    outer loop
      vertex 33.0394 0.707092 0
      vertex 33.3638 3.07611 0
      vertex 33.3638 0.923874 0
    endloop
  endfacet
  facet normal 0 0 -1
    outer loop
      vertex 33.0394 0.707092 0
      vertex 33.0394 3.29289 0
      vertex 33.3638 3.07611 0
    endloop
  endfacet
  facet normal 0 0 -1
    outer loop
      vertex 30.6704 0.382675 0
      vertex 32.8226 0.382675 0
      vertex 30.7465 0 0
    endloop
  endfacet
  facet normal 0 0 -1
    outer loop
      vertex 32.8226 0.382675 0
      vertex 30.6704 0.382675 0
      vertex 33.0394 0.707092 0
    endloop
  endfacet
  facet normal 0 0 -1
    outer loop
      vertex 30.7465 0 0
      vertex 32.8226 0.382675 0
      vertex 32.7465 0 0
    endloop
  endfacet
  facet normal 0 0 -1
    outer loop
      vertex 30.4536 0.707092 0
      vertex 33.0394 0.707092 0
      vertex 30.6704 0.382675 0
    endloop
  endfacet
  facet normal 0 0 -1
    outer loop
      vertex 34.6704 -3.61731 0
      vertex 34.7465 0 0
      vertex 34.7465 -4 0
    endloop
  endfacet
  facet normal 0 0 -1
    outer loop
      vertex 34.6704 -3.61731 0
      vertex 34.6704 -0.382675 0
      vertex 34.7465 0 0
    endloop
  endfacet
  facet normal 0 0 -1
    outer loop
      vertex 34.4536 -3.29289 0
      vertex 34.6704 -0.382675 0
      vertex 34.6704 -3.61731 0
    endloop
  endfacet
  facet normal 0 0 -1
    outer loop
      vertex 34.4536 -3.29289 0
      vertex 34.4536 -0.707092 0
      vertex 34.6704 -0.382675 0
    endloop
  endfacet
  facet normal 0 0 -1
    outer loop
      vertex 34.1292 -3.07611 0
      vertex 34.4536 -0.707092 0
      vertex 34.4536 -3.29289 0
    endloop
  endfacet
  facet normal 0 0 -1
    outer loop
      vertex 34.1292 -3.07611 0
      vertex 34.1292 -0.923874 0
      vertex 34.4536 -0.707092 0
    endloop
  endfacet
  facet normal 0 0 -1
    outer loop
      vertex 33.7465 -3 0
      vertex 34.1292 -0.923874 0
      vertex 34.1292 -3.07611 0
    endloop
  endfacet
  facet normal 0 0 -1
    outer loop
      vertex 33.7465 -3 0
      vertex 33.7465 -1 0
      vertex 34.1292 -0.923874 0
    endloop
  endfacet
  facet normal 0 0 -1
    outer loop
      vertex 33.3638 -3.07611 0
      vertex 33.7465 -1 0
      vertex 33.7465 -3 0
    endloop
  endfacet
  facet normal 0 0 -1
    outer loop
      vertex 33.3638 -3.07611 0
      vertex 33.3638 -0.923874 0
      vertex 33.7465 -1 0
    endloop
  endfacet
  facet normal 0 0 -1
    outer loop
      vertex 33.0394 -3.29289 0
      vertex 33.3638 -0.923874 0
      vertex 33.3638 -3.07611 0
    endloop
  endfacet
  facet normal 0 0 -1
    outer loop
      vertex 33.0394 -3.29289 0
      vertex 33.0394 -0.707092 0
      vertex 33.3638 -0.923874 0
    endloop
  endfacet
  facet normal 0 0 -1
    outer loop
      vertex 30.6704 -3.61731 0
      vertex 32.8226 -3.61731 0
      vertex 30.7465 -4 0
    endloop
  endfacet
  facet normal 0 0 -1
    outer loop
      vertex 32.8226 -3.61731 0
      vertex 30.6704 -3.61731 0
      vertex 33.0394 -3.29289 0
    endloop
  endfacet
  facet normal 0 0 -1
    outer loop
      vertex 30.7465 -4 0
      vertex 32.8226 -3.61731 0
      vertex 32.7465 -4 0
    endloop
  endfacet
  facet normal 0 0 -1
    outer loop
      vertex 30.4536 -3.29289 0
      vertex 33.0394 -3.29289 0
      vertex 30.6704 -3.61731 0
    endloop
  endfacet
  facet normal 0 0 -1
    outer loop
      vertex 34.6704 -7.61731 0
      vertex 34.7465 -4 0
      vertex 34.7465 -8 0
    endloop
  endfacet
  facet normal 0 0 -1
    outer loop
      vertex 34.6704 -7.61731 0
      vertex 34.6704 -4.38268 0
      vertex 34.7465 -4 0
    endloop
  endfacet
  facet normal 0 0 -1
    outer loop
      vertex 34.4536 -7.29289 0
      vertex 34.6704 -4.38268 0
      vertex 34.6704 -7.61731 0
    endloop
  endfacet
  facet normal 0 0 -1
    outer loop
      vertex 34.4536 -7.29289 0
      vertex 34.4536 -4.70709 0
      vertex 34.6704 -4.38268 0
    endloop
  endfacet
  facet normal 0 0 -1
    outer loop
      vertex 34.1292 -7.07611 0
      vertex 34.4536 -4.70709 0
      vertex 34.4536 -7.29289 0
    endloop
  endfacet
  facet normal 0 0 -1
    outer loop
      vertex 34.1292 -7.07611 0
      vertex 34.1292 -4.92387 0
      vertex 34.4536 -4.70709 0
    endloop
  endfacet
  facet normal 0 0 -1
    outer loop
      vertex 33.7465 -7 0
      vertex 34.1292 -4.92387 0
      vertex 34.1292 -7.07611 0
    endloop
  endfacet
  facet normal 0 0 -1
    outer loop
      vertex 33.7465 -7 0
      vertex 33.7465 -5 0
      vertex 34.1292 -4.92387 0
    endloop
  endfacet
  facet normal 0 0 -1
    outer loop
      vertex 33.3638 -7.07611 0
      vertex 33.7465 -5 0
      vertex 33.7465 -7 0
    endloop
  endfacet
  facet normal 0 0 -1
    outer loop
      vertex 33.3638 -7.07611 0
      vertex 33.3638 -4.92387 0
      vertex 33.7465 -5 0
    endloop
  endfacet
  facet normal 0 0 -1
    outer loop
      vertex 33.0394 -7.29289 0
      vertex 33.3638 -4.92387 0
      vertex 33.3638 -7.07611 0
    endloop
  endfacet
  facet normal 0 0 -1
    outer loop
      vertex 33.0394 -7.29289 0
      vertex 33.0394 -4.70709 0
      vertex 33.3638 -4.92387 0
    endloop
  endfacet
  facet normal 0 0 -1
    outer loop
      vertex 30.6704 -7.61731 0
      vertex 32.8226 -7.61731 0
      vertex 30.7465 -8 0
    endloop
  endfacet
  facet normal 0 0 -1
    outer loop
      vertex 32.8226 -7.61731 0
      vertex 30.6704 -7.61731 0
      vertex 33.0394 -7.29289 0
    endloop
  endfacet
  facet normal 0 0 -1
    outer loop
      vertex 30.7465 -8 0
      vertex 32.8226 -7.61731 0
      vertex 32.7465 -8 0
    endloop
  endfacet
  facet normal 0 0 -1
    outer loop
      vertex 30.4536 -7.29289 0
      vertex 33.0394 -7.29289 0
      vertex 30.6704 -7.61731 0
    endloop
  endfacet
  facet normal 0 0 -1
    outer loop
      vertex 41.7465 -99.6 0
      vertex 34.7465 -8 0
      vertex 41.7465 99.6 0
    endloop
  endfacet
  facet normal 0 0 -1
    outer loop
      vertex 34.7465 -4 0
      vertex 41.7465 99.6 0
      vertex 34.7465 -8 0
    endloop
  endfacet
  facet normal 0 0 -1
    outer loop
      vertex 34.6704 -8.38268 0
      vertex 35.3115 -93.2673 0
      vertex 35.2082 -92.9492 0
    endloop
  endfacet
  facet normal 0 0 -1
    outer loop
      vertex 34.7465 0 0
      vertex 41.7465 99.6 0
      vertex 34.7465 -4 0
    endloop
  endfacet
  facet normal 0 0 -1
    outer loop
      vertex 34.6704 -8.38268 0
      vertex 35.2082 -92.9492 0
      vertex 35.0409 -92.6595 0
    endloop
  endfacet
  facet normal 0 0 -1
    outer loop
      vertex 34.7465 4 0
      vertex 41.7465 99.6 0
      vertex 34.7465 0 0
    endloop
  endfacet
  facet normal 0 0 -1
    outer loop
      vertex 34.4536 -8.70709 0
      vertex 35.0409 -92.6595 0
      vertex 34.8171 -92.411 0
    endloop
  endfacet
  facet normal 0 0 -1
    outer loop
      vertex 34.7465 8 0
      vertex 41.7465 99.6 0
      vertex 34.7465 4 0
    endloop
  endfacet
  facet normal 0 0 -1
    outer loop
      vertex 34.6704 8.38268 0
      vertex 41.7465 99.6 0
      vertex 34.7465 8 0
    endloop
  endfacet
  facet normal 0 0 -1
    outer loop
      vertex 35.3115 -93.2673 0
      vertex 34.6704 -8.38268 0
      vertex 34.7465 -8 0
    endloop
  endfacet
  facet normal 0 0 -1
    outer loop
      vertex 34.4536 -8.70709 0
      vertex 34.8171 -92.411 0
      vertex 34.5465 -92.2144 0
    endloop
  endfacet
  facet normal 0 0 -1
    outer loop
      vertex 35.0409 -92.6595 0
      vertex 34.4536 -8.70709 0
      vertex 34.6704 -8.38268 0
    endloop
  endfacet
  facet normal 0 0 -1
    outer loop
      vertex 34.1292 -8.92387 0
      vertex 34.5465 -92.2144 0
      vertex 34.2409 -92.0783 0
    endloop
  endfacet
  facet normal 0 0 -1
    outer loop
      vertex 34.5465 -92.2144 0
      vertex 34.1292 -8.92387 0
      vertex 34.4536 -8.70709 0
    endloop
  endfacet
  facet normal 0 0 -1
    outer loop
      vertex 33.9137 -92.0088 0
      vertex 34.1292 -8.92387 0
      vertex 34.2409 -92.0783 0
    endloop
  endfacet
  facet normal 0 0 -1
    outer loop
      vertex 33.9137 -92.0088 0
      vertex 33.7465 -9 0
      vertex 34.1292 -8.92387 0
    endloop
  endfacet
  facet normal 0 0 -1
    outer loop
      vertex 33.5793 -92.0088 0
      vertex 33.7465 -9 0
      vertex 33.9137 -92.0088 0
    endloop
  endfacet
  facet normal 0 0 -1
    outer loop
      vertex 33.5793 -92.0088 0
      vertex 33.3638 -8.92387 0
      vertex 33.7465 -9 0
    endloop
  endfacet
  facet normal 0 0 -1
    outer loop
      vertex 33.2521 -92.0783 0
      vertex 33.3638 -8.92387 0
      vertex 33.5793 -92.0088 0
    endloop
  endfacet
  facet normal 0 0 -1
    outer loop
      vertex 30.7465 -8 0
      vertex 33.3638 -8.92387 0
      vertex 33.2521 -92.0783 0
    endloop
  endfacet
  facet normal 0 0 -1
    outer loop
      vertex 30.7465 -8 0
      vertex 33.2521 -92.0783 0
      vertex 32.9465 -92.2144 0
    endloop
  endfacet
  facet normal 0 0 -1
    outer loop
      vertex 33.3638 -8.92387 0
      vertex 30.7465 -8 0
      vertex 33.0394 -8.70709 0
    endloop
  endfacet
  facet normal 0 0 -1
    outer loop
      vertex 33.0394 -8.70709 0
      vertex 30.7465 -8 0
      vertex 32.8226 -8.38268 0
    endloop
  endfacet
  facet normal 0 0 -1
    outer loop
      vertex 32.8226 -4.38268 0
      vertex 30.7465 -4 0
      vertex 32.7465 -4 0
    endloop
  endfacet
  facet normal 0 0 -1
    outer loop
      vertex 33.0394 -0.707092 0
      vertex 30.7465 0 0
      vertex 32.8226 -0.382675 0
    endloop
  endfacet
  facet normal 0 0 -1
    outer loop
      vertex 33.0394 3.29289 0
      vertex 30.7465 4 0
      vertex 32.8226 3.61731 0
    endloop
  endfacet
  facet normal 0 0 -1
    outer loop
      vertex 32.8226 -8.38268 0
      vertex 30.7465 -8 0
      vertex 32.7465 -8 0
    endloop
  endfacet
  facet normal 0 0 -1
    outer loop
      vertex 30.7465 -8 0
      vertex 32.9465 -92.2144 0
      vertex 32.6759 -92.411 0
    endloop
  endfacet
  facet normal 0 0 -1
    outer loop
      vertex 39.7465 -101.6 0
      vertex 41.7465 -99.6 0
      vertex 41.3102 -100.847 0
    endloop
  endfacet
  facet normal 0 0 -1
    outer loop
      vertex 35.3115 -93.2673 0
      vertex 41.7465 -99.6 0
      vertex 35.3465 -93.6 0
    endloop
  endfacet
  facet normal 0 0 -1
    outer loop
      vertex 34.8171 -94.789 0
      vertex 41.7465 -99.6 0
      vertex 39.7465 -101.6 0
    endloop
  endfacet
  facet normal 0 0 -1
    outer loop
      vertex 34.7465 -8 0
      vertex 41.7465 -99.6 0
      vertex 35.3115 -93.2673 0
    endloop
  endfacet
  facet normal 0 0 -1
    outer loop
      vertex 35.3115 93.9326 0
      vertex 41.7465 99.6 0
      vertex 35.3465 93.6 0
    endloop
  endfacet
  facet normal 0 0 -1
    outer loop
      vertex 41.7465 -99.6 0
      vertex 35.3115 -93.9326 0
      vertex 35.3465 -93.6 0
    endloop
  endfacet
  facet normal 0 0 -1
    outer loop
      vertex 41.7465 -99.6 0
      vertex 35.2082 -94.2508 0
      vertex 35.3115 -93.9326 0
    endloop
  endfacet
  facet normal 0 0 -1
    outer loop
      vertex 41.7465 -99.6 0
      vertex 35.0409 -94.5405 0
      vertex 35.2082 -94.2508 0
    endloop
  endfacet
  facet normal 0 0 -1
    outer loop
      vertex 41.7465 -99.6 0
      vertex 34.8171 -94.789 0
      vertex 35.0409 -94.5405 0
    endloop
  endfacet
  facet normal 0 0 -1
    outer loop
      vertex 39.7465 -101.6 0
      vertex 34.5465 -94.9856 0
      vertex 34.8171 -94.789 0
    endloop
  endfacet
  facet normal 0 0 -1
    outer loop
      vertex 39.7465 -101.6 0
      vertex 34.2409 -95.1217 0
      vertex 34.5465 -94.9856 0
    endloop
  endfacet
  facet normal 0 0 -1
    outer loop
      vertex 39.7465 -101.6 0
      vertex 33.9137 -95.1912 0
      vertex 34.2409 -95.1217 0
    endloop
  endfacet
  facet normal 0 0 -1
    outer loop
      vertex 39.7465 -101.6 0
      vertex 33.5793 -95.1912 0
      vertex 33.9137 -95.1912 0
    endloop
  endfacet
  facet normal 0 0 -1
    outer loop
      vertex 39.7465 -101.6 0
      vertex 33.2521 -95.1217 0
      vertex 33.5793 -95.1912 0
    endloop
  endfacet
  facet normal 0 0 -1
    outer loop
      vertex 39.7465 -101.6 0
      vertex 32.9465 -94.9856 0
      vertex 33.2521 -95.1217 0
    endloop
  endfacet
  facet normal 0 0 -1
    outer loop
      vertex 39.7465 -101.6 0
      vertex 32.6759 -94.789 0
      vertex 32.9465 -94.9856 0
    endloop
  endfacet
  facet normal 0 0 -1
    outer loop
      vertex 32.8226 3.61731 0
      vertex 30.7465 4 0
      vertex 32.7465 4 0
    endloop
  endfacet
  facet normal 0 0 -1
    outer loop
      vertex 32.1815 -93.2673 0
      vertex 30.6704 -8.38268 0
      vertex 30.7465 -8 0
    endloop
  endfacet
  facet normal 0 0 -1
    outer loop
      vertex 32.1815 -93.2673 0
      vertex 25.1237 -30.5699 0
      vertex 30.6704 -8.38268 0
    endloop
  endfacet
  facet normal 0 -0 -1
    outer loop
      vertex 25.2 -29.6 0
      vertex 30.6704 -8.38268 0
      vertex 25.1237 -30.5699 0
    endloop
  endfacet
  facet normal 0 0 -1
    outer loop
      vertex 30.6704 -8.38268 0
      vertex 25.2 -29.6 0
      vertex 30.4536 -8.70709 0
    endloop
  endfacet
  facet normal 0 0 -1
    outer loop
      vertex 25.1237 -28.6301 0
      vertex 30.4536 -8.70709 0
      vertex 25.2 -29.6 0
    endloop
  endfacet
  facet normal 0 0 -1
    outer loop
      vertex 24.8965 -27.6841 0
      vertex 30.4536 -8.70709 0
      vertex 25.1237 -28.6301 0
    endloop
  endfacet
  facet normal 0 0 -1
    outer loop
      vertex 30.4536 -8.70709 0
      vertex 24.8965 -27.6841 0
      vertex 30.1292 -8.92387 0
    endloop
  endfacet
  facet normal 0 0 -1
    outer loop
      vertex 29.7465 -9 0
      vertex 25.7465 -9 0
      vertex 29.3638 -8.92387 0
    endloop
  endfacet
  facet normal 0 0 -1
    outer loop
      vertex 28.8226 -4.38268 0
      vertex 26.7465 -4 0
      vertex 28.7465 -4 0
    endloop
  endfacet
  facet normal 0 0 -1
    outer loop
      vertex 29.0394 -0.707092 0
      vertex 26.7465 0 0
      vertex 28.8226 -0.382675 0
    endloop
  endfacet
  facet normal 0 0 -1
    outer loop
      vertex 29.0394 3.29289 0
      vertex 26.7465 4 0
      vertex 28.8226 3.61731 0
    endloop
  endfacet
  facet normal 0 0 -1
    outer loop
      vertex 29.0394 -4.70709 0
      vertex 26.7465 -4 0
      vertex 28.8226 -4.38268 0
    endloop
  endfacet
  facet normal 0 0 -1
    outer loop
      vertex 29.3638 -8.92387 0
      vertex 26.1292 -8.92387 0
      vertex 29.0394 -8.70709 0
    endloop
  endfacet
  facet normal 0 0 -1
    outer loop
      vertex 29.0394 -8.70709 0
      vertex 26.4536 -8.70709 0
      vertex 28.8226 -8.38268 0
    endloop
  endfacet
  facet normal -0 0 -1
    outer loop
      vertex 28.7465 -8 0
      vertex 26.6704 -8.38268 0
      vertex 26.7465 -8 0
    endloop
  endfacet
  facet normal 0 0 -1
    outer loop
      vertex 28.8226 -8.38268 0
      vertex 26.6704 -8.38268 0
      vertex 28.7465 -8 0
    endloop
  endfacet
  facet normal 0 -0 -1
    outer loop
      vertex 26.6704 -8.38268 0
      vertex 28.8226 -8.38268 0
      vertex 26.4536 -8.70709 0
    endloop
  endfacet
  facet normal -0 0 -1
    outer loop
      vertex 29.3638 -8.92387 0
      vertex 25.7465 -9 0
      vertex 26.1292 -8.92387 0
    endloop
  endfacet
  facet normal 0 0 -1
    outer loop
      vertex 24.5242 -26.7852 0
      vertex 30.1292 -8.92387 0
      vertex 24.8965 -27.6841 0
    endloop
  endfacet
  facet normal 0 0 -1
    outer loop
      vertex 2.23358 -78.6743 0
      vertex 32.1465 -93.6 0
      vertex 32.1815 -93.9326 0
    endloop
  endfacet
  facet normal 0 -0 -1
    outer loop
      vertex 26.4536 -8.70709 0
      vertex 29.0394 -8.70709 0
      vertex 26.1292 -8.92387 0
    endloop
  endfacet
  facet normal 0 0 -1
    outer loop
      vertex 32.1815 -93.2673 0
      vertex 24.8965 -31.5159 0
      vertex 25.1237 -30.5699 0
    endloop
  endfacet
  facet normal 0 0 -1
    outer loop
      vertex 32.1815 -93.2673 0
      vertex 24.5242 -32.4147 0
      vertex 24.8965 -31.5159 0
    endloop
  endfacet
  facet normal 0 0 -1
    outer loop
      vertex 32.1815 -93.2673 0
      vertex 24.0159 -33.2443 0
      vertex 24.5242 -32.4147 0
    endloop
  endfacet
  facet normal 0 0 -1
    outer loop
      vertex 32.1815 -93.2673 0
      vertex 23.384 -33.9841 0
      vertex 24.0159 -33.2443 0
    endloop
  endfacet
  facet normal 0 0 -1
    outer loop
      vertex 32.1815 -93.2673 0
      vertex 22.6443 -34.6159 0
      vertex 23.384 -33.9841 0
    endloop
  endfacet
  facet normal 0 0 -1
    outer loop
      vertex 32.1815 -93.2673 0
      vertex 21.8147 -35.1242 0
      vertex 22.6443 -34.6159 0
    endloop
  endfacet
  facet normal 0 0 -1
    outer loop
      vertex 32.1815 -93.2673 0
      vertex 5.52423 -51.4147 0
      vertex 21.8147 -35.1242 0
    endloop
  endfacet
  facet normal 0 0 -1
    outer loop
      vertex 21.8147 -35.1242 0
      vertex 5.52423 -51.4147 0
      vertex 20.9159 -35.4965 0
    endloop
  endfacet
  facet normal 0 -0 -1
    outer loop
      vertex 5.89655 -50.5159 0
      vertex 20.9159 -35.4965 0
      vertex 5.52423 -51.4147 0
    endloop
  endfacet
  facet normal 0 -0 -1
    outer loop
      vertex 6.12366 -49.5699 0
      vertex 19.9699 -35.7237 0
      vertex 5.89655 -50.5159 0
    endloop
  endfacet
  facet normal 0 0 -1
    outer loop
      vertex 19.9699 -35.7237 0
      vertex 6.12366 -49.5699 0
      vertex 19 -35.8 0
    endloop
  endfacet
  facet normal 0 -0 -1
    outer loop
      vertex 6.2 -48.6 0
      vertex 19 -35.8 0
      vertex 6.12366 -49.5699 0
    endloop
  endfacet
  facet normal -0 0 -1
    outer loop
      vertex 19 -35.8 0
      vertex 6.2 -48.6 0
      vertex 18.0301 -35.7237 0
    endloop
  endfacet
  facet normal 0 0 -1
    outer loop
      vertex 6.12366 -47.6301 0
      vertex 18.0301 -35.7237 0
      vertex 6.2 -48.6 0
    endloop
  endfacet
  facet normal 0 0 -1
    outer loop
      vertex 5.89655 -46.6841 0
      vertex 17.0841 -35.4965 0
      vertex 6.12366 -47.6301 0
    endloop
  endfacet
  facet normal -0 0 -1
    outer loop
      vertex 17.0841 -35.4965 0
      vertex 5.89655 -46.6841 0
      vertex 16.1853 -35.1242 0
    endloop
  endfacet
  facet normal 0 0 -1
    outer loop
      vertex 5.52423 -45.7852 0
      vertex 16.1853 -35.1242 0
      vertex 5.89655 -46.6841 0
    endloop
  endfacet
  facet normal 0 0 -1
    outer loop
      vertex 4.38405 -6.21593 0
      vertex 24.7465 0 0
      vertex 5.0159 -6.95572 0
    endloop
  endfacet
  facet normal 0 0 -1
    outer loop
      vertex 24.7465 0 0
      vertex 13.9699 21.4763 0
      vertex 14.9159 21.7034 0
    endloop
  endfacet
  facet normal 0 0 -1
    outer loop
      vertex 3.64426 -5.58409 0
      vertex 24.7465 0 0
      vertex 4.38405 -6.21593 0
    endloop
  endfacet
  facet normal 0 0 -1
    outer loop
      vertex 24.7465 0 0
      vertex 13 21.4 0
      vertex 13.9699 21.4763 0
    endloop
  endfacet
  facet normal 0 0 -1
    outer loop
      vertex 4.38405 -44.2159 0
      vertex 14.6159 -33.9841 0
      vertex 5.0159 -44.9557 0
    endloop
  endfacet
  facet normal -0 0 -1
    outer loop
      vertex 24.7465 0 0
      vertex 3.64426 -5.58409 0
      vertex 13 21.4 0
    endloop
  endfacet
  facet normal -0 0 -1
    outer loop
      vertex 13 21.4 0
      vertex 3.64426 -5.58409 0
      vertex 12.0301 21.4763 0
    endloop
  endfacet
  facet normal 0 0 -1
    outer loop
      vertex 2.81473 -5.07574 0
      vertex 12.0301 21.4763 0
      vertex 3.64426 -5.58409 0
    endloop
  endfacet
  facet normal -0 0 -1
    outer loop
      vertex 12.0301 21.4763 0
      vertex 2.81473 -5.07574 0
      vertex 11.0841 21.7034 0
    endloop
  endfacet
  facet normal -0 0 -1
    outer loop
      vertex 24.7465 -8 0
      vertex 5.89655 -8.68408 0
      vertex 24.7465 -4 0
    endloop
  endfacet
  facet normal -0 0 -1
    outer loop
      vertex 14.6159 -33.9841 0
      vertex 4.38405 -44.2159 0
      vertex 13.9841 -33.2443 0
    endloop
  endfacet
  facet normal -0 0 -1
    outer loop
      vertex 15.3557 -34.6159 0
      vertex 5.0159 -44.9557 0
      vertex 14.6159 -33.9841 0
    endloop
  endfacet
  facet normal -0 0 -1
    outer loop
      vertex 16.1853 -35.1242 0
      vertex 5.52423 -45.7852 0
      vertex 15.3557 -34.6159 0
    endloop
  endfacet
  facet normal 0 0 -1
    outer loop
      vertex 1.17426 -79.214 0
      vertex 32.1815 -93.9326 0
      vertex 32.2848 -94.2508 0
    endloop
  endfacet
  facet normal 0 0 -1
    outer loop
      vertex 5.0159 -44.9557 0
      vertex 15.3557 -34.6159 0
      vertex 5.52423 -45.7852 0
    endloop
  endfacet
  facet normal 0 0 -1
    outer loop
      vertex 0.594437 -79.3532 0
      vertex 32.2848 -94.2508 0
      vertex 32.4521 -94.5405 0
    endloop
  endfacet
  facet normal -0 0 -1
    outer loop
      vertex 18.0301 -35.7237 0
      vertex 6.12366 -47.6301 0
      vertex 17.0841 -35.4965 0
    endloop
  endfacet
  facet normal 0 0 -1
    outer loop
      vertex 20.9159 -35.4965 0
      vertex 5.89655 -50.5159 0
      vertex 19.9699 -35.7237 0
    endloop
  endfacet
  facet normal 0 0 -1
    outer loop
      vertex 3.7532 -75.0055 0
      vertex 32.1815 -93.2673 0
      vertex 3.79999 -75.6 0
    endloop
  endfacet
  facet normal 0 0 -1
    outer loop
      vertex 3.61401 -74.4257 0
      vertex 32.1815 -93.2673 0
      vertex 3.7532 -75.0055 0
    endloop
  endfacet
  facet normal 0 0 -1
    outer loop
      vertex 32.1815 -93.2673 0
      vertex 3.61401 -74.4257 0
      vertex 5.52423 -51.4147 0
    endloop
  endfacet
  facet normal 0 0 -1
    outer loop
      vertex -32.4521 -94.5405 0
      vertex 32.4521 -94.5405 0
      vertex 32.6759 -94.789 0
    endloop
  endfacet
  facet normal 0 0 -1
    outer loop
      vertex -32.6759 -94.789 0
      vertex 32.6759 -94.789 0
      vertex 39.7465 -101.6 0
    endloop
  endfacet
  facet normal 0 0 -1
    outer loop
      vertex 32.1815 -93.2673 0
      vertex 3.7532 -76.1944 0
      vertex 3.79999 -75.6 0
    endloop
  endfacet
  facet normal 0 0 -1
    outer loop
      vertex 32.1815 -93.2673 0
      vertex 3.61401 -76.7743 0
      vertex 3.7532 -76.1944 0
    endloop
  endfacet
  facet normal 0 0 -1
    outer loop
      vertex 32.1815 -93.2673 0
      vertex 3.38582 -77.3251 0
      vertex 3.61401 -76.7743 0
    endloop
  endfacet
  facet normal 0 0 -1
    outer loop
      vertex 32.1815 -93.2673 0
      vertex 3.07426 -77.8336 0
      vertex 3.38582 -77.3251 0
    endloop
  endfacet
  facet normal 0 0 -1
    outer loop
      vertex 32.1815 -93.2673 0
      vertex 2.687 -78.287 0
      vertex 3.07426 -77.8336 0
    endloop
  endfacet
  facet normal 0 0 -1
    outer loop
      vertex 32.1465 -93.6 0
      vertex 2.23358 -78.6743 0
      vertex 2.687 -78.287 0
    endloop
  endfacet
  facet normal 0 0 -1
    outer loop
      vertex 32.1815 -93.9326 0
      vertex 1.72516 -78.9858 0
      vertex 2.23358 -78.6743 0
    endloop
  endfacet
  facet normal 0 0 -1
    outer loop
      vertex 32.1815 -93.9326 0
      vertex 1.17426 -79.214 0
      vertex 1.72516 -78.9858 0
    endloop
  endfacet
  facet normal 0 0 -1
    outer loop
      vertex 32.2848 -94.2508 0
      vertex 0.594437 -79.3532 0
      vertex 1.17426 -79.214 0
    endloop
  endfacet
  facet normal 0 0 -1
    outer loop
      vertex 32.4521 -94.5405 0
      vertex 0 -79.4 0
      vertex 0.594437 -79.3532 0
    endloop
  endfacet
  facet normal 0 0 -1
    outer loop
      vertex 32.4521 -94.5405 0
      vertex -32.4521 -94.5405 0
      vertex 0 -79.4 0
    endloop
  endfacet
  facet normal -0 0 -1
    outer loop
      vertex 0 -79.4 0
      vertex -32.4521 -94.5405 0
      vertex -0.594437 -79.3532 0
    endloop
  endfacet
  facet normal 0 -0 -1
    outer loop
      vertex -32.2848 -94.2508 0
      vertex -0.594437 -79.3532 0
      vertex -32.4521 -94.5405 0
    endloop
  endfacet
  facet normal 0 0 -1
    outer loop
      vertex -3.07426 -73.3664 0
      vertex -5.0159 -52.2443 0
      vertex -4.38405 -52.9841 0
    endloop
  endfacet
  facet normal 0 0 -1
    outer loop
      vertex -3.61401 -74.4257 0
      vertex -5.52423 -51.4147 0
      vertex -5.0159 -52.2443 0
    endloop
  endfacet
  facet normal -0 0 -1
    outer loop
      vertex -3.61401 -76.7743 0
      vertex -32.6759 -92.411 0
      vertex -3.7532 -76.1944 0
    endloop
  endfacet
  facet normal 0 0 -1
    outer loop
      vertex -32.4521 -92.6595 0
      vertex -3.38582 -77.3251 0
      vertex -32.2848 -92.9492 0
    endloop
  endfacet
  facet normal -0 0 -1
    outer loop
      vertex -3.7532 -76.1944 0
      vertex -32.6759 -92.411 0
      vertex -3.79999 -75.6 0
    endloop
  endfacet
  facet normal 0 0 -1
    outer loop
      vertex -14.6159 -25.2159 0
      vertex -4.38405 -14.9841 0
      vertex -13.9841 -25.9557 0
    endloop
  endfacet
  facet normal 0 0 -1
    outer loop
      vertex -6.2 -10.6 0
      vertex -6.87633 26.6301 0
      vertex -6.79999 27.6 0
    endloop
  endfacet
  facet normal 0 0 -1
    outer loop
      vertex -6.2 -10.6 0
      vertex -7.10344 25.6841 0
      vertex -6.87633 26.6301 0
    endloop
  endfacet
  facet normal 0 0 -1
    outer loop
      vertex -6.2 -10.6 0
      vertex -7.47575 24.7852 0
      vertex -7.10344 25.6841 0
    endloop
  endfacet
  facet normal -0 0 -1
    outer loop
      vertex -4.38405 -14.9841 0
      vertex -14.6159 -25.2159 0
      vertex -5.0159 -14.2443 0
    endloop
  endfacet
  facet normal 0 0 -1
    outer loop
      vertex -6.2 -10.6 0
      vertex -7.98409 23.9557 0
      vertex -7.47575 24.7852 0
    endloop
  endfacet
  facet normal 0 0 -1
    outer loop
      vertex -6.2 -10.6 0
      vertex -8.61594 23.2159 0
      vertex -7.98409 23.9557 0
    endloop
  endfacet
  facet normal 0 0 -1
    outer loop
      vertex -6.2 -10.6 0
      vertex -9.35573 22.5841 0
      vertex -8.61594 23.2159 0
    endloop
  endfacet
  facet normal 0 0 -1
    outer loop
      vertex -6.2 -10.6 0
      vertex -10.1853 22.0757 0
      vertex -9.35573 22.5841 0
    endloop
  endfacet
  facet normal 0 0 -1
    outer loop
      vertex -6.2 -10.6 0
      vertex -11.0841 21.7034 0
      vertex -10.1853 22.0757 0
    endloop
  endfacet
  facet normal 0 0 -1
    outer loop
      vertex -19 -35.8 0
      vertex -6.2 -48.6 0
      vertex -6.12366 -49.5699 0
    endloop
  endfacet
  facet normal 0 0 -1
    outer loop
      vertex -6.2 -10.6 0
      vertex -12.0301 21.4763 0
      vertex -11.0841 21.7034 0
    endloop
  endfacet
  facet normal 0 0 -1
    outer loop
      vertex -5.52423 -51.4147 0
      vertex -21.8147 -35.1242 0
      vertex -5.89655 -50.5159 0
    endloop
  endfacet
  facet normal 0 0 -1
    outer loop
      vertex -0.969879 -42.4763 0
      vertex -12.8763 -30.5699 0
      vertex -12.8 -29.6 0
    endloop
  endfacet
  facet normal 0 0 -1
    outer loop
      vertex -1.91589 -42.7034 0
      vertex -13.1034 -31.5159 0
      vertex -12.8763 -30.5699 0
    endloop
  endfacet
  facet normal 0 0 -1
    outer loop
      vertex -2.81473 -43.0757 0
      vertex -13.4758 -32.4147 0
      vertex -13.1034 -31.5159 0
    endloop
  endfacet
  facet normal 0 0 -1
    outer loop
      vertex -3.64426 -43.5841 0
      vertex -13.9841 -33.2443 0
      vertex -13.4758 -32.4147 0
    endloop
  endfacet
  facet normal 0 0 -1
    outer loop
      vertex -4.38405 -44.2159 0
      vertex -14.6159 -33.9841 0
      vertex -13.9841 -33.2443 0
    endloop
  endfacet
  facet normal -0 0 -1
    outer loop
      vertex -3.07426 -77.8336 0
      vertex -32.2848 -92.9492 0
      vertex -3.38582 -77.3251 0
    endloop
  endfacet
  facet normal 0 0 -1
    outer loop
      vertex -5.0159 -44.9557 0
      vertex -15.3557 -34.6159 0
      vertex -14.6159 -33.9841 0
    endloop
  endfacet
  facet normal 0 0 -1
    outer loop
      vertex -5.52423 -45.7852 0
      vertex -16.1853 -35.1242 0
      vertex -15.3557 -34.6159 0
    endloop
  endfacet
  facet normal 0 0 -1
    outer loop
      vertex -5.89655 -46.6841 0
      vertex -17.0841 -35.4965 0
      vertex -16.1853 -35.1242 0
    endloop
  endfacet
  facet normal 0 0 -1
    outer loop
      vertex -6.12366 -47.6301 0
      vertex -18.0301 -35.7237 0
      vertex -17.0841 -35.4965 0
    endloop
  endfacet
  facet normal 0 0 -1
    outer loop
      vertex -6.2 -48.6 0
      vertex -19 -35.8 0
      vertex -18.0301 -35.7237 0
    endloop
  endfacet
  facet normal 0 0 -1
    outer loop
      vertex -6.12366 -49.5699 0
      vertex -19.9699 -35.7237 0
      vertex -19 -35.8 0
    endloop
  endfacet
  facet normal 0 0 -1
    outer loop
      vertex -6.12366 -49.5699 0
      vertex -20.9159 -35.4965 0
      vertex -19.9699 -35.7237 0
    endloop
  endfacet
  facet normal 0 0 -1
    outer loop
      vertex -32.2848 -92.9492 0
      vertex -3.07426 -77.8336 0
      vertex -32.1815 -93.2673 0
    endloop
  endfacet
  facet normal 0 0 -1
    outer loop
      vertex -5.89655 -50.5159 0
      vertex -20.9159 -35.4965 0
      vertex -6.12366 -49.5699 0
    endloop
  endfacet
  facet normal 0 0 -1
    outer loop
      vertex -5.89655 -50.5159 0
      vertex -21.8147 -35.1242 0
      vertex -20.9159 -35.4965 0
    endloop
  endfacet
  facet normal 0 0 -1
    outer loop
      vertex -32.9465 -92.2144 0
      vertex -3.79999 -75.6 0
      vertex -32.6759 -92.411 0
    endloop
  endfacet
  facet normal -0 0 -1
    outer loop
      vertex -3.79999 -75.6 0
      vertex -32.9465 -92.2144 0
      vertex -3.7532 -75.0055 0
    endloop
  endfacet
  facet normal 0 0 -1
    outer loop
      vertex -33.2521 -92.0783 0
      vertex -3.7532 -75.0055 0
      vertex -32.9465 -92.2144 0
    endloop
  endfacet
  facet normal -0 0 -1
    outer loop
      vertex -5.52423 -51.4147 0
      vertex -33.5793 -92.0088 0
      vertex -21.8147 -35.1242 0
    endloop
  endfacet
  facet normal -0 0 -1
    outer loop
      vertex -3.61401 -74.4257 0
      vertex -33.5793 -92.0088 0
      vertex -5.52423 -51.4147 0
    endloop
  endfacet
  facet normal 0 0 -1
    outer loop
      vertex -33.5793 -92.0088 0
      vertex -3.61401 -74.4257 0
      vertex -33.2521 -92.0783 0
    endloop
  endfacet
  facet normal -0 0 -1
    outer loop
      vertex -3.7532 -75.0055 0
      vertex -33.2521 -92.0783 0
      vertex -3.61401 -74.4257 0
    endloop
  endfacet
  facet normal -0 0 -1
    outer loop
      vertex -2.687 -78.287 0
      vertex -32.1815 -93.2673 0
      vertex -3.07426 -77.8336 0
    endloop
  endfacet
  facet normal 0 0 -1
    outer loop
      vertex -32.1815 -93.2673 0
      vertex -2.687 -78.287 0
      vertex -32.1465 -93.6 0
    endloop
  endfacet
  facet normal -0 0 -1
    outer loop
      vertex -2.23358 -78.6743 0
      vertex -32.1465 -93.6 0
      vertex -2.687 -78.287 0
    endloop
  endfacet
  facet normal -0 0 -1
    outer loop
      vertex -1.72516 -78.9858 0
      vertex -32.1465 -93.6 0
      vertex -2.23358 -78.6743 0
    endloop
  endfacet
  facet normal -0 0 -1
    outer loop
      vertex -0.594437 -79.3532 0
      vertex -32.2848 -94.2508 0
      vertex -1.17426 -79.214 0
    endloop
  endfacet
  facet normal 0 0 -1
    outer loop
      vertex -1.72516 -78.9858 0
      vertex -32.1815 -93.9326 0
      vertex -32.1465 -93.6 0
    endloop
  endfacet
  facet normal -0 0 -1
    outer loop
      vertex -1.17426 -79.214 0
      vertex -32.1815 -93.9326 0
      vertex -1.72516 -78.9858 0
    endloop
  endfacet
  facet normal 0 -0 -1
    outer loop
      vertex -32.1815 -93.9326 0
      vertex -1.17426 -79.214 0
      vertex -32.2848 -94.2508 0
    endloop
  endfacet
  facet normal 0 0 -1
    outer loop
      vertex 32.6759 -94.789 0
      vertex -32.6759 -94.789 0
      vertex -32.4521 -94.5405 0
    endloop
  endfacet
  facet normal 0 0 -1
    outer loop
      vertex -39.7465 -101.6 0
      vertex -32.6759 -94.789 0
      vertex 39.7465 -101.6 0
    endloop
  endfacet
  facet normal 0 0 -1
    outer loop
      vertex -32.6759 -94.789 0
      vertex -39.7465 -101.6 0
      vertex -32.9465 -94.9856 0
    endloop
  endfacet
  facet normal 0 0 -1
    outer loop
      vertex -32.9465 -94.9856 0
      vertex -39.7465 -101.6 0
      vertex -33.2521 -95.1217 0
    endloop
  endfacet
  facet normal 0 0 -1
    outer loop
      vertex -33.2521 -95.1217 0
      vertex -39.7465 -101.6 0
      vertex -33.5793 -95.1912 0
    endloop
  endfacet
  facet normal -0 0 -1
    outer loop
      vertex -35.3115 -93.9326 0
      vertex -41.7465 -99.6 0
      vertex -35.3465 -93.6 0
    endloop
  endfacet
  facet normal -0 0 -1
    outer loop
      vertex -35.2082 -94.2508 0
      vertex -41.7465 -99.6 0
      vertex -35.3115 -93.9326 0
    endloop
  endfacet
  facet normal -0 0 -1
    outer loop
      vertex -35.0409 -94.5405 0
      vertex -41.7465 -99.6 0
      vertex -35.2082 -94.2508 0
    endloop
  endfacet
  facet normal -0 0 -1
    outer loop
      vertex -34.8171 -94.789 0
      vertex -41.7465 -99.6 0
      vertex -35.0409 -94.5405 0
    endloop
  endfacet
  facet normal 0 0 -1
    outer loop
      vertex -41.7465 -99.6 0
      vertex -34.8171 -94.789 0
      vertex -39.7465 -101.6 0
    endloop
  endfacet
  facet normal -0 0 -1
    outer loop
      vertex -34.5465 -94.9856 0
      vertex -39.7465 -101.6 0
      vertex -34.8171 -94.789 0
    endloop
  endfacet
  facet normal -0 0 -1
    outer loop
      vertex -34.2409 -95.1217 0
      vertex -39.7465 -101.6 0
      vertex -34.5465 -94.9856 0
    endloop
  endfacet
  facet normal -0 0 -1
    outer loop
      vertex -33.9137 -95.1912 0
      vertex -39.7465 -101.6 0
      vertex -34.2409 -95.1217 0
    endloop
  endfacet
  facet normal -0 0 -1
    outer loop
      vertex -33.5793 -95.1912 0
      vertex -39.7465 -101.6 0
      vertex -33.9137 -95.1912 0
    endloop
  endfacet
  facet normal 0 0 -1
    outer loop
      vertex 35.2082 94.2508 0
      vertex 41.7465 99.6 0
      vertex 35.3115 93.9326 0
    endloop
  endfacet
  facet normal 0 0 -1
    outer loop
      vertex 35.0409 94.5405 0
      vertex 41.7465 99.6 0
      vertex 35.2082 94.2508 0
    endloop
  endfacet
  facet normal 0 0 -1
    outer loop
      vertex 34.8171 94.789 0
      vertex 41.7465 99.6 0
      vertex 35.0409 94.5405 0
    endloop
  endfacet
  facet normal 0 0 -1
    outer loop
      vertex 41.7465 99.6 0
      vertex 39.7465 101.6 0
      vertex 40.9935 101.164 0
    endloop
  endfacet
  facet normal -0 0 -1
    outer loop
      vertex 41.7465 99.6 0
      vertex 34.8171 94.789 0
      vertex 39.7465 101.6 0
    endloop
  endfacet
  facet normal 0 0 -1
    outer loop
      vertex 34.5465 94.9856 0
      vertex 39.7465 101.6 0
      vertex 34.8171 94.789 0
    endloop
  endfacet
  facet normal 0 0 -1
    outer loop
      vertex 34.2409 95.1217 0
      vertex 39.7465 101.6 0
      vertex 34.5465 94.9856 0
    endloop
  endfacet
  facet normal 0 0 -1
    outer loop
      vertex 33.9137 95.1912 0
      vertex 39.7465 101.6 0
      vertex 34.2409 95.1217 0
    endloop
  endfacet
  facet normal 0 0 -1
    outer loop
      vertex 33.5793 95.1912 0
      vertex 39.7465 101.6 0
      vertex 33.9137 95.1912 0
    endloop
  endfacet
  facet normal 0 0 -1
    outer loop
      vertex 33.2521 95.1217 0
      vertex 39.7465 101.6 0
      vertex 33.5793 95.1912 0
    endloop
  endfacet
  facet normal 0 0 -1
    outer loop
      vertex 32.9465 94.9856 0
      vertex 39.7465 101.6 0
      vertex 33.2521 95.1217 0
    endloop
  endfacet
  facet normal 0 0 -1
    outer loop
      vertex 32.6759 94.789 0
      vertex 39.7465 101.6 0
      vertex 32.9465 94.9856 0
    endloop
  endfacet
  facet normal 0 0 -1
    outer loop
      vertex 33.0394 7.29289 0
      vertex 30.7465 8 0
      vertex 32.8226 7.61731 0
    endloop
  endfacet
  facet normal 0 0 -1
    outer loop
      vertex 32.8226 7.61731 0
      vertex 30.7465 8 0
      vertex 32.7465 8 0
    endloop
  endfacet
  facet normal 0 0 -1
    outer loop
      vertex 30.6704 8.38268 0
      vertex 32.7465 8 0
      vertex 30.7465 8 0
    endloop
  endfacet
  facet normal 0 0 -1
    outer loop
      vertex 30.4536 8.70709 0
      vertex 32.7465 8 0
      vertex 30.6704 8.38268 0
    endloop
  endfacet
  facet normal 0 0 -1
    outer loop
      vertex 32.7465 8 0
      vertex 18.5 54.6 0
      vertex 32.1815 93.2673 0
    endloop
  endfacet
  facet normal 0 0 -1
    outer loop
      vertex 30.1292 8.92387 0
      vertex 32.7465 8 0
      vertex 30.4536 8.70709 0
    endloop
  endfacet
  facet normal 0 0 -1
    outer loop
      vertex 32.7465 8 0
      vertex 30.1292 8.92387 0
      vertex 19.2 27.6 0
    endloop
  endfacet
  facet normal 0 0 -1
    outer loop
      vertex 19.1237 26.6301 0
      vertex 30.1292 8.92387 0
      vertex 29.7465 9 0
    endloop
  endfacet
  facet normal 0 0 -1
    outer loop
      vertex 25.7465 9 0
      vertex 29.7465 9 0
      vertex 29.3638 8.92387 0
    endloop
  endfacet
  facet normal 0 0 -1
    outer loop
      vertex 26.1292 8.92387 0
      vertex 29.3638 8.92387 0
      vertex 29.0394 8.70709 0
    endloop
  endfacet
  facet normal 0 0 -1
    outer loop
      vertex 26.4536 8.70709 0
      vertex 29.0394 8.70709 0
      vertex 28.8226 8.38268 0
    endloop
  endfacet
  facet normal 0 0 -1
    outer loop
      vertex 26.6704 8.38268 0
      vertex 28.8226 8.38268 0
      vertex 28.7465 8 0
    endloop
  endfacet
  facet normal 0 0 -1
    outer loop
      vertex 28.8226 -0.382675 0
      vertex 26.7465 0 0
      vertex 28.7465 0 0
    endloop
  endfacet
  facet normal 0 0 -1
    outer loop
      vertex 28.8226 3.61731 0
      vertex 26.7465 4 0
      vertex 28.7465 4 0
    endloop
  endfacet
  facet normal 0 0 -1
    outer loop
      vertex 29.0394 7.29289 0
      vertex 26.7465 8 0
      vertex 28.8226 7.61731 0
    endloop
  endfacet
  facet normal 0 0 -1
    outer loop
      vertex 28.8226 7.61731 0
      vertex 26.7465 8 0
      vertex 28.7465 8 0
    endloop
  endfacet
  facet normal 0 0 -1
    outer loop
      vertex 26.6704 8.38268 0
      vertex 28.7465 8 0
      vertex 26.7465 8 0
    endloop
  endfacet
  facet normal 0 0 -1
    outer loop
      vertex 28.8226 8.38268 0
      vertex 26.6704 8.38268 0
      vertex 26.4536 8.70709 0
    endloop
  endfacet
  facet normal 0 0 -1
    outer loop
      vertex 29.0394 8.70709 0
      vertex 26.4536 8.70709 0
      vertex 26.1292 8.92387 0
    endloop
  endfacet
  facet normal 0 0 -1
    outer loop
      vertex 25.7465 9 0
      vertex 29.3638 8.92387 0
      vertex 26.1292 8.92387 0
    endloop
  endfacet
  facet normal 0 0 -1
    outer loop
      vertex 19.1237 26.6301 0
      vertex 29.7465 9 0
      vertex 25.7465 9 0
    endloop
  endfacet
  facet normal 0 0 -1
    outer loop
      vertex 19.1237 26.6301 0
      vertex 25.7465 9 0
      vertex 25.3638 8.92387 0
    endloop
  endfacet
  facet normal 0 0 -1
    outer loop
      vertex 19.1237 26.6301 0
      vertex 25.3638 8.92387 0
      vertex 25.0394 8.70709 0
    endloop
  endfacet
  facet normal 0 0 -1
    outer loop
      vertex 19.1237 26.6301 0
      vertex 25.0394 8.70709 0
      vertex 24.8226 8.38268 0
    endloop
  endfacet
  facet normal 0 0 -1
    outer loop
      vertex 19.1237 26.6301 0
      vertex 24.8226 8.38268 0
      vertex 24.7465 8 0
    endloop
  endfacet
  facet normal -0 0 -1
    outer loop
      vertex 25.7465 -9 0
      vertex 20.9159 -23.7034 0
      vertex 25.3638 -8.92387 0
    endloop
  endfacet
  facet normal 0 0 -1
    outer loop
      vertex 19.9699 -23.4763 0
      vertex 25.3638 -8.92387 0
      vertex 20.9159 -23.7034 0
    endloop
  endfacet
  facet normal -0 0 -1
    outer loop
      vertex 25.3638 -8.92387 0
      vertex 19.9699 -23.4763 0
      vertex 25.0394 -8.70709 0
    endloop
  endfacet
  facet normal 0 0 -1
    outer loop
      vertex 19 -23.4 0
      vertex 25.0394 -8.70709 0
      vertex 19.9699 -23.4763 0
    endloop
  endfacet
  facet normal 0 0 -1
    outer loop
      vertex 18.0301 -23.4763 0
      vertex 25.0394 -8.70709 0
      vertex 19 -23.4 0
    endloop
  endfacet
  facet normal 0 0 -1
    outer loop
      vertex 19.1237 26.6301 0
      vertex 24.7465 4 0
      vertex 24.7465 0 0
    endloop
  endfacet
  facet normal 0 0 -1
    outer loop
      vertex 19.1237 26.6301 0
      vertex 24.7465 8 0
      vertex 24.7465 4 0
    endloop
  endfacet
  facet normal 0 0 -1
    outer loop
      vertex 32.7465 8 0
      vertex 19.2 27.6 0
      vertex 19.1237 28.5699 0
    endloop
  endfacet
  facet normal 0 0 -1
    outer loop
      vertex 32.7465 8 0
      vertex 19.1237 28.5699 0
      vertex 18.8965 29.5159 0
    endloop
  endfacet
  facet normal 0 0 -1
    outer loop
      vertex 18.4235 55.3277 0
      vertex 32.1815 93.2673 0
      vertex 18.5 54.6 0
    endloop
  endfacet
  facet normal 0 0 -1
    outer loop
      vertex 18.4235 53.8723 0
      vertex 32.7465 8 0
      vertex 18.8965 29.5159 0
    endloop
  endfacet
  facet normal 0 0 -1
    outer loop
      vertex 18.1974 53.1764 0
      vertex 18.8965 29.5159 0
      vertex 18.5242 30.4147 0
    endloop
  endfacet
  facet normal 0 0 -1
    outer loop
      vertex 18.1974 56.0236 0
      vertex 32.1815 93.2673 0
      vertex 18.4235 55.3277 0
    endloop
  endfacet
  facet normal 0 0 -1
    outer loop
      vertex 17.8316 56.6572 0
      vertex 32.1815 93.2673 0
      vertex 18.1974 56.0236 0
    endloop
  endfacet
  facet normal 0 0 -1
    outer loop
      vertex 17.3419 57.201 0
      vertex 32.1815 93.2673 0
      vertex 17.8316 56.6572 0
    endloop
  endfacet
  facet normal 0 0 -1
    outer loop
      vertex 16.75 57.6311 0
      vertex 32.1815 93.2673 0
      vertex 17.3419 57.201 0
    endloop
  endfacet
  facet normal 0 0 -1
    outer loop
      vertex 16.0816 57.9287 0
      vertex 32.1815 93.2673 0
      vertex 16.75 57.6311 0
    endloop
  endfacet
  facet normal 0 0 -1
    outer loop
      vertex 3.79999 75.6 0
      vertex 32.1815 93.2673 0
      vertex 16.0816 57.9287 0
    endloop
  endfacet
  facet normal 0 0 -1
    outer loop
      vertex 3.7532 76.1944 0
      vertex 32.1815 93.2673 0
      vertex 3.79999 75.6 0
    endloop
  endfacet
  facet normal 0 0 -1
    outer loop
      vertex 3.61401 76.7743 0
      vertex 32.1815 93.2673 0
      vertex 3.7532 76.1944 0
    endloop
  endfacet
  facet normal 0 0 -1
    outer loop
      vertex 3.7532 75.0055 0
      vertex 16.0816 57.9287 0
      vertex 15.3658 58.0808 0
    endloop
  endfacet
  facet normal 0 0 -1
    outer loop
      vertex 3.7532 75.0055 0
      vertex 15.3658 58.0808 0
      vertex 14.6341 58.0808 0
    endloop
  endfacet
  facet normal 0 0 -1
    outer loop
      vertex 3.7532 75.0055 0
      vertex 14.6341 58.0808 0
      vertex 13.9184 57.9287 0
    endloop
  endfacet
  facet normal 0 0 -1
    outer loop
      vertex 3.7532 75.0055 0
      vertex 13.9184 57.9287 0
      vertex 13.25 57.6311 0
    endloop
  endfacet
  facet normal 0 0 -1
    outer loop
      vertex 3.7532 75.0055 0
      vertex 13.25 57.6311 0
      vertex 12.658 57.201 0
    endloop
  endfacet
  facet normal 0 0 -1
    outer loop
      vertex 3.7532 75.0055 0
      vertex 12.658 57.201 0
      vertex 12.1684 56.6572 0
    endloop
  endfacet
  facet normal 0 0 -1
    outer loop
      vertex 3.7532 75.0055 0
      vertex 12.1684 56.6572 0
      vertex 11.8026 56.0236 0
    endloop
  endfacet
  facet normal -0 0 -1
    outer loop
      vertex 12.1684 52.5427 0
      vertex 8.61594 31.9841 0
      vertex 11.8026 53.1764 0
    endloop
  endfacet
  facet normal 0 0 -1
    outer loop
      vertex 7.98409 31.2443 0
      vertex 11.8026 53.1764 0
      vertex 8.61594 31.9841 0
    endloop
  endfacet
  facet normal -0 0 -1
    outer loop
      vertex 11.8026 53.1764 0
      vertex 7.98409 31.2443 0
      vertex 11.5765 53.8723 0
    endloop
  endfacet
  facet normal 0 0 -1
    outer loop
      vertex 7.47575 30.4147 0
      vertex 11.5765 53.8723 0
      vertex 7.98409 31.2443 0
    endloop
  endfacet
  facet normal -0 0 -1
    outer loop
      vertex 11.5765 53.8723 0
      vertex 7.47575 30.4147 0
      vertex 11.5 54.6 0
    endloop
  endfacet
  facet normal 0 0 -1
    outer loop
      vertex 3.7532 75.0055 0
      vertex 11.5 54.6 0
      vertex 7.47575 30.4147 0
    endloop
  endfacet
  facet normal 0 0 -1
    outer loop
      vertex 3.7532 75.0055 0
      vertex 7.47575 30.4147 0
      vertex 7.10344 29.5159 0
    endloop
  endfacet
  facet normal 0 0 -1
    outer loop
      vertex 3.7532 75.0055 0
      vertex 7.10344 29.5159 0
      vertex 6.87633 28.5699 0
    endloop
  endfacet
  facet normal 0 0 -1
    outer loop
      vertex 1.91589 -4.70345 0
      vertex 11.0841 21.7034 0
      vertex 2.81473 -5.07574 0
    endloop
  endfacet
  facet normal -0 0 -1
    outer loop
      vertex 11.0841 21.7034 0
      vertex 1.91589 -4.70345 0
      vertex 10.1853 22.0757 0
    endloop
  endfacet
  facet normal 0 0 -1
    outer loop
      vertex 0.969879 -4.47632 0
      vertex 10.1853 22.0757 0
      vertex 1.91589 -4.70345 0
    endloop
  endfacet
  facet normal -0 0 -1
    outer loop
      vertex 10.1853 22.0757 0
      vertex 0.969879 -4.47632 0
      vertex 9.35573 22.5841 0
    endloop
  endfacet
  facet normal 0 0 -1
    outer loop
      vertex 0 -4.39999 0
      vertex 9.35573 22.5841 0
      vertex 0.969879 -4.47632 0
    endloop
  endfacet
  facet normal -0 0 -1
    outer loop
      vertex 9.35573 22.5841 0
      vertex 0 -4.39999 0
      vertex 8.61594 23.2159 0
    endloop
  endfacet
  facet normal 0 0 -1
    outer loop
      vertex -0.969879 -4.47632 0
      vertex 8.61594 23.2159 0
      vertex 0 -4.39999 0
    endloop
  endfacet
  facet normal 0 0 -1
    outer loop
      vertex 3.7532 75.0055 0
      vertex 6.87633 28.5699 0
      vertex 6.79999 27.6 0
    endloop
  endfacet
  facet normal 0 0 -1
    outer loop
      vertex 3.7532 75.0055 0
      vertex 11.5765 55.3277 0
      vertex 11.5 54.6 0
    endloop
  endfacet
  facet normal 0 0 -1
    outer loop
      vertex 3.7532 75.0055 0
      vertex 11.8026 56.0236 0
      vertex 11.5765 55.3277 0
    endloop
  endfacet
  facet normal 0 0 -1
    outer loop
      vertex 3.38582 77.3251 0
      vertex 32.1815 93.2673 0
      vertex 3.61401 76.7743 0
    endloop
  endfacet
  facet normal 0 0 -1
    outer loop
      vertex 3.07426 77.8336 0
      vertex 32.1815 93.2673 0
      vertex 3.38582 77.3251 0
    endloop
  endfacet
  facet normal 0 0 -1
    outer loop
      vertex 2.687 78.287 0
      vertex 32.1815 93.2673 0
      vertex 3.07426 77.8336 0
    endloop
  endfacet
  facet normal -0 0 -1
    outer loop
      vertex 32.1815 93.2673 0
      vertex 2.687 78.287 0
      vertex 32.1465 93.6 0
    endloop
  endfacet
  facet normal 0 0 -1
    outer loop
      vertex 2.23358 78.6743 0
      vertex 32.1465 93.6 0
      vertex 2.687 78.287 0
    endloop
  endfacet
  facet normal -0 0 -1
    outer loop
      vertex 32.1465 93.6 0
      vertex 2.23358 78.6743 0
      vertex 32.1815 93.9326 0
    endloop
  endfacet
  facet normal 0 0 -1
    outer loop
      vertex 1.72516 78.9858 0
      vertex 32.1815 93.9326 0
      vertex 2.23358 78.6743 0
    endloop
  endfacet
  facet normal 0 0 -1
    outer loop
      vertex 1.17426 79.214 0
      vertex 32.1815 93.9326 0
      vertex 1.72516 78.9858 0
    endloop
  endfacet
  facet normal -0 0 -1
    outer loop
      vertex 32.1815 93.9326 0
      vertex 1.17426 79.214 0
      vertex 32.2848 94.2508 0
    endloop
  endfacet
  facet normal 0 0 -1
    outer loop
      vertex 0.594437 79.3532 0
      vertex 32.2848 94.2508 0
      vertex 1.17426 79.214 0
    endloop
  endfacet
  facet normal -0 0 -1
    outer loop
      vertex 32.2848 94.2508 0
      vertex 0.594437 79.3532 0
      vertex 32.4521 94.5405 0
    endloop
  endfacet
  facet normal 0 0 -1
    outer loop
      vertex 0 79.4 0
      vertex 32.4521 94.5405 0
      vertex 0.594437 79.3532 0
    endloop
  endfacet
  facet normal 0 0 -1
    outer loop
      vertex -32.4521 94.5405 0
      vertex 32.4521 94.5405 0
      vertex 0 79.4 0
    endloop
  endfacet
  facet normal 0 0 -1
    outer loop
      vertex 32.4521 94.5405 0
      vertex -32.4521 94.5405 0
      vertex 32.6759 94.789 0
    endloop
  endfacet
  facet normal 0 0 -1
    outer loop
      vertex -32.4521 94.5405 0
      vertex 0 79.4 0
      vertex -0.594437 79.3532 0
    endloop
  endfacet
  facet normal 0 0 -1
    outer loop
      vertex -32.2848 94.2508 0
      vertex -0.594437 79.3532 0
      vertex -1.17426 79.214 0
    endloop
  endfacet
  facet normal 0 0 -1
    outer loop
      vertex -32.1815 93.9326 0
      vertex -1.17426 79.214 0
      vertex -1.72516 78.9858 0
    endloop
  endfacet
  facet normal 0 0 -1
    outer loop
      vertex -6.79999 27.6 0
      vertex -4.38405 -6.21593 0
      vertex -5.0159 -6.95572 0
    endloop
  endfacet
  facet normal 0 0 -1
    outer loop
      vertex -6.79999 27.6 0
      vertex -5.0159 -6.95572 0
      vertex -5.52423 -7.78525 0
    endloop
  endfacet
  facet normal 0 0 -1
    outer loop
      vertex -6.79999 27.6 0
      vertex -5.52423 -7.78525 0
      vertex -5.89655 -8.68408 0
    endloop
  endfacet
  facet normal 0 0 -1
    outer loop
      vertex -6.79999 27.6 0
      vertex -5.89655 -8.68408 0
      vertex -6.12366 -9.6301 0
    endloop
  endfacet
  facet normal 0 0 -1
    outer loop
      vertex -6.79999 27.6 0
      vertex -6.12366 -9.6301 0
      vertex -6.2 -10.6 0
    endloop
  endfacet
  facet normal -0 0 -1
    outer loop
      vertex -1.17426 71.986 0
      vertex -12.1684 56.6572 0
      vertex -1.72516 72.2142 0
    endloop
  endfacet
  facet normal 0 0 -1
    outer loop
      vertex -12.658 57.201 0
      vertex -1.72516 72.2142 0
      vertex -12.1684 56.6572 0
    endloop
  endfacet
  facet normal -0 0 -1
    outer loop
      vertex -1.72516 72.2142 0
      vertex -12.658 57.201 0
      vertex -2.23358 72.5257 0
    endloop
  endfacet
  facet normal 0 0 -1
    outer loop
      vertex -13.25 57.6311 0
      vertex -2.23358 72.5257 0
      vertex -12.658 57.201 0
    endloop
  endfacet
  facet normal -0 0 -1
    outer loop
      vertex -2.23358 72.5257 0
      vertex -13.25 57.6311 0
      vertex -2.687 72.913 0
    endloop
  endfacet
  facet normal 0 0 -1
    outer loop
      vertex -11.5765 55.3277 0
      vertex 0.594437 71.8468 0
      vertex -11.5 54.6 0
    endloop
  endfacet
  facet normal 0 0 -1
    outer loop
      vertex -11.5765 53.8723 0
      vertex 6.79999 27.6 0
      vertex -8.61594 31.9841 0
    endloop
  endfacet
  facet normal 0 0 -1
    outer loop
      vertex -11.5765 53.8723 0
      vertex -8.61594 31.9841 0
      vertex -9.35573 32.6159 0
    endloop
  endfacet
  facet normal 0 0 -1
    outer loop
      vertex -11.5765 53.8723 0
      vertex -9.35573 32.6159 0
      vertex -10.1853 33.1242 0
    endloop
  endfacet
  facet normal 0 0 -1
    outer loop
      vertex -12.658 51.999 0
      vertex -10.1853 33.1242 0
      vertex -11.0841 33.4965 0
    endloop
  endfacet
  facet normal 0 0 -1
    outer loop
      vertex -13.9184 57.9287 0
      vertex -2.687 72.913 0
      vertex -13.25 57.6311 0
    endloop
  endfacet
  facet normal -0 0 -1
    outer loop
      vertex -2.687 72.913 0
      vertex -13.9184 57.9287 0
      vertex -3.07426 73.3664 0
    endloop
  endfacet
  facet normal -0 0 -1
    outer loop
      vertex -3.07426 73.3664 0
      vertex -13.9184 57.9287 0
      vertex -3.38582 73.8748 0
    endloop
  endfacet
  facet normal 0 0 -1
    outer loop
      vertex -14.6341 58.0808 0
      vertex -3.38582 73.8748 0
      vertex -13.9184 57.9287 0
    endloop
  endfacet
  facet normal -0 0 -1
    outer loop
      vertex -3.38582 73.8748 0
      vertex -14.6341 58.0808 0
      vertex -3.61401 74.4257 0
    endloop
  endfacet
  facet normal 0 0 -1
    outer loop
      vertex -15.3658 58.0808 0
      vertex -3.61401 74.4257 0
      vertex -14.6341 58.0808 0
    endloop
  endfacet
  facet normal -0 0 -1
    outer loop
      vertex -3.61401 74.4257 0
      vertex -15.3658 58.0808 0
      vertex -3.7532 75.0055 0
    endloop
  endfacet
  facet normal 0 0 -1
    outer loop
      vertex -16.0816 57.9287 0
      vertex -3.7532 75.0055 0
      vertex -15.3658 58.0808 0
    endloop
  endfacet
  facet normal -0 0 -1
    outer loop
      vertex -3.7532 75.0055 0
      vertex -16.0816 57.9287 0
      vertex -3.79999 75.6 0
    endloop
  endfacet
  facet normal 0 0 -1
    outer loop
      vertex -32.1465 93.6 0
      vertex -3.79999 75.6 0
      vertex -16.0816 57.9287 0
    endloop
  endfacet
  facet normal 0 0 -1
    outer loop
      vertex -3.79999 75.6 0
      vertex -32.1465 93.6 0
      vertex -3.7532 76.1944 0
    endloop
  endfacet
  facet normal 0 0 -1
    outer loop
      vertex -3.7532 76.1944 0
      vertex -32.1465 93.6 0
      vertex -3.61401 76.7743 0
    endloop
  endfacet
  facet normal 0 0 -1
    outer loop
      vertex -3.61401 76.7743 0
      vertex -32.1465 93.6 0
      vertex -3.38582 77.3251 0
    endloop
  endfacet
  facet normal 0 0 -1
    outer loop
      vertex -32.1465 93.6 0
      vertex -16.0816 57.9287 0
      vertex -16.75 57.6311 0
    endloop
  endfacet
  facet normal 0 0 -1
    outer loop
      vertex -32.1465 93.6 0
      vertex -16.75 57.6311 0
      vertex -17.3419 57.201 0
    endloop
  endfacet
  facet normal 0 0 -1
    outer loop
      vertex -32.1465 93.6 0
      vertex -17.3419 57.201 0
      vertex -17.8316 56.6572 0
    endloop
  endfacet
  facet normal 0 0 -1
    outer loop
      vertex -19.1237 28.5699 0
      vertex -18.4235 53.8723 0
      vertex -18.8965 29.5159 0
    endloop
  endfacet
  facet normal -0 0 -1
    outer loop
      vertex -18.4235 53.8723 0
      vertex -19.1237 28.5699 0
      vertex -18.5 54.6 0
    endloop
  endfacet
  facet normal 0 0 -1
    outer loop
      vertex -32.1465 93.6 0
      vertex -19.1237 28.5699 0
      vertex -19.2 27.6 0
    endloop
  endfacet
  facet normal -0 0 -1
    outer loop
      vertex -18.0159 23.9557 0
      vertex -23.384 -25.2159 0
      vertex -18.5242 24.7852 0
    endloop
  endfacet
  facet normal 0 0 -1
    outer loop
      vertex -24.0159 -25.9557 0
      vertex -18.5242 24.7852 0
      vertex -23.384 -25.2159 0
    endloop
  endfacet
  facet normal -0 0 -1
    outer loop
      vertex -18.5242 24.7852 0
      vertex -24.0159 -25.9557 0
      vertex -18.8965 25.6841 0
    endloop
  endfacet
  facet normal 0 0 -1
    outer loop
      vertex -24.5242 -26.7852 0
      vertex -18.8965 25.6841 0
      vertex -24.0159 -25.9557 0
    endloop
  endfacet
  facet normal -0 0 -1
    outer loop
      vertex -18.8965 25.6841 0
      vertex -24.5242 -26.7852 0
      vertex -19.1237 26.6301 0
    endloop
  endfacet
  facet normal 0 0 -1
    outer loop
      vertex -24.8965 -27.6841 0
      vertex -19.1237 26.6301 0
      vertex -24.5242 -26.7852 0
    endloop
  endfacet
  facet normal -0 0 -1
    outer loop
      vertex -19.1237 26.6301 0
      vertex -24.8965 -27.6841 0
      vertex -19.2 27.6 0
    endloop
  endfacet
  facet normal 0 0 -1
    outer loop
      vertex -32.1465 93.6 0
      vertex -19.2 27.6 0
      vertex -24.8965 -27.6841 0
    endloop
  endfacet
  facet normal 0 0 -1
    outer loop
      vertex -32.1465 93.6 0
      vertex -24.8965 -27.6841 0
      vertex -25.1237 -28.6301 0
    endloop
  endfacet
  facet normal 0 0 -1
    outer loop
      vertex -33.9137 -92.0088 0
      vertex -21.8147 -35.1242 0
      vertex -33.5793 -92.0088 0
    endloop
  endfacet
  facet normal 0 0 -1
    outer loop
      vertex -25.2 -29.6 0
      vertex -32.1465 93.6 0
      vertex -25.1237 -28.6301 0
    endloop
  endfacet
  facet normal 0 0 -1
    outer loop
      vertex -19.1237 28.5699 0
      vertex -32.1465 93.6 0
      vertex -18.5 54.6 0
    endloop
  endfacet
  facet normal 0 0 -1
    outer loop
      vertex -32.1465 93.6 0
      vertex -18.4235 55.3277 0
      vertex -18.5 54.6 0
    endloop
  endfacet
  facet normal 0 0 -1
    outer loop
      vertex -32.1465 93.6 0
      vertex -18.1974 56.0236 0
      vertex -18.4235 55.3277 0
    endloop
  endfacet
  facet normal 0 0 -1
    outer loop
      vertex -32.1465 93.6 0
      vertex -17.8316 56.6572 0
      vertex -18.1974 56.0236 0
    endloop
  endfacet
  facet normal 0 0 -1
    outer loop
      vertex -3.38582 77.3251 0
      vertex -32.1465 93.6 0
      vertex -3.07426 77.8336 0
    endloop
  endfacet
  facet normal 0 0 -1
    outer loop
      vertex -32.1465 93.6 0
      vertex -2.687 78.287 0
      vertex -3.07426 77.8336 0
    endloop
  endfacet
  facet normal 0 0 -1
    outer loop
      vertex -32.1465 93.6 0
      vertex -2.23358 78.6743 0
      vertex -2.687 78.287 0
    endloop
  endfacet
  facet normal 0 0 -1
    outer loop
      vertex -32.1465 93.6 0
      vertex -1.72516 78.9858 0
      vertex -2.23358 78.6743 0
    endloop
  endfacet
  facet normal 0 0 -1
    outer loop
      vertex -32.1815 93.9326 0
      vertex -1.72516 78.9858 0
      vertex -32.1465 93.6 0
    endloop
  endfacet
  facet normal 0 0 -1
    outer loop
      vertex -1.17426 79.214 0
      vertex -32.1815 93.9326 0
      vertex -32.2848 94.2508 0
    endloop
  endfacet
  facet normal 0 0 -1
    outer loop
      vertex -0.594437 79.3532 0
      vertex -32.2848 94.2508 0
      vertex -32.4521 94.5405 0
    endloop
  endfacet
  facet normal 0 0 -1
    outer loop
      vertex -32.6759 94.789 0
      vertex 32.6759 94.789 0
      vertex -32.4521 94.5405 0
    endloop
  endfacet
  facet normal 0 0 -1
    outer loop
      vertex 32.6759 94.789 0
      vertex -32.6759 94.789 0
      vertex 39.7465 101.6 0
    endloop
  endfacet
  facet normal 0 0 -1
    outer loop
      vertex -39.7465 101.6 0
      vertex -32.6759 94.789 0
      vertex -32.9465 94.9856 0
    endloop
  endfacet
  facet normal 0 0 -1
    outer loop
      vertex -39.7465 101.6 0
      vertex -32.9465 94.9856 0
      vertex -33.2521 95.1217 0
    endloop
  endfacet
  facet normal 0 0 -1
    outer loop
      vertex -39.7465 101.6 0
      vertex -33.2521 95.1217 0
      vertex -33.5793 95.1912 0
    endloop
  endfacet
  facet normal 0 0 -1
    outer loop
      vertex -39.7465 101.6 0
      vertex -33.5793 95.1912 0
      vertex -33.9137 95.1912 0
    endloop
  endfacet
  facet normal 0 0 -1
    outer loop
      vertex -32.6759 94.789 0
      vertex -39.7465 101.6 0
      vertex 39.7465 101.6 0
    endloop
  endfacet
  facet normal 0 0 -1
    outer loop
      vertex -34.2409 95.1217 0
      vertex -39.7465 101.6 0
      vertex -33.9137 95.1912 0
    endloop
  endfacet
  facet normal 0 0 -1
    outer loop
      vertex -34.5465 94.9856 0
      vertex -39.7465 101.6 0
      vertex -34.2409 95.1217 0
    endloop
  endfacet
  facet normal 0 0 -1
    outer loop
      vertex -34.8171 94.789 0
      vertex -39.7465 101.6 0
      vertex -34.5465 94.9856 0
    endloop
  endfacet
  facet normal 0 0 -1
    outer loop
      vertex -41.7465 99.6 0
      vertex -34.8171 94.789 0
      vertex -35.0409 94.5405 0
    endloop
  endfacet
  facet normal 0 0 -1
    outer loop
      vertex -41.7465 99.6 0
      vertex -35.0409 94.5405 0
      vertex -35.2082 94.2508 0
    endloop
  endfacet
  facet normal 0 0 -1
    outer loop
      vertex -41.7465 99.6 0
      vertex -35.2082 94.2508 0
      vertex -35.3115 93.9326 0
    endloop
  endfacet
  facet normal 0 0 -1
    outer loop
      vertex -41.7465 99.6 0
      vertex -35.3115 93.9326 0
      vertex -35.3465 93.6 0
    endloop
  endfacet
  facet normal 0 0 -1
    outer loop
      vertex -35.2082 92.9492 0
      vertex -41.7465 99.6 0
      vertex -35.3115 93.2673 0
    endloop
  endfacet
  facet normal 0 0 -1
    outer loop
      vertex -41.7465 -99.6 0
      vertex -39.7465 -101.6 0
      vertex -40.9935 -101.164 0
    endloop
  endfacet
  facet normal 0 0 -1
    outer loop
      vertex -35.3115 93.2673 0
      vertex -41.7465 99.6 0
      vertex -35.3465 93.6 0
    endloop
  endfacet
  facet normal 0 0 -1
    outer loop
      vertex -34.8171 94.789 0
      vertex -41.7465 99.6 0
      vertex -39.7465 101.6 0
    endloop
  endfacet
  facet normal 0 0 -1
    outer loop
      vertex -39.7465 101.6 0
      vertex -41.7465 99.6 0
      vertex -41.3102 100.847 0
    endloop
  endfacet
  facet normal 0 0 -1
    outer loop
      vertex 41.7465 99.6 0
      vertex 35.3115 93.2673 0
      vertex 35.3465 93.6 0
    endloop
  endfacet
  facet normal 0 0 -1
    outer loop
      vertex 34.4536 8.70709 0
      vertex 41.7465 99.6 0
      vertex 34.6704 8.38268 0
    endloop
  endfacet
  facet normal 0 0 -1
    outer loop
      vertex 41.7465 99.6 0
      vertex 35.2082 92.9492 0
      vertex 35.3115 93.2673 0
    endloop
  endfacet
  facet normal 0 0 -1
    outer loop
      vertex 41.7465 99.6 0
      vertex 35.0409 92.6595 0
      vertex 35.2082 92.9492 0
    endloop
  endfacet
  facet normal 0 0 -1
    outer loop
      vertex 41.7465 99.6 0
      vertex 34.4536 8.70709 0
      vertex 35.0409 92.6595 0
    endloop
  endfacet
  facet normal 0 0 -1
    outer loop
      vertex 35.0409 92.6595 0
      vertex 34.4536 8.70709 0
      vertex 34.8171 92.411 0
    endloop
  endfacet
  facet normal 0 0 -1
    outer loop
      vertex 34.8171 92.411 0
      vertex 34.4536 8.70709 0
      vertex 34.5465 92.2144 0
    endloop
  endfacet
  facet normal 0 0 -1
    outer loop
      vertex 34.1292 8.92387 0
      vertex 34.5465 92.2144 0
      vertex 34.4536 8.70709 0
    endloop
  endfacet
  facet normal 0 0 -1
    outer loop
      vertex 34.5465 92.2144 0
      vertex 34.1292 8.92387 0
      vertex 34.2409 92.0783 0
    endloop
  endfacet
  facet normal 0 0 -1
    outer loop
      vertex 34.1292 8.92387 0
      vertex 33.9137 92.0088 0
      vertex 34.2409 92.0783 0
    endloop
  endfacet
  facet normal 0 0 -1
    outer loop
      vertex 33.7465 9 0
      vertex 33.9137 92.0088 0
      vertex 34.1292 8.92387 0
    endloop
  endfacet
  facet normal 0 0 -1
    outer loop
      vertex 33.7465 9 0
      vertex 33.5793 92.0088 0
      vertex 33.9137 92.0088 0
    endloop
  endfacet
  facet normal 0 0 -1
    outer loop
      vertex 33.3638 8.92387 0
      vertex 33.5793 92.0088 0
      vertex 33.7465 9 0
    endloop
  endfacet
  facet normal 0 0 -1
    outer loop
      vertex 33.3638 8.92387 0
      vertex 33.2521 92.0783 0
      vertex 33.5793 92.0088 0
    endloop
  endfacet
  facet normal 0 0 -1
    outer loop
      vertex 32.9465 92.2144 0
      vertex 33.3638 8.92387 0
      vertex 33.0394 8.70709 0
    endloop
  endfacet
  facet normal 0 0 -1
    outer loop
      vertex 33.3638 8.92387 0
      vertex 32.9465 92.2144 0
      vertex 33.2521 92.0783 0
    endloop
  endfacet
  facet normal 0 0 -1
    outer loop
      vertex 32.4521 92.6595 0
      vertex 33.0394 8.70709 0
      vertex 32.8226 8.38268 0
    endloop
  endfacet
  facet normal 0 0 -1
    outer loop
      vertex 32.1815 93.2673 0
      vertex 32.8226 8.38268 0
      vertex 32.7465 8 0
    endloop
  endfacet
  facet normal 0 0 -1
    outer loop
      vertex 33.0394 8.70709 0
      vertex 32.6759 92.411 0
      vertex 32.9465 92.2144 0
    endloop
  endfacet
  facet normal 0 0 -1
    outer loop
      vertex 30.7465 -8 0
      vertex 32.6759 -92.411 0
      vertex 32.4521 -92.6595 0
    endloop
  endfacet
  facet normal 0 0 -1
    outer loop
      vertex 30.7465 -8 0
      vertex 32.4521 -92.6595 0
      vertex 32.2848 -92.9492 0
    endloop
  endfacet
  facet normal 0 0 -1
    outer loop
      vertex 33.0394 8.70709 0
      vertex 32.4521 92.6595 0
      vertex 32.6759 92.411 0
    endloop
  endfacet
  facet normal 0 0 -1
    outer loop
      vertex 30.7465 -8 0
      vertex 32.2848 -92.9492 0
      vertex 32.1815 -93.2673 0
    endloop
  endfacet
  facet normal 0 0 -1
    outer loop
      vertex 32.8226 8.38268 0
      vertex 32.2848 92.9492 0
      vertex 32.4521 92.6595 0
    endloop
  endfacet
  facet normal 0 0 -1
    outer loop
      vertex 2.687 -78.287 0
      vertex 32.1815 -93.2673 0
      vertex 32.1465 -93.6 0
    endloop
  endfacet
  facet normal 0 0 -1
    outer loop
      vertex 32.8226 8.38268 0
      vertex 32.1815 93.2673 0
      vertex 32.2848 92.9492 0
    endloop
  endfacet
  facet normal 0 0 -1
    outer loop
      vertex 33.0394 -4.70709 0
      vertex 30.7465 -4 0
      vertex 32.8226 -4.38268 0
    endloop
  endfacet
  facet normal 0 0 -1
    outer loop
      vertex 32.8226 -0.382675 0
      vertex 30.7465 0 0
      vertex 32.7465 0 0
    endloop
  endfacet
  facet normal -0.433866 0.900977 0
    outer loop
      vertex -39.7465 101.6 0
      vertex -41.3102 100.847 3
      vertex -39.7465 101.6 3
    endloop
  endfacet
  facet normal -0.433866 0.900977 0
    outer loop
      vertex -41.3102 100.847 3
      vertex -39.7465 101.6 0
      vertex -41.3102 100.847 0
    endloop
  endfacet
  facet normal 1 -0 0
    outer loop
      vertex 41.7465 -99.6 3
      vertex 41.7465 99.6 0
      vertex 41.7465 99.6 3
    endloop
  endfacet
  facet normal 1 0 0
    outer loop
      vertex 41.7465 99.6 0
      vertex 41.7465 -99.6 3
      vertex 41.7465 -99.6 0
    endloop
  endfacet
  facet normal -1 0 0
    outer loop
      vertex -41.7465 -99.6 0
      vertex -41.7465 99.6 3
      vertex -41.7465 99.6 0
    endloop
  endfacet
  facet normal -1 -0 0
    outer loop
      vertex -41.7465 99.6 3
      vertex -41.7465 -99.6 0
      vertex -41.7465 -99.6 3
    endloop
  endfacet
  facet normal -0.943894 0.330249 0
    outer loop
      vertex -41.7465 99.6 0
      vertex -41.3102 100.847 3
      vertex -41.3102 100.847 0
    endloop
  endfacet
  facet normal -0.943894 0.330249 0
    outer loop
      vertex -41.3102 100.847 3
      vertex -41.7465 99.6 0
      vertex -41.7465 99.6 3
    endloop
  endfacet
  facet normal 0 0 1
    outer loop
      vertex -18.1974 56.0236 3
      vertex -34.2409 92.0783 3
      vertex -18.4235 55.3277 3
    endloop
  endfacet
  facet normal 0 0 1
    outer loop
      vertex -25.2 -29.6 3
      vertex -32.1815 -93.2673 3
      vertex -32.1465 -93.6 3
    endloop
  endfacet
  facet normal 0 0 1
    outer loop
      vertex -34.5465 92.2144 3
      vertex -18.4235 55.3277 3
      vertex -34.2409 92.0783 3
    endloop
  endfacet
  facet normal 0 0 1
    outer loop
      vertex -25.2 -29.6 3
      vertex -32.2848 -92.9492 3
      vertex -32.1815 -93.2673 3
    endloop
  endfacet
  facet normal 0 0 1
    outer loop
      vertex -34.8171 92.411 3
      vertex -18.4235 55.3277 3
      vertex -34.5465 92.2144 3
    endloop
  endfacet
  facet normal 0 0 1
    outer loop
      vertex -25.2 -29.6 3
      vertex -32.4521 -92.6595 3
      vertex -32.2848 -92.9492 3
    endloop
  endfacet
  facet normal 0 0 1
    outer loop
      vertex -18.4235 55.3277 3
      vertex -34.8171 92.411 3
      vertex -18.5 54.6 3
    endloop
  endfacet
  facet normal 0 0 1
    outer loop
      vertex -25.2 -29.6 3
      vertex -32.6759 -92.411 3
      vertex -32.4521 -92.6595 3
    endloop
  endfacet
  facet normal 0 0 1
    outer loop
      vertex -35.0409 92.6595 3
      vertex -18.5 54.6 3
      vertex -34.8171 92.411 3
    endloop
  endfacet
  facet normal 0 0 1
    outer loop
      vertex -25.2 -29.6 3
      vertex -32.9465 -92.2144 3
      vertex -32.6759 -92.411 3
    endloop
  endfacet
  facet normal 0 0 1
    outer loop
      vertex -18.5 54.6 3
      vertex -35.0409 92.6595 3
      vertex -18.4235 53.8723 3
    endloop
  endfacet
  facet normal 0 0 1
    outer loop
      vertex -25.2 -29.6 3
      vertex -33.2521 -92.0783 3
      vertex -32.9465 -92.2144 3
    endloop
  endfacet
  facet normal 0 0 1
    outer loop
      vertex -41.7465 99.6 3
      vertex -18.4235 53.8723 3
      vertex -35.0409 92.6595 3
    endloop
  endfacet
  facet normal 0 0 1
    outer loop
      vertex -25.2 -29.6 3
      vertex -33.5793 -92.0088 3
      vertex -33.2521 -92.0783 3
    endloop
  endfacet
  facet normal 0 0 1
    outer loop
      vertex -18.4235 53.8723 3
      vertex -41.7465 99.6 3
      vertex -19.1237 28.5699 3
    endloop
  endfacet
  facet normal 0 0 1
    outer loop
      vertex -25.2 -29.6 3
      vertex -33.9137 -92.0088 3
      vertex -33.5793 -92.0088 3
    endloop
  endfacet
  facet normal 0 0 1
    outer loop
      vertex -19.1237 28.5699 3
      vertex -41.7465 99.6 3
      vertex -19.2 27.6 3
    endloop
  endfacet
  facet normal 0 0 1
    outer loop
      vertex -25.2 -29.6 3
      vertex -34.2409 -92.0783 3
      vertex -33.9137 -92.0088 3
    endloop
  endfacet
  facet normal 0 0 1
    outer loop
      vertex -19.2 27.6 3
      vertex -41.7465 99.6 3
      vertex -24.8965 -27.6841 3
    endloop
  endfacet
  facet normal 0 0 1
    outer loop
      vertex -25.2 -29.6 3
      vertex -34.5465 -92.2144 3
      vertex -34.2409 -92.0783 3
    endloop
  endfacet
  facet normal 0 0 1
    outer loop
      vertex -24.8965 -27.6841 3
      vertex -41.7465 99.6 3
      vertex -25.1237 -28.6301 3
    endloop
  endfacet
  facet normal 0 0 1
    outer loop
      vertex -25.2 -29.6 3
      vertex -34.8171 -92.411 3
      vertex -34.5465 -92.2144 3
    endloop
  endfacet
  facet normal 0 0 1
    outer loop
      vertex -41.7465 -99.6 3
      vertex -25.1237 -28.6301 3
      vertex -41.7465 99.6 3
    endloop
  endfacet
  facet normal 0 0 1
    outer loop
      vertex -25.2 -29.6 3
      vertex -35.0409 -92.6595 3
      vertex -34.8171 -92.411 3
    endloop
  endfacet
  facet normal 0 0 1
    outer loop
      vertex -41.7465 99.6 3
      vertex -35.0409 92.6595 3
      vertex -35.2082 92.9492 3
    endloop
  endfacet
  facet normal 0 0 1
    outer loop
      vertex -25.1237 -28.6301 3
      vertex -41.7465 -99.6 3
      vertex -25.2 -29.6 3
    endloop
  endfacet
  facet normal 0 0 1
    outer loop
      vertex -41.7465 99.6 3
      vertex -35.2082 92.9492 3
      vertex -35.3115 93.2673 3
    endloop
  endfacet
  facet normal 0 0 1
    outer loop
      vertex -25.2 -29.6 3
      vertex -41.7465 -99.6 3
      vertex -35.0409 -92.6595 3
    endloop
  endfacet
  facet normal 0 0 1
    outer loop
      vertex -41.7465 99.6 3
      vertex -35.3115 93.2673 3
      vertex -35.3465 93.6 3
    endloop
  endfacet
  facet normal 0 0 1
    outer loop
      vertex -35.0409 -92.6595 3
      vertex -41.7465 -99.6 3
      vertex -35.2082 -92.9492 3
    endloop
  endfacet
  facet normal 0 0 1
    outer loop
      vertex -0.969879 -16.7237 3
      vertex -12.8763 -28.6301 3
      vertex -12.8 -29.6 3
    endloop
  endfacet
  facet normal 0 0 1
    outer loop
      vertex -15.8147 22.0757 3
      vertex -5.52423 -7.78525 3
      vertex -14.9159 21.7034 3
    endloop
  endfacet
  facet normal 0 0 1
    outer loop
      vertex -6.12366 -9.6301 3
      vertex -13.1034 -27.6841 3
      vertex -12.8763 -28.6301 3
    endloop
  endfacet
  facet normal 0 0 1
    outer loop
      vertex -6.12366 -9.6301 3
      vertex -13.4758 -26.7852 3
      vertex -13.1034 -27.6841 3
    endloop
  endfacet
  facet normal 0 0 1
    outer loop
      vertex -5.52423 -7.78525 3
      vertex -15.8147 22.0757 3
      vertex -5.89655 -8.68408 3
    endloop
  endfacet
  facet normal 0 0 1
    outer loop
      vertex -6.12366 -9.6301 3
      vertex -13.9841 -25.9557 3
      vertex -13.4758 -26.7852 3
    endloop
  endfacet
  facet normal 0 0 1
    outer loop
      vertex -6.12366 -9.6301 3
      vertex -14.6159 -25.2159 3
      vertex -13.9841 -25.9557 3
    endloop
  endfacet
  facet normal 0 0 1
    outer loop
      vertex -16.6443 22.5841 3
      vertex -5.89655 -8.68408 3
      vertex -15.8147 22.0757 3
    endloop
  endfacet
  facet normal 0 0 1
    outer loop
      vertex -6.12366 -9.6301 3
      vertex -15.3557 -24.5841 3
      vertex -14.6159 -25.2159 3
    endloop
  endfacet
  facet normal 0 0 1
    outer loop
      vertex -5.89655 -8.68408 3
      vertex -20.9159 -23.7034 3
      vertex -6.12366 -9.6301 3
    endloop
  endfacet
  facet normal 0 0 1
    outer loop
      vertex -6.12366 -9.6301 3
      vertex -16.1853 -24.0757 3
      vertex -15.3557 -24.5841 3
    endloop
  endfacet
  facet normal 0 0 1
    outer loop
      vertex -5.89655 -8.68408 3
      vertex -16.6443 22.5841 3
      vertex -20.9159 -23.7034 3
    endloop
  endfacet
  facet normal 0 0 1
    outer loop
      vertex -6.12366 -9.6301 3
      vertex -17.0841 -23.7034 3
      vertex -16.1853 -24.0757 3
    endloop
  endfacet
  facet normal 0 0 1
    outer loop
      vertex -21.8147 -24.0757 3
      vertex -16.6443 22.5841 3
      vertex -17.384 23.2159 3
    endloop
  endfacet
  facet normal 0 0 1
    outer loop
      vertex -22.6443 -24.5841 3
      vertex -17.384 23.2159 3
      vertex -18.0159 23.9557 3
    endloop
  endfacet
  facet normal 0 0 1
    outer loop
      vertex -6.12366 -9.6301 3
      vertex -18.0301 -23.4763 3
      vertex -17.0841 -23.7034 3
    endloop
  endfacet
  facet normal 0 0 1
    outer loop
      vertex -23.384 -25.2159 3
      vertex -18.0159 23.9557 3
      vertex -18.5242 24.7852 3
    endloop
  endfacet
  facet normal 0 0 1
    outer loop
      vertex -24.0159 -25.9557 3
      vertex -18.5242 24.7852 3
      vertex -18.8965 25.6841 3
    endloop
  endfacet
  facet normal 0 0 1
    outer loop
      vertex -6.12366 -9.6301 3
      vertex -19 -23.4 3
      vertex -18.0301 -23.4763 3
    endloop
  endfacet
  facet normal 0 0 1
    outer loop
      vertex -24.5242 -26.7852 3
      vertex -18.8965 25.6841 3
      vertex -19.1237 26.6301 3
    endloop
  endfacet
  facet normal 0 0 1
    outer loop
      vertex -24.8965 -27.6841 3
      vertex -19.1237 26.6301 3
      vertex -19.2 27.6 3
    endloop
  endfacet
  facet normal 0 0 1
    outer loop
      vertex -6.12366 -9.6301 3
      vertex -19.9699 -23.4763 3
      vertex -19 -23.4 3
    endloop
  endfacet
  facet normal 0 0 1
    outer loop
      vertex 11.5765 53.8723 3
      vertex -12.1684 52.5427 3
      vertex -9.35573 32.6159 3
    endloop
  endfacet
  facet normal -0 0 1
    outer loop
      vertex -12.658 51.999 3
      vertex -9.35573 32.6159 3
      vertex -12.1684 52.5427 3
    endloop
  endfacet
  facet normal 0 0 1
    outer loop
      vertex -9.35573 32.6159 3
      vertex -12.658 51.999 3
      vertex -10.1853 33.1242 3
    endloop
  endfacet
  facet normal 0 0 1
    outer loop
      vertex -10.1853 33.1242 3
      vertex -12.658 51.999 3
      vertex -11.0841 33.4965 3
    endloop
  endfacet
  facet normal -0 0 1
    outer loop
      vertex -13.25 51.5689 3
      vertex -11.0841 33.4965 3
      vertex -12.658 51.999 3
    endloop
  endfacet
  facet normal 0 0 1
    outer loop
      vertex -11.0841 33.4965 3
      vertex -13.25 51.5689 3
      vertex -12.0301 33.7237 3
    endloop
  endfacet
  facet normal -0 0 1
    outer loop
      vertex -13.9184 51.2713 3
      vertex -12.0301 33.7237 3
      vertex -13.25 51.5689 3
    endloop
  endfacet
  facet normal 0 0 1
    outer loop
      vertex -12.0301 33.7237 3
      vertex -13.9184 51.2713 3
      vertex -13 33.8 3
    endloop
  endfacet
  facet normal -0 0 1
    outer loop
      vertex -14.6341 51.1192 3
      vertex -13 33.8 3
      vertex -13.9184 51.2713 3
    endloop
  endfacet
  facet normal 0 0 1
    outer loop
      vertex -13 33.8 3
      vertex -14.6341 51.1192 3
      vertex -13.9699 33.7237 3
    endloop
  endfacet
  facet normal -0 0 1
    outer loop
      vertex -15.3658 51.1192 3
      vertex -13.9699 33.7237 3
      vertex -14.6341 51.1192 3
    endloop
  endfacet
  facet normal 0 0 1
    outer loop
      vertex -13.9699 33.7237 3
      vertex -15.3658 51.1192 3
      vertex -14.9159 33.4965 3
    endloop
  endfacet
  facet normal 0 0 1
    outer loop
      vertex -16.0816 51.2713 3
      vertex -14.9159 33.4965 3
      vertex -15.3658 51.1192 3
    endloop
  endfacet
  facet normal 0 0 1
    outer loop
      vertex -14.9159 33.4965 3
      vertex -16.0816 51.2713 3
      vertex -15.8147 33.1242 3
    endloop
  endfacet
  facet normal 0 0 1
    outer loop
      vertex -16.75 51.5689 3
      vertex -15.8147 33.1242 3
      vertex -16.0816 51.2713 3
    endloop
  endfacet
  facet normal 0 0 1
    outer loop
      vertex -15.8147 33.1242 3
      vertex -16.75 51.5689 3
      vertex -16.6443 32.6159 3
    endloop
  endfacet
  facet normal 0 0 1
    outer loop
      vertex -17.3419 51.999 3
      vertex -16.6443 32.6159 3
      vertex -16.75 51.5689 3
    endloop
  endfacet
  facet normal 0 0 1
    outer loop
      vertex -17.3419 51.999 3
      vertex -17.384 31.9841 3
      vertex -16.6443 32.6159 3
    endloop
  endfacet
  facet normal 0 0 1
    outer loop
      vertex -17.8316 52.5427 3
      vertex -17.384 31.9841 3
      vertex -17.3419 51.999 3
    endloop
  endfacet
  facet normal 0 0 1
    outer loop
      vertex -17.8316 52.5427 3
      vertex -18.0159 31.2443 3
      vertex -17.384 31.9841 3
    endloop
  endfacet
  facet normal 0 0 1
    outer loop
      vertex -18.1974 53.1764 3
      vertex -18.0159 31.2443 3
      vertex -17.8316 52.5427 3
    endloop
  endfacet
  facet normal 0 0 1
    outer loop
      vertex -18.8965 29.5159 3
      vertex -18.1974 53.1764 3
      vertex -18.4235 53.8723 3
    endloop
  endfacet
  facet normal -0 0 1
    outer loop
      vertex -33.5793 92.0088 3
      vertex -17.3419 57.201 3
      vertex -33.2521 92.0783 3
    endloop
  endfacet
  facet normal 0 0 1
    outer loop
      vertex -18.1974 53.1764 3
      vertex -18.5242 30.4147 3
      vertex -18.0159 31.2443 3
    endloop
  endfacet
  facet normal 0 0 1
    outer loop
      vertex 32.1815 -93.2673 3
      vertex 3.7532 -75.0055 3
      vertex 3.79999 -75.6 3
    endloop
  endfacet
  facet normal 0 0 1
    outer loop
      vertex 2.687 -72.913 3
      vertex 4.38405 -52.9841 3
      vertex 3.64426 -53.6159 3
    endloop
  endfacet
  facet normal 0 0 1
    outer loop
      vertex 5.0159 -52.2443 3
      vertex 3.61401 -74.4257 3
      vertex 3.7532 -75.0055 3
    endloop
  endfacet
  facet normal 0 0 1
    outer loop
      vertex 5.0159 -52.2443 3
      vertex 3.38582 -73.8748 3
      vertex 3.61401 -74.4257 3
    endloop
  endfacet
  facet normal 0 0 1
    outer loop
      vertex 5.0159 -52.2443 3
      vertex 3.07426 -73.3664 3
      vertex 3.38582 -73.8748 3
    endloop
  endfacet
  facet normal 0 0 1
    outer loop
      vertex 2.23358 -72.5257 3
      vertex 3.64426 -53.6159 3
      vertex 2.81473 -54.1242 3
    endloop
  endfacet
  facet normal 0 0 1
    outer loop
      vertex 4.38405 -52.9841 3
      vertex 2.687 -72.913 3
      vertex 3.07426 -73.3664 3
    endloop
  endfacet
  facet normal 0 0 1
    outer loop
      vertex 3.64426 -53.6159 3
      vertex 2.23358 -72.5257 3
      vertex 2.687 -72.913 3
    endloop
  endfacet
  facet normal 0 0 1
    outer loop
      vertex 1.72516 -72.2142 3
      vertex 2.81473 -54.1242 3
      vertex 1.91589 -54.4965 3
    endloop
  endfacet
  facet normal 0 0 1
    outer loop
      vertex 2.81473 -54.1242 3
      vertex 1.72516 -72.2142 3
      vertex 2.23358 -72.5257 3
    endloop
  endfacet
  facet normal 0 0 1
    outer loop
      vertex 1.91589 -54.4965 3
      vertex 1.17426 -71.986 3
      vertex 1.72516 -72.2142 3
    endloop
  endfacet
  facet normal -0 0 1
    outer loop
      vertex 0.969879 -54.7237 3
      vertex 1.17426 -71.986 3
      vertex 1.91589 -54.4965 3
    endloop
  endfacet
  facet normal 0 0 1
    outer loop
      vertex 0.969879 -54.7237 3
      vertex 0.594437 -71.8468 3
      vertex 1.17426 -71.986 3
    endloop
  endfacet
  facet normal -0 0 1
    outer loop
      vertex 0 -54.8 3
      vertex 0.594437 -71.8468 3
      vertex 0.969879 -54.7237 3
    endloop
  endfacet
  facet normal 0 0 1
    outer loop
      vertex 0 -54.8 3
      vertex 0 -71.8 3
      vertex 0.594437 -71.8468 3
    endloop
  endfacet
  facet normal 0 0 1
    outer loop
      vertex 0 -54.8 3
      vertex -0.594437 -71.8468 3
      vertex 0 -71.8 3
    endloop
  endfacet
  facet normal 0 0 1
    outer loop
      vertex -0.969879 -54.7237 3
      vertex -0.594437 -71.8468 3
      vertex 0 -54.8 3
    endloop
  endfacet
  facet normal 0 0 1
    outer loop
      vertex -0.969879 -54.7237 3
      vertex -1.17426 -71.986 3
      vertex -0.594437 -71.8468 3
    endloop
  endfacet
  facet normal 0 0 1
    outer loop
      vertex -1.91589 -54.4965 3
      vertex -1.17426 -71.986 3
      vertex -0.969879 -54.7237 3
    endloop
  endfacet
  facet normal 0 0 1
    outer loop
      vertex -1.17426 -71.986 3
      vertex -1.91589 -54.4965 3
      vertex -1.72516 -72.2142 3
    endloop
  endfacet
  facet normal 0 0 1
    outer loop
      vertex -2.81473 -54.1242 3
      vertex -1.72516 -72.2142 3
      vertex -1.91589 -54.4965 3
    endloop
  endfacet
  facet normal 0 0 1
    outer loop
      vertex -1.72516 -72.2142 3
      vertex -2.81473 -54.1242 3
      vertex -2.23358 -72.5257 3
    endloop
  endfacet
  facet normal 0 0 1
    outer loop
      vertex -3.64426 -53.6159 3
      vertex -2.23358 -72.5257 3
      vertex -2.81473 -54.1242 3
    endloop
  endfacet
  facet normal 0 0 1
    outer loop
      vertex -2.23358 -72.5257 3
      vertex -3.64426 -53.6159 3
      vertex -2.687 -72.913 3
    endloop
  endfacet
  facet normal 0 0 1
    outer loop
      vertex -4.38405 -52.9841 3
      vertex -2.687 -72.913 3
      vertex -3.64426 -53.6159 3
    endloop
  endfacet
  facet normal 0 0 1
    outer loop
      vertex -2.687 -72.913 3
      vertex -4.38405 -52.9841 3
      vertex -3.07426 -73.3664 3
    endloop
  endfacet
  facet normal 0 0 1
    outer loop
      vertex -5.0159 -52.2443 3
      vertex -3.07426 -73.3664 3
      vertex -4.38405 -52.9841 3
    endloop
  endfacet
  facet normal 0 0 1
    outer loop
      vertex -3.07426 -73.3664 3
      vertex -5.0159 -52.2443 3
      vertex -3.38582 -73.8748 3
    endloop
  endfacet
  facet normal 0 0 1
    outer loop
      vertex -3.38582 -73.8748 3
      vertex -5.0159 -52.2443 3
      vertex -3.61401 -74.4257 3
    endloop
  endfacet
  facet normal 0 0 1
    outer loop
      vertex -5.52423 -51.4147 3
      vertex -3.61401 -74.4257 3
      vertex -5.0159 -52.2443 3
    endloop
  endfacet
  facet normal -0 0 1
    outer loop
      vertex 3.64426 -15.6159 3
      vertex 13.9841 -25.9557 3
      vertex 4.38405 -14.9841 3
    endloop
  endfacet
  facet normal 0 0 1
    outer loop
      vertex 12.8 -29.6 3
      vertex 6.12366 -47.6301 3
      vertex 6.2 -48.6 3
    endloop
  endfacet
  facet normal 0 0 1
    outer loop
      vertex 13.9841 -25.9557 3
      vertex 3.64426 -15.6159 3
      vertex 13.4758 -26.7852 3
    endloop
  endfacet
  facet normal 0 0 1
    outer loop
      vertex 12.8 -29.6 3
      vertex 5.89655 -46.6841 3
      vertex 6.12366 -47.6301 3
    endloop
  endfacet
  facet normal -0 0 1
    outer loop
      vertex 2.81473 -16.1242 3
      vertex 13.4758 -26.7852 3
      vertex 3.64426 -15.6159 3
    endloop
  endfacet
  facet normal 0 0 1
    outer loop
      vertex 12.8 -29.6 3
      vertex 5.52423 -45.7852 3
      vertex 5.89655 -46.6841 3
    endloop
  endfacet
  facet normal 0 0 1
    outer loop
      vertex 13.4758 -26.7852 3
      vertex 2.81473 -16.1242 3
      vertex 13.1034 -27.6841 3
    endloop
  endfacet
  facet normal 0 0 1
    outer loop
      vertex 12.8 -29.6 3
      vertex 5.0159 -44.9557 3
      vertex 5.52423 -45.7852 3
    endloop
  endfacet
  facet normal -0 0 1
    outer loop
      vertex 1.91589 -16.4965 3
      vertex 13.1034 -27.6841 3
      vertex 2.81473 -16.1242 3
    endloop
  endfacet
  facet normal 0 0 1
    outer loop
      vertex 12.8 -29.6 3
      vertex 4.38405 -44.2159 3
      vertex 5.0159 -44.9557 3
    endloop
  endfacet
  facet normal 0 0 1
    outer loop
      vertex 13.1034 -27.6841 3
      vertex 1.91589 -16.4965 3
      vertex 12.8763 -28.6301 3
    endloop
  endfacet
  facet normal 0 0 1
    outer loop
      vertex 12.8 -29.6 3
      vertex 3.64426 -43.5841 3
      vertex 4.38405 -44.2159 3
    endloop
  endfacet
  facet normal -0 0 1
    outer loop
      vertex 0.969879 -16.7237 3
      vertex 12.8763 -28.6301 3
      vertex 1.91589 -16.4965 3
    endloop
  endfacet
  facet normal 0 0 1
    outer loop
      vertex 12.8 -29.6 3
      vertex 2.81473 -43.0757 3
      vertex 3.64426 -43.5841 3
    endloop
  endfacet
  facet normal 0 0 1
    outer loop
      vertex 12.8763 -28.6301 3
      vertex 0.969879 -16.7237 3
      vertex 12.8 -29.6 3
    endloop
  endfacet
  facet normal 0 0 1
    outer loop
      vertex 12.8 -29.6 3
      vertex 1.91589 -42.7034 3
      vertex 2.81473 -43.0757 3
    endloop
  endfacet
  facet normal -0 0 1
    outer loop
      vertex 0 -16.8 3
      vertex 12.8 -29.6 3
      vertex 0.969879 -16.7237 3
    endloop
  endfacet
  facet normal 0 0 1
    outer loop
      vertex 12.8 -29.6 3
      vertex 0.969879 -42.4763 3
      vertex 1.91589 -42.7034 3
    endloop
  endfacet
  facet normal 0 0 1
    outer loop
      vertex 0 -42.4 3
      vertex 12.8 -29.6 3
      vertex 0 -16.8 3
    endloop
  endfacet
  facet normal 0 0 1
    outer loop
      vertex 12.8 -29.6 3
      vertex 0 -42.4 3
      vertex 0.969879 -42.4763 3
    endloop
  endfacet
  facet normal 0 0 1
    outer loop
      vertex -12.8 -29.6 3
      vertex 0 -16.8 3
      vertex -0.969879 -16.7237 3
    endloop
  endfacet
  facet normal 0 0 1
    outer loop
      vertex 0 -16.8 3
      vertex -12.8 -29.6 3
      vertex 0 -42.4 3
    endloop
  endfacet
  facet normal 0 0 1
    outer loop
      vertex -12.8763 -28.6301 3
      vertex -0.969879 -16.7237 3
      vertex -1.91589 -16.4965 3
    endloop
  endfacet
  facet normal 0 0 1
    outer loop
      vertex 0 -42.4 3
      vertex -12.8 -29.6 3
      vertex -0.969879 -42.4763 3
    endloop
  endfacet
  facet normal 0 0 1
    outer loop
      vertex -12.8763 -28.6301 3
      vertex -1.91589 -16.4965 3
      vertex -2.81473 -16.1242 3
    endloop
  endfacet
  facet normal -0 0 1
    outer loop
      vertex -12.8763 -30.5699 3
      vertex -0.969879 -42.4763 3
      vertex -12.8 -29.6 3
    endloop
  endfacet
  facet normal 0 0 1
    outer loop
      vertex -12.8763 -28.6301 3
      vertex -2.81473 -16.1242 3
      vertex -3.64426 -15.6159 3
    endloop
  endfacet
  facet normal 0 0 1
    outer loop
      vertex -0.969879 -42.4763 3
      vertex -12.8763 -30.5699 3
      vertex -1.91589 -42.7034 3
    endloop
  endfacet
  facet normal 0 0 1
    outer loop
      vertex -12.8763 -28.6301 3
      vertex -3.64426 -15.6159 3
      vertex -4.38405 -14.9841 3
    endloop
  endfacet
  facet normal -0 0 1
    outer loop
      vertex -13.1034 -31.5159 3
      vertex -1.91589 -42.7034 3
      vertex -12.8763 -30.5699 3
    endloop
  endfacet
  facet normal 0 0 1
    outer loop
      vertex -12.8763 -28.6301 3
      vertex -4.38405 -14.9841 3
      vertex -5.0159 -14.2443 3
    endloop
  endfacet
  facet normal 0 0 1
    outer loop
      vertex -1.91589 -42.7034 3
      vertex -13.1034 -31.5159 3
      vertex -2.81473 -43.0757 3
    endloop
  endfacet
  facet normal 0 0 1
    outer loop
      vertex -12.8763 -28.6301 3
      vertex -5.0159 -14.2443 3
      vertex -5.52423 -13.4147 3
    endloop
  endfacet
  facet normal -0 0 1
    outer loop
      vertex -13.4758 -32.4147 3
      vertex -2.81473 -43.0757 3
      vertex -13.1034 -31.5159 3
    endloop
  endfacet
  facet normal 0 0 1
    outer loop
      vertex -12.8763 -28.6301 3
      vertex -5.52423 -13.4147 3
      vertex -5.89655 -12.5159 3
    endloop
  endfacet
  facet normal 0 0 1
    outer loop
      vertex -2.81473 -43.0757 3
      vertex -13.4758 -32.4147 3
      vertex -3.64426 -43.5841 3
    endloop
  endfacet
  facet normal 0 0 1
    outer loop
      vertex -12.8763 -28.6301 3
      vertex -5.89655 -12.5159 3
      vertex -6.12366 -11.5699 3
    endloop
  endfacet
  facet normal -0 0 1
    outer loop
      vertex -13.9841 -33.2443 3
      vertex -3.64426 -43.5841 3
      vertex -13.4758 -32.4147 3
    endloop
  endfacet
  facet normal 0 0 1
    outer loop
      vertex -12.8763 -28.6301 3
      vertex -6.12366 -11.5699 3
      vertex -6.2 -10.6 3
    endloop
  endfacet
  facet normal 0 0 1
    outer loop
      vertex -3.64426 -43.5841 3
      vertex -13.9841 -33.2443 3
      vertex -4.38405 -44.2159 3
    endloop
  endfacet
  facet normal 0 0 1
    outer loop
      vertex 12.1684 56.6572 3
      vertex 0.594437 71.8468 3
      vertex 11.8026 56.0236 3
    endloop
  endfacet
  facet normal -0 0 1
    outer loop
      vertex 0 71.8 3
      vertex 11.8026 56.0236 3
      vertex 0.594437 71.8468 3
    endloop
  endfacet
  facet normal 0 0 1
    outer loop
      vertex 11.8026 56.0236 3
      vertex 0 71.8 3
      vertex 11.5765 55.3277 3
    endloop
  endfacet
  facet normal 0 0 1
    outer loop
      vertex -6.87633 26.6301 3
      vertex 6.79999 27.6 3
      vertex -6.79999 27.6 3
    endloop
  endfacet
  facet normal 0 0 1
    outer loop
      vertex -11.5765 53.8723 3
      vertex 11.5765 53.8723 3
      vertex -11.5 54.6 3
    endloop
  endfacet
  facet normal 0 0 1
    outer loop
      vertex -7.10344 25.6841 3
      vertex 6.79999 27.6 3
      vertex -6.87633 26.6301 3
    endloop
  endfacet
  facet normal 0 0 1
    outer loop
      vertex 11.5765 53.8723 3
      vertex -9.35573 32.6159 3
      vertex 7.47575 30.4147 3
    endloop
  endfacet
  facet normal -0 -0 1
    outer loop
      vertex -8.61594 31.9841 3
      vertex 7.47575 30.4147 3
      vertex -9.35573 32.6159 3
    endloop
  endfacet
  facet normal 0 0 1
    outer loop
      vertex 6.79999 27.6 3
      vertex 3.64426 -5.58409 3
      vertex 4.38405 -6.21593 3
    endloop
  endfacet
  facet normal 0 -0 1
    outer loop
      vertex -7.47575 30.4147 3
      vertex 7.47575 30.4147 3
      vertex -7.98409 31.2443 3
    endloop
  endfacet
  facet normal 0 0 1
    outer loop
      vertex -11.5765 55.3277 3
      vertex 11.5765 55.3277 3
      vertex 0 71.8 3
    endloop
  endfacet
  facet normal 0 0 1
    outer loop
      vertex -7.47575 24.7852 3
      vertex 6.79999 27.6 3
      vertex -7.10344 25.6841 3
    endloop
  endfacet
  facet normal 0 0 1
    outer loop
      vertex 11.5765 55.3277 3
      vertex -11.5765 55.3277 3
      vertex 11.5 54.6 3
    endloop
  endfacet
  facet normal 0 -0 1
    outer loop
      vertex -11.5 54.6 3
      vertex 11.5 54.6 3
      vertex -11.5765 55.3277 3
    endloop
  endfacet
  facet normal 0 0 1
    outer loop
      vertex 6.79999 27.6 3
      vertex 2.81473 -5.07574 3
      vertex 3.64426 -5.58409 3
    endloop
  endfacet
  facet normal 0 0 1
    outer loop
      vertex -11.8026 56.0236 3
      vertex 0 71.8 3
      vertex -0.594437 71.8468 3
    endloop
  endfacet
  facet normal 0 0 1
    outer loop
      vertex -7.98409 23.9557 3
      vertex 6.79999 27.6 3
      vertex -7.47575 24.7852 3
    endloop
  endfacet
  facet normal 0 0 1
    outer loop
      vertex -12.1684 56.6572 3
      vertex -0.594437 71.8468 3
      vertex -1.17426 71.986 3
    endloop
  endfacet
  facet normal 0 0 1
    outer loop
      vertex -12.1684 56.6572 3
      vertex -1.17426 71.986 3
      vertex -1.72516 72.2142 3
    endloop
  endfacet
  facet normal 0 0 1
    outer loop
      vertex 6.79999 27.6 3
      vertex 1.91589 -4.70345 3
      vertex 2.81473 -5.07574 3
    endloop
  endfacet
  facet normal 0 0 1
    outer loop
      vertex -12.658 57.201 3
      vertex -1.72516 72.2142 3
      vertex -2.23358 72.5257 3
    endloop
  endfacet
  facet normal 0 0 1
    outer loop
      vertex -13.25 57.6311 3
      vertex -2.23358 72.5257 3
      vertex -2.687 72.913 3
    endloop
  endfacet
  facet normal 0 0 1
    outer loop
      vertex -8.61594 23.2159 3
      vertex 6.79999 27.6 3
      vertex -7.98409 23.9557 3
    endloop
  endfacet
  facet normal 0 0 1
    outer loop
      vertex -13.9184 57.9287 3
      vertex -2.687 72.913 3
      vertex -3.07426 73.3664 3
    endloop
  endfacet
  facet normal 0 0 1
    outer loop
      vertex -13.9184 57.9287 3
      vertex -3.07426 73.3664 3
      vertex -3.38582 73.8748 3
    endloop
  endfacet
  facet normal 0 0 1
    outer loop
      vertex -14.6341 58.0808 3
      vertex -3.38582 73.8748 3
      vertex -3.61401 74.4257 3
    endloop
  endfacet
  facet normal 0 0 1
    outer loop
      vertex 6.79999 27.6 3
      vertex 0.969879 -4.47632 3
      vertex 1.91589 -4.70345 3
    endloop
  endfacet
  facet normal 0 0 1
    outer loop
      vertex -15.3658 58.0808 3
      vertex -3.61401 74.4257 3
      vertex -3.7532 75.0055 3
    endloop
  endfacet
  facet normal 0 0 1
    outer loop
      vertex -16.0816 57.9287 3
      vertex -3.7532 75.0055 3
      vertex -3.79999 75.6 3
    endloop
  endfacet
  facet normal 0 0 1
    outer loop
      vertex 6.79999 27.6 3
      vertex -8.61594 23.2159 3
      vertex 0.969879 -4.47632 3
    endloop
  endfacet
  facet normal 0 0 1
    outer loop
      vertex 32.7465 -8 3
      vertex 25.1237 -28.6301 3
      vertex 25.2 -29.6 3
    endloop
  endfacet
  facet normal 0 0 1
    outer loop
      vertex 19.9699 -23.4763 3
      vertex 25.3638 -8.92387 3
      vertex 25.0394 -8.70709 3
    endloop
  endfacet
  facet normal 0 0 1
    outer loop
      vertex 25.7465 -9 3
      vertex 24.8965 -27.6841 3
      vertex 25.1237 -28.6301 3
    endloop
  endfacet
  facet normal 0 0 1
    outer loop
      vertex 19.9699 -23.4763 3
      vertex 25.0394 -8.70709 3
      vertex 24.8226 -8.38268 3
    endloop
  endfacet
  facet normal 0 0 1
    outer loop
      vertex 19.9699 -23.4763 3
      vertex 24.8226 -8.38268 3
      vertex 24.7465 -8 3
    endloop
  endfacet
  facet normal 0 0 1
    outer loop
      vertex 25.7465 -9 3
      vertex 24.5242 -26.7852 3
      vertex 24.8965 -27.6841 3
    endloop
  endfacet
  facet normal 0 0 1
    outer loop
      vertex 29.0394 -4.70709 3
      vertex 26.4536 -4.70709 3
      vertex 29.0394 -7.29289 3
    endloop
  endfacet
  facet normal 0 0 1
    outer loop
      vertex 29.0394 -7.29289 3
      vertex 26.6704 -7.61731 3
      vertex 26.7465 -8 3
    endloop
  endfacet
  facet normal 0 0 1
    outer loop
      vertex 26.4536 -7.29289 3
      vertex 29.0394 -7.29289 3
      vertex 26.4536 -4.70709 3
    endloop
  endfacet
  facet normal 0 0 1
    outer loop
      vertex 29.0394 -7.29289 3
      vertex 26.4536 -7.29289 3
      vertex 26.6704 -7.61731 3
    endloop
  endfacet
  facet normal -0 0 1
    outer loop
      vertex 26.1292 -4.92387 3
      vertex 26.4536 -7.29289 3
      vertex 26.4536 -4.70709 3
    endloop
  endfacet
  facet normal 0 0 1
    outer loop
      vertex 26.1292 -4.92387 3
      vertex 26.1292 -7.07611 3
      vertex 26.4536 -7.29289 3
    endloop
  endfacet
  facet normal -0 0 1
    outer loop
      vertex 25.7465 -5 3
      vertex 26.1292 -7.07611 3
      vertex 26.1292 -4.92387 3
    endloop
  endfacet
  facet normal 0 0 1
    outer loop
      vertex 25.7465 -5 3
      vertex 25.7465 -7 3
      vertex 26.1292 -7.07611 3
    endloop
  endfacet
  facet normal 0 0 1
    outer loop
      vertex 25.3638 -4.92387 3
      vertex 25.7465 -7 3
      vertex 25.7465 -5 3
    endloop
  endfacet
  facet normal 0 0 1
    outer loop
      vertex 25.3638 -4.92387 3
      vertex 25.3638 -7.07611 3
      vertex 25.7465 -7 3
    endloop
  endfacet
  facet normal 0 0 1
    outer loop
      vertex 25.0394 -4.70709 3
      vertex 25.3638 -7.07611 3
      vertex 25.3638 -4.92387 3
    endloop
  endfacet
  facet normal 0 0 1
    outer loop
      vertex 25.0394 -4.70709 3
      vertex 25.0394 -7.29289 3
      vertex 25.3638 -7.07611 3
    endloop
  endfacet
  facet normal 0 0 1
    outer loop
      vertex 24.8226 -4.38268 3
      vertex 25.0394 -7.29289 3
      vertex 25.0394 -4.70709 3
    endloop
  endfacet
  facet normal 0 0 1
    outer loop
      vertex 24.8226 -4.38268 3
      vertex 24.8226 -7.61731 3
      vertex 25.0394 -7.29289 3
    endloop
  endfacet
  facet normal 0 0 1
    outer loop
      vertex 24.7465 -4 3
      vertex 24.8226 -7.61731 3
      vertex 24.8226 -4.38268 3
    endloop
  endfacet
  facet normal 0 0 1
    outer loop
      vertex 24.8226 -7.61731 3
      vertex 24.7465 -4 3
      vertex 24.7465 -8 3
    endloop
  endfacet
  facet normal 0 0 1
    outer loop
      vertex 29.0394 -0.707092 3
      vertex 26.4536 -0.707092 3
      vertex 29.0394 -3.29289 3
    endloop
  endfacet
  facet normal 0 0 1
    outer loop
      vertex 29.0394 -3.29289 3
      vertex 26.6704 -3.61731 3
      vertex 26.7465 -4 3
    endloop
  endfacet
  facet normal 0 0 1
    outer loop
      vertex 26.4536 -3.29289 3
      vertex 29.0394 -3.29289 3
      vertex 26.4536 -0.707092 3
    endloop
  endfacet
  facet normal 0 0 1
    outer loop
      vertex 29.0394 -3.29289 3
      vertex 26.4536 -3.29289 3
      vertex 26.6704 -3.61731 3
    endloop
  endfacet
  facet normal -0 0 1
    outer loop
      vertex 26.1292 -0.923874 3
      vertex 26.4536 -3.29289 3
      vertex 26.4536 -0.707092 3
    endloop
  endfacet
  facet normal 0 0 1
    outer loop
      vertex 26.1292 -0.923874 3
      vertex 26.1292 -3.07611 3
      vertex 26.4536 -3.29289 3
    endloop
  endfacet
  facet normal -0 0 1
    outer loop
      vertex 25.7465 -1 3
      vertex 26.1292 -3.07611 3
      vertex 26.1292 -0.923874 3
    endloop
  endfacet
  facet normal 0 0 1
    outer loop
      vertex 25.7465 -1 3
      vertex 25.7465 -3 3
      vertex 26.1292 -3.07611 3
    endloop
  endfacet
  facet normal 0 0 1
    outer loop
      vertex 25.3638 -0.923874 3
      vertex 25.7465 -3 3
      vertex 25.7465 -1 3
    endloop
  endfacet
  facet normal 0 0 1
    outer loop
      vertex 25.3638 -0.923874 3
      vertex 25.3638 -3.07611 3
      vertex 25.7465 -3 3
    endloop
  endfacet
  facet normal 0 0 1
    outer loop
      vertex 25.0394 -0.707092 3
      vertex 25.3638 -3.07611 3
      vertex 25.3638 -0.923874 3
    endloop
  endfacet
  facet normal 0 0 1
    outer loop
      vertex 25.0394 -0.707092 3
      vertex 25.0394 -3.29289 3
      vertex 25.3638 -3.07611 3
    endloop
  endfacet
  facet normal 0 0 1
    outer loop
      vertex 24.8226 -0.382675 3
      vertex 25.0394 -3.29289 3
      vertex 25.0394 -0.707092 3
    endloop
  endfacet
  facet normal 0 0 1
    outer loop
      vertex 24.8226 -0.382675 3
      vertex 24.8226 -3.61731 3
      vertex 25.0394 -3.29289 3
    endloop
  endfacet
  facet normal 0 0 1
    outer loop
      vertex 24.7465 0 3
      vertex 24.8226 -3.61731 3
      vertex 24.8226 -0.382675 3
    endloop
  endfacet
  facet normal 0 0 1
    outer loop
      vertex 24.8226 -3.61731 3
      vertex 24.7465 0 3
      vertex 24.7465 -4 3
    endloop
  endfacet
  facet normal 0 0 1
    outer loop
      vertex 29.0394 3.29289 3
      vertex 26.4536 3.29289 3
      vertex 29.0394 0.707092 3
    endloop
  endfacet
  facet normal 0 0 1
    outer loop
      vertex 29.0394 0.707092 3
      vertex 26.6704 0.382675 3
      vertex 26.7465 0 3
    endloop
  endfacet
  facet normal 0 0 1
    outer loop
      vertex 26.4536 0.707092 3
      vertex 29.0394 0.707092 3
      vertex 26.4536 3.29289 3
    endloop
  endfacet
  facet normal 0 0 1
    outer loop
      vertex 29.0394 0.707092 3
      vertex 26.4536 0.707092 3
      vertex 26.6704 0.382675 3
    endloop
  endfacet
  facet normal -0 0 1
    outer loop
      vertex 26.1292 3.07611 3
      vertex 26.4536 0.707092 3
      vertex 26.4536 3.29289 3
    endloop
  endfacet
  facet normal 0 0 1
    outer loop
      vertex 26.1292 3.07611 3
      vertex 26.1292 0.923874 3
      vertex 26.4536 0.707092 3
    endloop
  endfacet
  facet normal -0 0 1
    outer loop
      vertex 25.7465 3 3
      vertex 26.1292 0.923874 3
      vertex 26.1292 3.07611 3
    endloop
  endfacet
  facet normal 0 0 1
    outer loop
      vertex 25.7465 3 3
      vertex 25.7465 1 3
      vertex 26.1292 0.923874 3
    endloop
  endfacet
  facet normal 0 0 1
    outer loop
      vertex 25.3638 3.07611 3
      vertex 25.7465 1 3
      vertex 25.7465 3 3
    endloop
  endfacet
  facet normal 0 0 1
    outer loop
      vertex 25.3638 3.07611 3
      vertex 25.3638 0.923874 3
      vertex 25.7465 1 3
    endloop
  endfacet
  facet normal 0 0 1
    outer loop
      vertex 25.0394 3.29289 3
      vertex 25.3638 0.923874 3
      vertex 25.3638 3.07611 3
    endloop
  endfacet
  facet normal 0 0 1
    outer loop
      vertex 25.0394 3.29289 3
      vertex 25.0394 0.707092 3
      vertex 25.3638 0.923874 3
    endloop
  endfacet
  facet normal 0 0 1
    outer loop
      vertex 24.8226 3.61731 3
      vertex 25.0394 0.707092 3
      vertex 25.0394 3.29289 3
    endloop
  endfacet
  facet normal 0 0 1
    outer loop
      vertex 24.8226 3.61731 3
      vertex 24.8226 0.382675 3
      vertex 25.0394 0.707092 3
    endloop
  endfacet
  facet normal 0 0 1
    outer loop
      vertex 24.7465 4 3
      vertex 24.8226 0.382675 3
      vertex 24.8226 3.61731 3
    endloop
  endfacet
  facet normal 0 0 1
    outer loop
      vertex 24.8226 0.382675 3
      vertex 24.7465 4 3
      vertex 24.7465 0 3
    endloop
  endfacet
  facet normal 0 0 1
    outer loop
      vertex 29.0394 7.29289 3
      vertex 26.4536 7.29289 3
      vertex 29.0394 4.70709 3
    endloop
  endfacet
  facet normal 0 0 1
    outer loop
      vertex 29.0394 4.70709 3
      vertex 26.6704 4.38268 3
      vertex 26.7465 4 3
    endloop
  endfacet
  facet normal 0 0 1
    outer loop
      vertex 26.4536 4.70709 3
      vertex 29.0394 4.70709 3
      vertex 26.4536 7.29289 3
    endloop
  endfacet
  facet normal 0 0 1
    outer loop
      vertex 29.0394 4.70709 3
      vertex 26.4536 4.70709 3
      vertex 26.6704 4.38268 3
    endloop
  endfacet
  facet normal -0 0 1
    outer loop
      vertex 26.1292 7.07611 3
      vertex 26.4536 4.70709 3
      vertex 26.4536 7.29289 3
    endloop
  endfacet
  facet normal 0 0 1
    outer loop
      vertex 26.1292 7.07611 3
      vertex 26.1292 4.92387 3
      vertex 26.4536 4.70709 3
    endloop
  endfacet
  facet normal -0 0 1
    outer loop
      vertex 25.7465 7 3
      vertex 26.1292 4.92387 3
      vertex 26.1292 7.07611 3
    endloop
  endfacet
  facet normal 0 0 1
    outer loop
      vertex 25.7465 7 3
      vertex 25.7465 5 3
      vertex 26.1292 4.92387 3
    endloop
  endfacet
  facet normal 0 0 1
    outer loop
      vertex 25.3638 7.07611 3
      vertex 25.7465 5 3
      vertex 25.7465 7 3
    endloop
  endfacet
  facet normal 0 0 1
    outer loop
      vertex 25.3638 7.07611 3
      vertex 25.3638 4.92387 3
      vertex 25.7465 5 3
    endloop
  endfacet
  facet normal 0 0 1
    outer loop
      vertex 25.0394 7.29289 3
      vertex 25.3638 4.92387 3
      vertex 25.3638 7.07611 3
    endloop
  endfacet
  facet normal 0 0 1
    outer loop
      vertex 25.0394 7.29289 3
      vertex 25.0394 4.70709 3
      vertex 25.3638 4.92387 3
    endloop
  endfacet
  facet normal 0 0 1
    outer loop
      vertex 24.8226 7.61731 3
      vertex 25.0394 4.70709 3
      vertex 25.0394 7.29289 3
    endloop
  endfacet
  facet normal 0 0 1
    outer loop
      vertex 24.8226 7.61731 3
      vertex 24.8226 4.38268 3
      vertex 25.0394 4.70709 3
    endloop
  endfacet
  facet normal 0 0 1
    outer loop
      vertex 24.7465 8 3
      vertex 24.8226 4.38268 3
      vertex 24.8226 7.61731 3
    endloop
  endfacet
  facet normal 0 0 1
    outer loop
      vertex 24.8226 4.38268 3
      vertex 24.7465 8 3
      vertex 24.7465 4 3
    endloop
  endfacet
  facet normal 0 0 1
    outer loop
      vertex 33.0394 -4.70709 3
      vertex 30.4536 -4.70709 3
      vertex 33.0394 -7.29289 3
    endloop
  endfacet
  facet normal 0 0 1
    outer loop
      vertex 33.0394 -7.29289 3
      vertex 30.6704 -7.61731 3
      vertex 30.7465 -8 3
    endloop
  endfacet
  facet normal 0 0 1
    outer loop
      vertex 30.4536 -7.29289 3
      vertex 33.0394 -7.29289 3
      vertex 30.4536 -4.70709 3
    endloop
  endfacet
  facet normal 0 0 1
    outer loop
      vertex 33.0394 -7.29289 3
      vertex 30.4536 -7.29289 3
      vertex 30.6704 -7.61731 3
    endloop
  endfacet
  facet normal -0 0 1
    outer loop
      vertex 30.1292 -4.92387 3
      vertex 30.4536 -7.29289 3
      vertex 30.4536 -4.70709 3
    endloop
  endfacet
  facet normal 0 0 1
    outer loop
      vertex 30.1292 -4.92387 3
      vertex 30.1292 -7.07611 3
      vertex 30.4536 -7.29289 3
    endloop
  endfacet
  facet normal -0 0 1
    outer loop
      vertex 29.7465 -5 3
      vertex 30.1292 -7.07611 3
      vertex 30.1292 -4.92387 3
    endloop
  endfacet
  facet normal 0 0 1
    outer loop
      vertex 29.7465 -5 3
      vertex 29.7465 -7 3
      vertex 30.1292 -7.07611 3
    endloop
  endfacet
  facet normal 0 0 1
    outer loop
      vertex 29.3638 -4.92387 3
      vertex 29.7465 -7 3
      vertex 29.7465 -5 3
    endloop
  endfacet
  facet normal 0 0 1
    outer loop
      vertex 29.3638 -4.92387 3
      vertex 29.3638 -7.07611 3
      vertex 29.7465 -7 3
    endloop
  endfacet
  facet normal 0 0 1
    outer loop
      vertex 29.0394 -4.70709 3
      vertex 29.3638 -7.07611 3
      vertex 29.3638 -4.92387 3
    endloop
  endfacet
  facet normal 0 0 1
    outer loop
      vertex 29.0394 -4.70709 3
      vertex 29.0394 -7.29289 3
      vertex 29.3638 -7.07611 3
    endloop
  endfacet
  facet normal 0 0 1
    outer loop
      vertex 26.6704 -4.38268 3
      vertex 28.8226 -4.38268 3
      vertex 26.7465 -4 3
    endloop
  endfacet
  facet normal 0 0 1
    outer loop
      vertex 28.8226 -4.38268 3
      vertex 26.6704 -4.38268 3
      vertex 29.0394 -4.70709 3
    endloop
  endfacet
  facet normal -0 0 1
    outer loop
      vertex 26.7465 -4 3
      vertex 28.8226 -4.38268 3
      vertex 28.7465 -4 3
    endloop
  endfacet
  facet normal 0 0 1
    outer loop
      vertex 26.4536 -4.70709 3
      vertex 29.0394 -4.70709 3
      vertex 26.6704 -4.38268 3
    endloop
  endfacet
  facet normal 0 0 1
    outer loop
      vertex 33.0394 -0.707092 3
      vertex 30.4536 -0.707092 3
      vertex 33.0394 -3.29289 3
    endloop
  endfacet
  facet normal 0 0 1
    outer loop
      vertex 33.0394 -3.29289 3
      vertex 30.6704 -3.61731 3
      vertex 30.7465 -4 3
    endloop
  endfacet
  facet normal 0 0 1
    outer loop
      vertex 30.4536 -3.29289 3
      vertex 33.0394 -3.29289 3
      vertex 30.4536 -0.707092 3
    endloop
  endfacet
  facet normal 0 0 1
    outer loop
      vertex 33.0394 -3.29289 3
      vertex 30.4536 -3.29289 3
      vertex 30.6704 -3.61731 3
    endloop
  endfacet
  facet normal -0 0 1
    outer loop
      vertex 30.1292 -0.923874 3
      vertex 30.4536 -3.29289 3
      vertex 30.4536 -0.707092 3
    endloop
  endfacet
  facet normal 0 0 1
    outer loop
      vertex 30.1292 -0.923874 3
      vertex 30.1292 -3.07611 3
      vertex 30.4536 -3.29289 3
    endloop
  endfacet
  facet normal -0 0 1
    outer loop
      vertex 29.7465 -1 3
      vertex 30.1292 -3.07611 3
      vertex 30.1292 -0.923874 3
    endloop
  endfacet
  facet normal 0 0 1
    outer loop
      vertex 29.7465 -1 3
      vertex 29.7465 -3 3
      vertex 30.1292 -3.07611 3
    endloop
  endfacet
  facet normal 0 0 1
    outer loop
      vertex 29.3638 -0.923874 3
      vertex 29.7465 -3 3
      vertex 29.7465 -1 3
    endloop
  endfacet
  facet normal 0 0 1
    outer loop
      vertex 29.3638 -0.923874 3
      vertex 29.3638 -3.07611 3
      vertex 29.7465 -3 3
    endloop
  endfacet
  facet normal 0 0 1
    outer loop
      vertex 29.0394 -0.707092 3
      vertex 29.3638 -3.07611 3
      vertex 29.3638 -0.923874 3
    endloop
  endfacet
  facet normal 0 0 1
    outer loop
      vertex 29.0394 -0.707092 3
      vertex 29.0394 -3.29289 3
      vertex 29.3638 -3.07611 3
    endloop
  endfacet
  facet normal 0 0 1
    outer loop
      vertex 26.6704 -0.382675 3
      vertex 28.8226 -0.382675 3
      vertex 26.7465 0 3
    endloop
  endfacet
  facet normal 0 0 1
    outer loop
      vertex 28.8226 -0.382675 3
      vertex 26.6704 -0.382675 3
      vertex 29.0394 -0.707092 3
    endloop
  endfacet
  facet normal -0 0 1
    outer loop
      vertex 26.7465 0 3
      vertex 28.8226 -0.382675 3
      vertex 28.7465 0 3
    endloop
  endfacet
  facet normal 0 0 1
    outer loop
      vertex 26.4536 -0.707092 3
      vertex 29.0394 -0.707092 3
      vertex 26.6704 -0.382675 3
    endloop
  endfacet
  facet normal 0 0 1
    outer loop
      vertex 33.0394 3.29289 3
      vertex 30.4536 3.29289 3
      vertex 33.0394 0.707092 3
    endloop
  endfacet
  facet normal 0 0 1
    outer loop
      vertex 33.0394 0.707092 3
      vertex 30.6704 0.382675 3
      vertex 30.7465 0 3
    endloop
  endfacet
  facet normal 0 0 1
    outer loop
      vertex 30.4536 0.707092 3
      vertex 33.0394 0.707092 3
      vertex 30.4536 3.29289 3
    endloop
  endfacet
  facet normal 0 0 1
    outer loop
      vertex 33.0394 0.707092 3
      vertex 30.4536 0.707092 3
      vertex 30.6704 0.382675 3
    endloop
  endfacet
  facet normal -0 0 1
    outer loop
      vertex 30.1292 3.07611 3
      vertex 30.4536 0.707092 3
      vertex 30.4536 3.29289 3
    endloop
  endfacet
  facet normal 0 0 1
    outer loop
      vertex 30.1292 3.07611 3
      vertex 30.1292 0.923874 3
      vertex 30.4536 0.707092 3
    endloop
  endfacet
  facet normal -0 0 1
    outer loop
      vertex 29.7465 3 3
      vertex 30.1292 0.923874 3
      vertex 30.1292 3.07611 3
    endloop
  endfacet
  facet normal 0 0 1
    outer loop
      vertex 29.7465 3 3
      vertex 29.7465 1 3
      vertex 30.1292 0.923874 3
    endloop
  endfacet
  facet normal 0 0 1
    outer loop
      vertex 29.3638 3.07611 3
      vertex 29.7465 1 3
      vertex 29.7465 3 3
    endloop
  endfacet
  facet normal 0 0 1
    outer loop
      vertex 29.3638 3.07611 3
      vertex 29.3638 0.923874 3
      vertex 29.7465 1 3
    endloop
  endfacet
  facet normal 0 0 1
    outer loop
      vertex 29.0394 3.29289 3
      vertex 29.3638 0.923874 3
      vertex 29.3638 3.07611 3
    endloop
  endfacet
  facet normal 0 0 1
    outer loop
      vertex 29.0394 3.29289 3
      vertex 29.0394 0.707092 3
      vertex 29.3638 0.923874 3
    endloop
  endfacet
  facet normal 0 0 1
    outer loop
      vertex 26.6704 3.61731 3
      vertex 28.8226 3.61731 3
      vertex 26.7465 4 3
    endloop
  endfacet
  facet normal 0 0 1
    outer loop
      vertex 28.8226 3.61731 3
      vertex 26.6704 3.61731 3
      vertex 29.0394 3.29289 3
    endloop
  endfacet
  facet normal -0 0 1
    outer loop
      vertex 26.7465 4 3
      vertex 28.8226 3.61731 3
      vertex 28.7465 4 3
    endloop
  endfacet
  facet normal 0 0 1
    outer loop
      vertex 26.4536 3.29289 3
      vertex 29.0394 3.29289 3
      vertex 26.6704 3.61731 3
    endloop
  endfacet
  facet normal 0 0 1
    outer loop
      vertex 33.0394 7.29289 3
      vertex 30.4536 7.29289 3
      vertex 33.0394 4.70709 3
    endloop
  endfacet
  facet normal 0 0 1
    outer loop
      vertex 33.0394 4.70709 3
      vertex 30.6704 4.38268 3
      vertex 30.7465 4 3
    endloop
  endfacet
  facet normal 0 0 1
    outer loop
      vertex 30.4536 4.70709 3
      vertex 33.0394 4.70709 3
      vertex 30.4536 7.29289 3
    endloop
  endfacet
  facet normal 0 0 1
    outer loop
      vertex 33.0394 4.70709 3
      vertex 30.4536 4.70709 3
      vertex 30.6704 4.38268 3
    endloop
  endfacet
  facet normal -0 0 1
    outer loop
      vertex 30.1292 7.07611 3
      vertex 30.4536 4.70709 3
      vertex 30.4536 7.29289 3
    endloop
  endfacet
  facet normal 0 0 1
    outer loop
      vertex 30.1292 7.07611 3
      vertex 30.1292 4.92387 3
      vertex 30.4536 4.70709 3
    endloop
  endfacet
  facet normal -0 0 1
    outer loop
      vertex 29.7465 7 3
      vertex 30.1292 4.92387 3
      vertex 30.1292 7.07611 3
    endloop
  endfacet
  facet normal 0 0 1
    outer loop
      vertex 29.7465 7 3
      vertex 29.7465 5 3
      vertex 30.1292 4.92387 3
    endloop
  endfacet
  facet normal 0 0 1
    outer loop
      vertex 29.3638 7.07611 3
      vertex 29.7465 5 3
      vertex 29.7465 7 3
    endloop
  endfacet
  facet normal 0 0 1
    outer loop
      vertex 29.3638 7.07611 3
      vertex 29.3638 4.92387 3
      vertex 29.7465 5 3
    endloop
  endfacet
  facet normal 0 0 1
    outer loop
      vertex 29.0394 7.29289 3
      vertex 29.3638 4.92387 3
      vertex 29.3638 7.07611 3
    endloop
  endfacet
  facet normal 0 0 1
    outer loop
      vertex 29.0394 7.29289 3
      vertex 29.0394 4.70709 3
      vertex 29.3638 4.92387 3
    endloop
  endfacet
  facet normal 0 0 1
    outer loop
      vertex 26.6704 7.61731 3
      vertex 28.8226 7.61731 3
      vertex 26.7465 8 3
    endloop
  endfacet
  facet normal 0 0 1
    outer loop
      vertex 28.8226 7.61731 3
      vertex 26.6704 7.61731 3
      vertex 29.0394 7.29289 3
    endloop
  endfacet
  facet normal -0 0 1
    outer loop
      vertex 26.7465 8 3
      vertex 28.8226 7.61731 3
      vertex 28.7465 8 3
    endloop
  endfacet
  facet normal 0 0 1
    outer loop
      vertex 26.4536 7.29289 3
      vertex 29.0394 7.29289 3
      vertex 26.6704 7.61731 3
    endloop
  endfacet
  facet normal 0 0 1
    outer loop
      vertex 25.3638 8.92387 3
      vertex 16.6443 22.5841 3
      vertex 25.0394 8.70709 3
    endloop
  endfacet
  facet normal -0 0 1
    outer loop
      vertex 15.8147 22.0757 3
      vertex 25.0394 8.70709 3
      vertex 16.6443 22.5841 3
    endloop
  endfacet
  facet normal -0 0 1
    outer loop
      vertex 14.9159 21.7034 3
      vertex 25.0394 8.70709 3
      vertex 15.8147 22.0757 3
    endloop
  endfacet
  facet normal 0 0 1
    outer loop
      vertex 25.0394 8.70709 3
      vertex 14.9159 21.7034 3
      vertex 24.8226 8.38268 3
    endloop
  endfacet
  facet normal -0 0 1
    outer loop
      vertex 13.9699 21.4763 3
      vertex 24.8226 8.38268 3
      vertex 14.9159 21.7034 3
    endloop
  endfacet
  facet normal -0 0 1
    outer loop
      vertex 13 21.4 3
      vertex 24.8226 8.38268 3
      vertex 13.9699 21.4763 3
    endloop
  endfacet
  facet normal 0 -0 1
    outer loop
      vertex 6.2 -10.6 3
      vertex 24.7465 0 3
      vertex 6.12366 -9.6301 3
    endloop
  endfacet
  facet normal 0 0 1
    outer loop
      vertex 24.7465 0 3
      vertex 19 -23.4 3
      vertex 19.9699 -23.4763 3
    endloop
  endfacet
  facet normal 0 0 1
    outer loop
      vertex 24.7465 0 3
      vertex 6.2 -10.6 3
      vertex 19 -23.4 3
    endloop
  endfacet
  facet normal 0 0 1
    outer loop
      vertex 19 -23.4 3
      vertex 6.2 -10.6 3
      vertex 18.0301 -23.4763 3
    endloop
  endfacet
  facet normal 0 0 1
    outer loop
      vertex 24.8226 8.38268 3
      vertex 13 21.4 3
      vertex 24.7465 8 3
    endloop
  endfacet
  facet normal -0 0 1
    outer loop
      vertex 6.12366 -11.5699 3
      vertex 18.0301 -23.4763 3
      vertex 6.2 -10.6 3
    endloop
  endfacet
  facet normal 0 0 1
    outer loop
      vertex 12.0301 21.4763 3
      vertex 24.7465 8 3
      vertex 13 21.4 3
    endloop
  endfacet
  facet normal 0 0 1
    outer loop
      vertex 18.0301 -23.4763 3
      vertex 6.12366 -11.5699 3
      vertex 17.0841 -23.7034 3
    endloop
  endfacet
  facet normal -0 0 1
    outer loop
      vertex 5.89655 -12.5159 3
      vertex 17.0841 -23.7034 3
      vertex 6.12366 -11.5699 3
    endloop
  endfacet
  facet normal 0 0 1
    outer loop
      vertex 24.7465 8 3
      vertex 12.0301 21.4763 3
      vertex 24.7465 4 3
    endloop
  endfacet
  facet normal 0 0 1
    outer loop
      vertex 17.0841 -23.7034 3
      vertex 5.89655 -12.5159 3
      vertex 16.1853 -24.0757 3
    endloop
  endfacet
  facet normal -0 0 1
    outer loop
      vertex 5.52423 -13.4147 3
      vertex 16.1853 -24.0757 3
      vertex 5.89655 -12.5159 3
    endloop
  endfacet
  facet normal 0 0 1
    outer loop
      vertex 6.12366 -9.6301 3
      vertex 24.7465 4 3
      vertex 12.0301 21.4763 3
    endloop
  endfacet
  facet normal 0 0 1
    outer loop
      vertex 16.1853 -24.0757 3
      vertex 5.52423 -13.4147 3
      vertex 15.3557 -24.5841 3
    endloop
  endfacet
  facet normal -0 0 1
    outer loop
      vertex 5.0159 -14.2443 3
      vertex 15.3557 -24.5841 3
      vertex 5.52423 -13.4147 3
    endloop
  endfacet
  facet normal 0 0 1
    outer loop
      vertex 24.7465 4 3
      vertex 6.12366 -9.6301 3
      vertex 24.7465 0 3
    endloop
  endfacet
  facet normal -0 0 1
    outer loop
      vertex 18.1974 53.1764 3
      vertex 18.8965 29.5159 3
      vertex 18.4235 53.8723 3
    endloop
  endfacet
  facet normal 0 0 1
    outer loop
      vertex 18.8965 29.5159 3
      vertex 18.1974 53.1764 3
      vertex 18.5242 30.4147 3
    endloop
  endfacet
  facet normal 0 0 1
    outer loop
      vertex 18.1974 53.1764 3
      vertex 18.0159 31.2443 3
      vertex 18.5242 30.4147 3
    endloop
  endfacet
  facet normal -0 0 1
    outer loop
      vertex 17.8316 52.5427 3
      vertex 18.0159 31.2443 3
      vertex 18.1974 53.1764 3
    endloop
  endfacet
  facet normal 0 0 1
    outer loop
      vertex 17.8316 52.5427 3
      vertex 17.384 31.9841 3
      vertex 18.0159 31.2443 3
    endloop
  endfacet
  facet normal -0 0 1
    outer loop
      vertex 17.3419 51.999 3
      vertex 17.384 31.9841 3
      vertex 17.8316 52.5427 3
    endloop
  endfacet
  facet normal 0 0 1
    outer loop
      vertex 16.6443 32.6159 3
      vertex 17.3419 51.999 3
      vertex 16.75 51.5689 3
    endloop
  endfacet
  facet normal 0 0 1
    outer loop
      vertex 17.3419 51.999 3
      vertex 16.6443 32.6159 3
      vertex 17.384 31.9841 3
    endloop
  endfacet
  facet normal 0 0 1
    outer loop
      vertex 15.8147 33.1242 3
      vertex 16.75 51.5689 3
      vertex 16.0816 51.2713 3
    endloop
  endfacet
  facet normal 0 0 1
    outer loop
      vertex 16.75 51.5689 3
      vertex 15.8147 33.1242 3
      vertex 16.6443 32.6159 3
    endloop
  endfacet
  facet normal 0 0 1
    outer loop
      vertex 14.9159 33.4965 3
      vertex 16.0816 51.2713 3
      vertex 15.3658 51.1192 3
    endloop
  endfacet
  facet normal 0 0 1
    outer loop
      vertex 16.0816 51.2713 3
      vertex 14.9159 33.4965 3
      vertex 15.8147 33.1242 3
    endloop
  endfacet
  facet normal 0 0 1
    outer loop
      vertex 13.9699 33.7237 3
      vertex 15.3658 51.1192 3
      vertex 14.6341 51.1192 3
    endloop
  endfacet
  facet normal 0 0 1
    outer loop
      vertex 15.3658 51.1192 3
      vertex 13.9699 33.7237 3
      vertex 14.9159 33.4965 3
    endloop
  endfacet
  facet normal 0 0 1
    outer loop
      vertex 13 33.8 3
      vertex 14.6341 51.1192 3
      vertex 13.9184 51.2713 3
    endloop
  endfacet
  facet normal 0 0 1
    outer loop
      vertex 12.0301 33.7237 3
      vertex 13.9184 51.2713 3
      vertex 13.25 51.5689 3
    endloop
  endfacet
  facet normal 0 0 1
    outer loop
      vertex 14.6341 51.1192 3
      vertex 13 33.8 3
      vertex 13.9699 33.7237 3
    endloop
  endfacet
  facet normal 0 0 1
    outer loop
      vertex 11.0841 33.4965 3
      vertex 13.25 51.5689 3
      vertex 12.658 51.999 3
    endloop
  endfacet
  facet normal 0 0 1
    outer loop
      vertex 9.35573 32.6159 3
      vertex 12.658 51.999 3
      vertex 12.1684 52.5427 3
    endloop
  endfacet
  facet normal 0 0 1
    outer loop
      vertex 13.9184 51.2713 3
      vertex 12.0301 33.7237 3
      vertex 13 33.8 3
    endloop
  endfacet
  facet normal 0 0 1
    outer loop
      vertex 8.61594 31.9841 3
      vertex 12.1684 52.5427 3
      vertex 11.8026 53.1764 3
    endloop
  endfacet
  facet normal 0 0 1
    outer loop
      vertex 7.98409 31.2443 3
      vertex 11.8026 53.1764 3
      vertex 11.5765 53.8723 3
    endloop
  endfacet
  facet normal -0 0 1
    outer loop
      vertex 1.72516 72.2142 3
      vertex 12.658 57.201 3
      vertex 2.23358 72.5257 3
    endloop
  endfacet
  facet normal 0 0 1
    outer loop
      vertex 13.25 51.5689 3
      vertex 11.0841 33.4965 3
      vertex 12.0301 33.7237 3
    endloop
  endfacet
  facet normal -0 0 1
    outer loop
      vertex 34.6704 -4.38268 3
      vertex 34.7465 -8 3
      vertex 34.7465 -4 3
    endloop
  endfacet
  facet normal 0 0 1
    outer loop
      vertex 34.6704 -4.38268 3
      vertex 34.6704 -7.61731 3
      vertex 34.7465 -8 3
    endloop
  endfacet
  facet normal -0 0 1
    outer loop
      vertex 34.4536 -4.70709 3
      vertex 34.6704 -7.61731 3
      vertex 34.6704 -4.38268 3
    endloop
  endfacet
  facet normal 0 0 1
    outer loop
      vertex 34.4536 -4.70709 3
      vertex 34.4536 -7.29289 3
      vertex 34.6704 -7.61731 3
    endloop
  endfacet
  facet normal -0 0 1
    outer loop
      vertex 34.1292 -4.92387 3
      vertex 34.4536 -7.29289 3
      vertex 34.4536 -4.70709 3
    endloop
  endfacet
  facet normal 0 0 1
    outer loop
      vertex 34.1292 -4.92387 3
      vertex 34.1292 -7.07611 3
      vertex 34.4536 -7.29289 3
    endloop
  endfacet
  facet normal -0 0 1
    outer loop
      vertex 33.7465 -5 3
      vertex 34.1292 -7.07611 3
      vertex 34.1292 -4.92387 3
    endloop
  endfacet
  facet normal 0 0 1
    outer loop
      vertex 33.7465 -5 3
      vertex 33.7465 -7 3
      vertex 34.1292 -7.07611 3
    endloop
  endfacet
  facet normal 0 0 1
    outer loop
      vertex 33.3638 -4.92387 3
      vertex 33.7465 -7 3
      vertex 33.7465 -5 3
    endloop
  endfacet
  facet normal 0 0 1
    outer loop
      vertex 33.3638 -4.92387 3
      vertex 33.3638 -7.07611 3
      vertex 33.7465 -7 3
    endloop
  endfacet
  facet normal 0 0 1
    outer loop
      vertex 33.0394 -4.70709 3
      vertex 33.3638 -7.07611 3
      vertex 33.3638 -4.92387 3
    endloop
  endfacet
  facet normal 0 0 1
    outer loop
      vertex 33.0394 -4.70709 3
      vertex 33.0394 -7.29289 3
      vertex 33.3638 -7.07611 3
    endloop
  endfacet
  facet normal 0 0 1
    outer loop
      vertex 30.6704 -4.38268 3
      vertex 32.8226 -4.38268 3
      vertex 30.7465 -4 3
    endloop
  endfacet
  facet normal 0 0 1
    outer loop
      vertex 32.8226 -4.38268 3
      vertex 30.6704 -4.38268 3
      vertex 33.0394 -4.70709 3
    endloop
  endfacet
  facet normal -0 0 1
    outer loop
      vertex 30.7465 -4 3
      vertex 32.8226 -4.38268 3
      vertex 32.7465 -4 3
    endloop
  endfacet
  facet normal 0 0 1
    outer loop
      vertex 30.4536 -4.70709 3
      vertex 33.0394 -4.70709 3
      vertex 30.6704 -4.38268 3
    endloop
  endfacet
  facet normal -0 0 1
    outer loop
      vertex 34.6704 -0.382675 3
      vertex 34.7465 -4 3
      vertex 34.7465 0 3
    endloop
  endfacet
  facet normal 0 0 1
    outer loop
      vertex 34.6704 -0.382675 3
      vertex 34.6704 -3.61731 3
      vertex 34.7465 -4 3
    endloop
  endfacet
  facet normal -0 0 1
    outer loop
      vertex 34.4536 -0.707092 3
      vertex 34.6704 -3.61731 3
      vertex 34.6704 -0.382675 3
    endloop
  endfacet
  facet normal 0 0 1
    outer loop
      vertex 34.4536 -0.707092 3
      vertex 34.4536 -3.29289 3
      vertex 34.6704 -3.61731 3
    endloop
  endfacet
  facet normal -0 0 1
    outer loop
      vertex 34.1292 -0.923874 3
      vertex 34.4536 -3.29289 3
      vertex 34.4536 -0.707092 3
    endloop
  endfacet
  facet normal 0 0 1
    outer loop
      vertex 34.1292 -0.923874 3
      vertex 34.1292 -3.07611 3
      vertex 34.4536 -3.29289 3
    endloop
  endfacet
  facet normal -0 0 1
    outer loop
      vertex 33.7465 -1 3
      vertex 34.1292 -3.07611 3
      vertex 34.1292 -0.923874 3
    endloop
  endfacet
  facet normal 0 0 1
    outer loop
      vertex 33.7465 -1 3
      vertex 33.7465 -3 3
      vertex 34.1292 -3.07611 3
    endloop
  endfacet
  facet normal 0 0 1
    outer loop
      vertex 33.3638 -0.923874 3
      vertex 33.7465 -3 3
      vertex 33.7465 -1 3
    endloop
  endfacet
  facet normal 0 0 1
    outer loop
      vertex 33.3638 -0.923874 3
      vertex 33.3638 -3.07611 3
      vertex 33.7465 -3 3
    endloop
  endfacet
  facet normal 0 0 1
    outer loop
      vertex 33.0394 -0.707092 3
      vertex 33.3638 -3.07611 3
      vertex 33.3638 -0.923874 3
    endloop
  endfacet
  facet normal 0 0 1
    outer loop
      vertex 33.0394 -0.707092 3
      vertex 33.0394 -3.29289 3
      vertex 33.3638 -3.07611 3
    endloop
  endfacet
  facet normal 0 0 1
    outer loop
      vertex 30.6704 -0.382675 3
      vertex 32.8226 -0.382675 3
      vertex 30.7465 0 3
    endloop
  endfacet
  facet normal 0 0 1
    outer loop
      vertex 32.8226 -0.382675 3
      vertex 30.6704 -0.382675 3
      vertex 33.0394 -0.707092 3
    endloop
  endfacet
  facet normal -0 0 1
    outer loop
      vertex 30.7465 0 3
      vertex 32.8226 -0.382675 3
      vertex 32.7465 0 3
    endloop
  endfacet
  facet normal 0 0 1
    outer loop
      vertex 30.4536 -0.707092 3
      vertex 33.0394 -0.707092 3
      vertex 30.6704 -0.382675 3
    endloop
  endfacet
  facet normal -0 0 1
    outer loop
      vertex 34.6704 3.61731 3
      vertex 34.7465 0 3
      vertex 34.7465 4 3
    endloop
  endfacet
  facet normal 0 0 1
    outer loop
      vertex 34.6704 3.61731 3
      vertex 34.6704 0.382675 3
      vertex 34.7465 0 3
    endloop
  endfacet
  facet normal -0 0 1
    outer loop
      vertex 34.4536 3.29289 3
      vertex 34.6704 0.382675 3
      vertex 34.6704 3.61731 3
    endloop
  endfacet
  facet normal 0 0 1
    outer loop
      vertex 34.4536 3.29289 3
      vertex 34.4536 0.707092 3
      vertex 34.6704 0.382675 3
    endloop
  endfacet
  facet normal -0 0 1
    outer loop
      vertex 34.1292 3.07611 3
      vertex 34.4536 0.707092 3
      vertex 34.4536 3.29289 3
    endloop
  endfacet
  facet normal 0 0 1
    outer loop
      vertex 34.1292 3.07611 3
      vertex 34.1292 0.923874 3
      vertex 34.4536 0.707092 3
    endloop
  endfacet
  facet normal -0 0 1
    outer loop
      vertex 33.7465 3 3
      vertex 34.1292 0.923874 3
      vertex 34.1292 3.07611 3
    endloop
  endfacet
  facet normal 0 0 1
    outer loop
      vertex 33.7465 3 3
      vertex 33.7465 1 3
      vertex 34.1292 0.923874 3
    endloop
  endfacet
  facet normal 0 0 1
    outer loop
      vertex 33.3638 3.07611 3
      vertex 33.7465 1 3
      vertex 33.7465 3 3
    endloop
  endfacet
  facet normal 0 0 1
    outer loop
      vertex 33.3638 3.07611 3
      vertex 33.3638 0.923874 3
      vertex 33.7465 1 3
    endloop
  endfacet
  facet normal 0 0 1
    outer loop
      vertex 33.0394 3.29289 3
      vertex 33.3638 0.923874 3
      vertex 33.3638 3.07611 3
    endloop
  endfacet
  facet normal 0 0 1
    outer loop
      vertex 33.0394 3.29289 3
      vertex 33.0394 0.707092 3
      vertex 33.3638 0.923874 3
    endloop
  endfacet
  facet normal 0 0 1
    outer loop
      vertex 30.6704 3.61731 3
      vertex 32.8226 3.61731 3
      vertex 30.7465 4 3
    endloop
  endfacet
  facet normal 0 0 1
    outer loop
      vertex 32.8226 3.61731 3
      vertex 30.6704 3.61731 3
      vertex 33.0394 3.29289 3
    endloop
  endfacet
  facet normal -0 0 1
    outer loop
      vertex 30.7465 4 3
      vertex 32.8226 3.61731 3
      vertex 32.7465 4 3
    endloop
  endfacet
  facet normal 0 0 1
    outer loop
      vertex 30.4536 3.29289 3
      vertex 33.0394 3.29289 3
      vertex 30.6704 3.61731 3
    endloop
  endfacet
  facet normal -0 0 1
    outer loop
      vertex 34.6704 7.61731 3
      vertex 34.7465 4 3
      vertex 34.7465 8 3
    endloop
  endfacet
  facet normal 0 0 1
    outer loop
      vertex 34.6704 7.61731 3
      vertex 34.6704 4.38268 3
      vertex 34.7465 4 3
    endloop
  endfacet
  facet normal -0 0 1
    outer loop
      vertex 34.4536 7.29289 3
      vertex 34.6704 4.38268 3
      vertex 34.6704 7.61731 3
    endloop
  endfacet
  facet normal 0 0 1
    outer loop
      vertex 34.4536 7.29289 3
      vertex 34.4536 4.70709 3
      vertex 34.6704 4.38268 3
    endloop
  endfacet
  facet normal -0 0 1
    outer loop
      vertex 34.1292 7.07611 3
      vertex 34.4536 4.70709 3
      vertex 34.4536 7.29289 3
    endloop
  endfacet
  facet normal 0 0 1
    outer loop
      vertex 34.1292 7.07611 3
      vertex 34.1292 4.92387 3
      vertex 34.4536 4.70709 3
    endloop
  endfacet
  facet normal -0 0 1
    outer loop
      vertex 33.7465 7 3
      vertex 34.1292 4.92387 3
      vertex 34.1292 7.07611 3
    endloop
  endfacet
  facet normal 0 0 1
    outer loop
      vertex 33.7465 7 3
      vertex 33.7465 5 3
      vertex 34.1292 4.92387 3
    endloop
  endfacet
  facet normal 0 0 1
    outer loop
      vertex 33.3638 7.07611 3
      vertex 33.7465 5 3
      vertex 33.7465 7 3
    endloop
  endfacet
  facet normal 0 0 1
    outer loop
      vertex 33.3638 7.07611 3
      vertex 33.3638 4.92387 3
      vertex 33.7465 5 3
    endloop
  endfacet
  facet normal 0 0 1
    outer loop
      vertex 33.0394 7.29289 3
      vertex 33.3638 4.92387 3
      vertex 33.3638 7.07611 3
    endloop
  endfacet
  facet normal 0 0 1
    outer loop
      vertex 33.0394 7.29289 3
      vertex 33.0394 4.70709 3
      vertex 33.3638 4.92387 3
    endloop
  endfacet
  facet normal 0 0 1
    outer loop
      vertex 30.6704 7.61731 3
      vertex 32.8226 7.61731 3
      vertex 30.7465 8 3
    endloop
  endfacet
  facet normal 0 0 1
    outer loop
      vertex 32.8226 7.61731 3
      vertex 30.6704 7.61731 3
      vertex 33.0394 7.29289 3
    endloop
  endfacet
  facet normal -0 0 1
    outer loop
      vertex 30.7465 8 3
      vertex 32.8226 7.61731 3
      vertex 32.7465 8 3
    endloop
  endfacet
  facet normal 0 0 1
    outer loop
      vertex 30.4536 7.29289 3
      vertex 33.0394 7.29289 3
      vertex 30.6704 7.61731 3
    endloop
  endfacet
  facet normal 0 0 1
    outer loop
      vertex 41.7465 99.6 3
      vertex 34.7465 8 3
      vertex 41.7465 -99.6 3
    endloop
  endfacet
  facet normal -0 0 1
    outer loop
      vertex 34.7465 4 3
      vertex 41.7465 -99.6 3
      vertex 34.7465 8 3
    endloop
  endfacet
  facet normal 0 0 1
    outer loop
      vertex 34.6704 8.38268 3
      vertex 35.3115 93.2673 3
      vertex 35.2082 92.9492 3
    endloop
  endfacet
  facet normal -0 0 1
    outer loop
      vertex 34.7465 0 3
      vertex 41.7465 -99.6 3
      vertex 34.7465 4 3
    endloop
  endfacet
  facet normal 0 0 1
    outer loop
      vertex 34.6704 8.38268 3
      vertex 35.2082 92.9492 3
      vertex 35.0409 92.6595 3
    endloop
  endfacet
  facet normal -0 0 1
    outer loop
      vertex 34.7465 -4 3
      vertex 41.7465 -99.6 3
      vertex 34.7465 0 3
    endloop
  endfacet
  facet normal 0 0 1
    outer loop
      vertex 34.4536 8.70709 3
      vertex 35.0409 92.6595 3
      vertex 34.8171 92.411 3
    endloop
  endfacet
  facet normal -0 0 1
    outer loop
      vertex 34.7465 -8 3
      vertex 41.7465 -99.6 3
      vertex 34.7465 -4 3
    endloop
  endfacet
  facet normal -0 0 1
    outer loop
      vertex 34.6704 -8.38268 3
      vertex 41.7465 -99.6 3
      vertex 34.7465 -8 3
    endloop
  endfacet
  facet normal 0 0 1
    outer loop
      vertex 35.3115 93.2673 3
      vertex 34.6704 8.38268 3
      vertex 34.7465 8 3
    endloop
  endfacet
  facet normal 0 0 1
    outer loop
      vertex 34.4536 8.70709 3
      vertex 34.8171 92.411 3
      vertex 34.5465 92.2144 3
    endloop
  endfacet
  facet normal 0 0 1
    outer loop
      vertex 35.0409 92.6595 3
      vertex 34.4536 8.70709 3
      vertex 34.6704 8.38268 3
    endloop
  endfacet
  facet normal 0 0 1
    outer loop
      vertex 34.1292 8.92387 3
      vertex 34.5465 92.2144 3
      vertex 34.2409 92.0783 3
    endloop
  endfacet
  facet normal 0 0 1
    outer loop
      vertex 34.5465 92.2144 3
      vertex 34.1292 8.92387 3
      vertex 34.4536 8.70709 3
    endloop
  endfacet
  facet normal -0 0 1
    outer loop
      vertex 33.9137 92.0088 3
      vertex 34.1292 8.92387 3
      vertex 34.2409 92.0783 3
    endloop
  endfacet
  facet normal 0 0 1
    outer loop
      vertex 33.9137 92.0088 3
      vertex 33.7465 9 3
      vertex 34.1292 8.92387 3
    endloop
  endfacet
  facet normal -0 0 1
    outer loop
      vertex 33.5793 92.0088 3
      vertex 33.7465 9 3
      vertex 33.9137 92.0088 3
    endloop
  endfacet
  facet normal 0 0 1
    outer loop
      vertex 33.5793 92.0088 3
      vertex 33.3638 8.92387 3
      vertex 33.7465 9 3
    endloop
  endfacet
  facet normal 0 0 1
    outer loop
      vertex 33.2521 92.0783 3
      vertex 33.3638 8.92387 3
      vertex 33.5793 92.0088 3
    endloop
  endfacet
  facet normal 0 0 1
    outer loop
      vertex 30.7465 8 3
      vertex 33.3638 8.92387 3
      vertex 33.2521 92.0783 3
    endloop
  endfacet
  facet normal 0 0 1
    outer loop
      vertex 30.7465 8 3
      vertex 33.2521 92.0783 3
      vertex 32.9465 92.2144 3
    endloop
  endfacet
  facet normal 0 0 1
    outer loop
      vertex 33.3638 8.92387 3
      vertex 30.7465 8 3
      vertex 33.0394 8.70709 3
    endloop
  endfacet
  facet normal 0 0 1
    outer loop
      vertex 33.0394 8.70709 3
      vertex 30.7465 8 3
      vertex 32.8226 8.38268 3
    endloop
  endfacet
  facet normal 0 0 1
    outer loop
      vertex 32.8226 4.38268 3
      vertex 30.7465 4 3
      vertex 32.7465 4 3
    endloop
  endfacet
  facet normal 0 0 1
    outer loop
      vertex 33.0394 0.707092 3
      vertex 30.7465 0 3
      vertex 32.8226 0.382675 3
    endloop
  endfacet
  facet normal 0 0 1
    outer loop
      vertex 33.0394 -3.29289 3
      vertex 30.7465 -4 3
      vertex 32.8226 -3.61731 3
    endloop
  endfacet
  facet normal 0 0 1
    outer loop
      vertex 32.8226 8.38268 3
      vertex 30.7465 8 3
      vertex 32.7465 8 3
    endloop
  endfacet
  facet normal 0 0 1
    outer loop
      vertex 30.7465 8 3
      vertex 32.9465 92.2144 3
      vertex 32.6759 92.411 3
    endloop
  endfacet
  facet normal 0 0 1
    outer loop
      vertex 34.7465 8 3
      vertex 41.7465 99.6 3
      vertex 35.3115 93.2673 3
    endloop
  endfacet
  facet normal 0 0 1
    outer loop
      vertex 39.7465 101.6 3
      vertex 41.7465 99.6 3
      vertex 40.9935 101.164 3
    endloop
  endfacet
  facet normal 0 0 1
    outer loop
      vertex 34.8171 94.789 3
      vertex 41.7465 99.6 3
      vertex 39.7465 101.6 3
    endloop
  endfacet
  facet normal 0 0 1
    outer loop
      vertex 35.3115 93.2673 3
      vertex 41.7465 99.6 3
      vertex 35.3465 93.6 3
    endloop
  endfacet
  facet normal -0 0 1
    outer loop
      vertex 35.3115 -93.9326 3
      vertex 41.7465 -99.6 3
      vertex 35.3465 -93.6 3
    endloop
  endfacet
  facet normal 0 0 1
    outer loop
      vertex 41.7465 99.6 3
      vertex 35.3115 93.9326 3
      vertex 35.3465 93.6 3
    endloop
  endfacet
  facet normal 0 0 1
    outer loop
      vertex 41.7465 99.6 3
      vertex 35.2082 94.2508 3
      vertex 35.3115 93.9326 3
    endloop
  endfacet
  facet normal 0 0 1
    outer loop
      vertex 41.7465 99.6 3
      vertex 35.0409 94.5405 3
      vertex 35.2082 94.2508 3
    endloop
  endfacet
  facet normal 0 0 1
    outer loop
      vertex 41.7465 99.6 3
      vertex 34.8171 94.789 3
      vertex 35.0409 94.5405 3
    endloop
  endfacet
  facet normal 0 0 1
    outer loop
      vertex 39.7465 101.6 3
      vertex 34.5465 94.9856 3
      vertex 34.8171 94.789 3
    endloop
  endfacet
  facet normal 0 0 1
    outer loop
      vertex 39.7465 101.6 3
      vertex 34.2409 95.1217 3
      vertex 34.5465 94.9856 3
    endloop
  endfacet
  facet normal 0 0 1
    outer loop
      vertex 39.7465 101.6 3
      vertex 33.9137 95.1912 3
      vertex 34.2409 95.1217 3
    endloop
  endfacet
  facet normal 0 0 1
    outer loop
      vertex 39.7465 101.6 3
      vertex 33.5793 95.1912 3
      vertex 33.9137 95.1912 3
    endloop
  endfacet
  facet normal 0 0 1
    outer loop
      vertex 39.7465 101.6 3
      vertex 33.2521 95.1217 3
      vertex 33.5793 95.1912 3
    endloop
  endfacet
  facet normal 0 0 1
    outer loop
      vertex 39.7465 101.6 3
      vertex 32.9465 94.9856 3
      vertex 33.2521 95.1217 3
    endloop
  endfacet
  facet normal 0 0 1
    outer loop
      vertex 39.7465 101.6 3
      vertex 32.6759 94.789 3
      vertex 32.9465 94.9856 3
    endloop
  endfacet
  facet normal 0 0 1
    outer loop
      vertex 32.8226 -3.61731 3
      vertex 30.7465 -4 3
      vertex 32.7465 -4 3
    endloop
  endfacet
  facet normal 0 0 1
    outer loop
      vertex 32.1815 93.2673 3
      vertex 30.6704 8.38268 3
      vertex 30.7465 8 3
    endloop
  endfacet
  facet normal 0 0 1
    outer loop
      vertex 32.1815 93.2673 3
      vertex 18.5 54.6 3
      vertex 30.6704 8.38268 3
    endloop
  endfacet
  facet normal 0 0 1
    outer loop
      vertex 30.6704 8.38268 3
      vertex 18.5 54.6 3
      vertex 30.4536 8.70709 3
    endloop
  endfacet
  facet normal -0 0 1
    outer loop
      vertex 18.4235 53.8723 3
      vertex 30.4536 8.70709 3
      vertex 18.5 54.6 3
    endloop
  endfacet
  facet normal -0 -0 1
    outer loop
      vertex 19.1237 28.5699 3
      vertex 30.4536 8.70709 3
      vertex 18.8965 29.5159 3
    endloop
  endfacet
  facet normal -0 -0 1
    outer loop
      vertex 19.2 27.6 3
      vertex 30.4536 8.70709 3
      vertex 19.1237 28.5699 3
    endloop
  endfacet
  facet normal 0 0 1
    outer loop
      vertex 30.4536 8.70709 3
      vertex 19.2 27.6 3
      vertex 30.1292 8.92387 3
    endloop
  endfacet
  facet normal -0 0 1
    outer loop
      vertex 19.1237 26.6301 3
      vertex 30.1292 8.92387 3
      vertex 19.2 27.6 3
    endloop
  endfacet
  facet normal 0 0 1
    outer loop
      vertex 28.8226 4.38268 3
      vertex 26.7465 4 3
      vertex 28.7465 4 3
    endloop
  endfacet
  facet normal 0 0 1
    outer loop
      vertex 29.0394 0.707092 3
      vertex 26.7465 0 3
      vertex 28.8226 0.382675 3
    endloop
  endfacet
  facet normal 0 0 1
    outer loop
      vertex 29.0394 -3.29289 3
      vertex 26.7465 -4 3
      vertex 28.8226 -3.61731 3
    endloop
  endfacet
  facet normal 0 0 1
    outer loop
      vertex 29.0394 4.70709 3
      vertex 26.7465 4 3
      vertex 28.8226 4.38268 3
    endloop
  endfacet
  facet normal 0 0 1
    outer loop
      vertex 29.7465 9 3
      vertex 25.7465 9 3
      vertex 29.3638 8.92387 3
    endloop
  endfacet
  facet normal 0 0 1
    outer loop
      vertex 28.7465 8 3
      vertex 26.6704 8.38268 3
      vertex 26.7465 8 3
    endloop
  endfacet
  facet normal 0 0 1
    outer loop
      vertex 29.3638 8.92387 3
      vertex 26.1292 8.92387 3
      vertex 29.0394 8.70709 3
    endloop
  endfacet
  facet normal 0 -0 1
    outer loop
      vertex 26.4536 8.70709 3
      vertex 29.0394 8.70709 3
      vertex 26.1292 8.92387 3
    endloop
  endfacet
  facet normal 0 0 1
    outer loop
      vertex 28.8226 8.38268 3
      vertex 26.6704 8.38268 3
      vertex 28.7465 8 3
    endloop
  endfacet
  facet normal 0 0 1
    outer loop
      vertex 29.0394 8.70709 3
      vertex 26.4536 8.70709 3
      vertex 28.8226 8.38268 3
    endloop
  endfacet
  facet normal 0 -0 1
    outer loop
      vertex 26.6704 8.38268 3
      vertex 28.8226 8.38268 3
      vertex 26.4536 8.70709 3
    endloop
  endfacet
  facet normal 0 0 1
    outer loop
      vertex 29.3638 8.92387 3
      vertex 25.7465 9 3
      vertex 26.1292 8.92387 3
    endloop
  endfacet
  facet normal -0 0 1
    outer loop
      vertex 18.5242 24.7852 3
      vertex 29.7465 9 3
      vertex 18.8965 25.6841 3
    endloop
  endfacet
  facet normal -0 0 1
    outer loop
      vertex 17.384 23.2159 3
      vertex 25.7465 9 3
      vertex 18.0159 23.9557 3
    endloop
  endfacet
  facet normal 0 0 1
    outer loop
      vertex 25.7465 9 3
      vertex 17.384 23.2159 3
      vertex 25.3638 8.92387 3
    endloop
  endfacet
  facet normal -0 0 1
    outer loop
      vertex 16.6443 22.5841 3
      vertex 25.3638 8.92387 3
      vertex 17.384 23.2159 3
    endloop
  endfacet
  facet normal 0 0 1
    outer loop
      vertex 24.7465 -4 3
      vertex 19.9699 -23.4763 3
      vertex 24.7465 -8 3
    endloop
  endfacet
  facet normal 0 0 1
    outer loop
      vertex 25.7465 -9 3
      vertex 24.0159 -25.9557 3
      vertex 24.5242 -26.7852 3
    endloop
  endfacet
  facet normal 0 0 1
    outer loop
      vertex 25.7465 -9 3
      vertex 23.384 -25.2159 3
      vertex 24.0159 -25.9557 3
    endloop
  endfacet
  facet normal 0 0 1
    outer loop
      vertex 25.7465 -9 3
      vertex 22.6443 -24.5841 3
      vertex 23.384 -25.2159 3
    endloop
  endfacet
  facet normal 0 0 1
    outer loop
      vertex 25.7465 -9 3
      vertex 21.8147 -24.0757 3
      vertex 22.6443 -24.5841 3
    endloop
  endfacet
  facet normal 0 0 1
    outer loop
      vertex 29.7465 9 3
      vertex 18.5242 24.7852 3
      vertex 25.7465 9 3
    endloop
  endfacet
  facet normal 0 0 1
    outer loop
      vertex 24.7465 0 3
      vertex 19.9699 -23.4763 3
      vertex 24.7465 -4 3
    endloop
  endfacet
  facet normal 0 0 1
    outer loop
      vertex 25.7465 -9 3
      vertex 20.9159 -23.7034 3
      vertex 21.8147 -24.0757 3
    endloop
  endfacet
  facet normal 0 0 1
    outer loop
      vertex 25.3638 -8.92387 3
      vertex 19.9699 -23.4763 3
      vertex 20.9159 -23.7034 3
    endloop
  endfacet
  facet normal 0 0 1
    outer loop
      vertex 2.23358 78.6743 3
      vertex 32.1465 93.6 3
      vertex 32.1815 93.9326 3
    endloop
  endfacet
  facet normal -0 0 1
    outer loop
      vertex 18.0159 23.9557 3
      vertex 25.7465 9 3
      vertex 18.5242 24.7852 3
    endloop
  endfacet
  facet normal -0 0 1
    outer loop
      vertex 18.8965 25.6841 3
      vertex 29.7465 9 3
      vertex 19.1237 26.6301 3
    endloop
  endfacet
  facet normal 0 0 1
    outer loop
      vertex 30.1292 8.92387 3
      vertex 19.1237 26.6301 3
      vertex 29.7465 9 3
    endloop
  endfacet
  facet normal 0 0 1
    outer loop
      vertex 30.4536 8.70709 3
      vertex 18.4235 53.8723 3
      vertex 18.8965 29.5159 3
    endloop
  endfacet
  facet normal 0 0 1
    outer loop
      vertex 1.17426 79.214 3
      vertex 32.1815 93.9326 3
      vertex 32.2848 94.2508 3
    endloop
  endfacet
  facet normal 0 0 1
    outer loop
      vertex 32.1815 93.2673 3
      vertex 18.4235 55.3277 3
      vertex 18.5 54.6 3
    endloop
  endfacet
  facet normal 0 0 1
    outer loop
      vertex 32.1815 93.2673 3
      vertex 18.1974 56.0236 3
      vertex 18.4235 55.3277 3
    endloop
  endfacet
  facet normal 0 0 1
    outer loop
      vertex 32.1815 93.2673 3
      vertex 17.8316 56.6572 3
      vertex 18.1974 56.0236 3
    endloop
  endfacet
  facet normal 0 0 1
    outer loop
      vertex 32.1815 93.2673 3
      vertex 17.3419 57.201 3
      vertex 17.8316 56.6572 3
    endloop
  endfacet
  facet normal 0 0 1
    outer loop
      vertex 32.1815 93.2673 3
      vertex 16.75 57.6311 3
      vertex 17.3419 57.201 3
    endloop
  endfacet
  facet normal 0 0 1
    outer loop
      vertex 32.1815 93.2673 3
      vertex 16.0816 57.9287 3
      vertex 16.75 57.6311 3
    endloop
  endfacet
  facet normal 0 0 1
    outer loop
      vertex 32.1815 93.2673 3
      vertex 3.79999 75.6 3
      vertex 16.0816 57.9287 3
    endloop
  endfacet
  facet normal -0 0 1
    outer loop
      vertex 3.7532 75.0055 3
      vertex 16.0816 57.9287 3
      vertex 3.79999 75.6 3
    endloop
  endfacet
  facet normal 0 0 1
    outer loop
      vertex 16.0816 57.9287 3
      vertex 3.7532 75.0055 3
      vertex 15.3658 58.0808 3
    endloop
  endfacet
  facet normal -0 0 1
    outer loop
      vertex 3.61401 74.4257 3
      vertex 15.3658 58.0808 3
      vertex 3.7532 75.0055 3
    endloop
  endfacet
  facet normal 0 0 1
    outer loop
      vertex 15.3658 58.0808 3
      vertex 3.61401 74.4257 3
      vertex 14.6341 58.0808 3
    endloop
  endfacet
  facet normal -0 0 1
    outer loop
      vertex 3.38582 73.8748 3
      vertex 14.6341 58.0808 3
      vertex 3.61401 74.4257 3
    endloop
  endfacet
  facet normal 0 0 1
    outer loop
      vertex 14.6341 58.0808 3
      vertex 3.38582 73.8748 3
      vertex 13.9184 57.9287 3
    endloop
  endfacet
  facet normal 0 0 1
    outer loop
      vertex 12.658 51.999 3
      vertex 10.1853 33.1242 3
      vertex 11.0841 33.4965 3
    endloop
  endfacet
  facet normal 0 0 1
    outer loop
      vertex 12.658 51.999 3
      vertex 9.35573 32.6159 3
      vertex 10.1853 33.1242 3
    endloop
  endfacet
  facet normal 0 0 1
    outer loop
      vertex 12.1684 52.5427 3
      vertex 8.61594 31.9841 3
      vertex 9.35573 32.6159 3
    endloop
  endfacet
  facet normal 0 0 1
    outer loop
      vertex 13.9184 57.9287 3
      vertex 2.687 72.913 3
      vertex 13.25 57.6311 3
    endloop
  endfacet
  facet normal 0 0 1
    outer loop
      vertex 11.8026 53.1764 3
      vertex 7.98409 31.2443 3
      vertex 8.61594 31.9841 3
    endloop
  endfacet
  facet normal 0 0 1
    outer loop
      vertex 11.5765 53.8723 3
      vertex 7.47575 30.4147 3
      vertex 7.98409 31.2443 3
    endloop
  endfacet
  facet normal -0 0 1
    outer loop
      vertex 2.23358 72.5257 3
      vertex 13.25 57.6311 3
      vertex 2.687 72.913 3
    endloop
  endfacet
  facet normal 0 0 1
    outer loop
      vertex 13.25 57.6311 3
      vertex 2.23358 72.5257 3
      vertex 12.658 57.201 3
    endloop
  endfacet
  facet normal -0 0 1
    outer loop
      vertex 4.38405 -14.9841 3
      vertex 14.6159 -25.2159 3
      vertex 5.0159 -14.2443 3
    endloop
  endfacet
  facet normal 0 0 1
    outer loop
      vertex 6.87633 26.6301 3
      vertex 5.89655 -8.68408 3
      vertex 6.12366 -9.6301 3
    endloop
  endfacet
  facet normal 0 0 1
    outer loop
      vertex 6.87633 26.6301 3
      vertex 5.52423 -7.78525 3
      vertex 5.89655 -8.68408 3
    endloop
  endfacet
  facet normal 0 0 1
    outer loop
      vertex 6.87633 26.6301 3
      vertex 5.0159 -6.95572 3
      vertex 5.52423 -7.78525 3
    endloop
  endfacet
  facet normal 0 0 1
    outer loop
      vertex 6.87633 26.6301 3
      vertex 4.38405 -6.21593 3
      vertex 5.0159 -6.95572 3
    endloop
  endfacet
  facet normal -0 0 1
    outer loop
      vertex 0.594437 71.8468 3
      vertex 12.1684 56.6572 3
      vertex 1.17426 71.986 3
    endloop
  endfacet
  facet normal -0 0 1
    outer loop
      vertex 1.17426 71.986 3
      vertex 12.1684 56.6572 3
      vertex 1.72516 72.2142 3
    endloop
  endfacet
  facet normal 0 0 1
    outer loop
      vertex 12.658 57.201 3
      vertex 1.72516 72.2142 3
      vertex 12.1684 56.6572 3
    endloop
  endfacet
  facet normal -0 0 1
    outer loop
      vertex 2.687 72.913 3
      vertex 13.9184 57.9287 3
      vertex 3.07426 73.3664 3
    endloop
  endfacet
  facet normal -0 0 1
    outer loop
      vertex 3.07426 73.3664 3
      vertex 13.9184 57.9287 3
      vertex 3.38582 73.8748 3
    endloop
  endfacet
  facet normal 0 0 1
    outer loop
      vertex 0.594437 79.3532 3
      vertex 32.2848 94.2508 3
      vertex 32.4521 94.5405 3
    endloop
  endfacet
  facet normal 0 0 1
    outer loop
      vertex -32.4521 94.5405 3
      vertex 32.4521 94.5405 3
      vertex 32.6759 94.789 3
    endloop
  endfacet
  facet normal 0 0 1
    outer loop
      vertex -32.6759 94.789 3
      vertex 32.6759 94.789 3
      vertex 39.7465 101.6 3
    endloop
  endfacet
  facet normal 0 0 1
    outer loop
      vertex 32.1815 93.2673 3
      vertex 3.7532 76.1944 3
      vertex 3.79999 75.6 3
    endloop
  endfacet
  facet normal 0 0 1
    outer loop
      vertex 32.1815 93.2673 3
      vertex 3.61401 76.7743 3
      vertex 3.7532 76.1944 3
    endloop
  endfacet
  facet normal 0 0 1
    outer loop
      vertex 32.1815 93.2673 3
      vertex 3.38582 77.3251 3
      vertex 3.61401 76.7743 3
    endloop
  endfacet
  facet normal 0 0 1
    outer loop
      vertex 32.1815 93.2673 3
      vertex 3.07426 77.8336 3
      vertex 3.38582 77.3251 3
    endloop
  endfacet
  facet normal 0 0 1
    outer loop
      vertex 32.1815 93.2673 3
      vertex 2.687 78.287 3
      vertex 3.07426 77.8336 3
    endloop
  endfacet
  facet normal 0 0 1
    outer loop
      vertex 32.1465 93.6 3
      vertex 2.23358 78.6743 3
      vertex 2.687 78.287 3
    endloop
  endfacet
  facet normal 0 0 1
    outer loop
      vertex 32.1815 93.9326 3
      vertex 1.72516 78.9858 3
      vertex 2.23358 78.6743 3
    endloop
  endfacet
  facet normal 0 0 1
    outer loop
      vertex 32.1815 93.9326 3
      vertex 1.17426 79.214 3
      vertex 1.72516 78.9858 3
    endloop
  endfacet
  facet normal 0 0 1
    outer loop
      vertex 32.2848 94.2508 3
      vertex 0.594437 79.3532 3
      vertex 1.17426 79.214 3
    endloop
  endfacet
  facet normal 0 0 1
    outer loop
      vertex 32.4521 94.5405 3
      vertex 0 79.4 3
      vertex 0.594437 79.3532 3
    endloop
  endfacet
  facet normal 0 0 1
    outer loop
      vertex 32.4521 94.5405 3
      vertex -32.4521 94.5405 3
      vertex 0 79.4 3
    endloop
  endfacet
  facet normal 0 0 1
    outer loop
      vertex 0 79.4 3
      vertex -32.4521 94.5405 3
      vertex -0.594437 79.3532 3
    endloop
  endfacet
  facet normal -0 -0 1
    outer loop
      vertex -32.2848 94.2508 3
      vertex -0.594437 79.3532 3
      vertex -32.4521 94.5405 3
    endloop
  endfacet
  facet normal 0 0 1
    outer loop
      vertex 0.969879 -4.47632 3
      vertex -8.61594 23.2159 3
      vertex 0 -4.39999 3
    endloop
  endfacet
  facet normal -0 0 1
    outer loop
      vertex -9.35573 22.5841 3
      vertex 0 -4.39999 3
      vertex -8.61594 23.2159 3
    endloop
  endfacet
  facet normal 0 0 1
    outer loop
      vertex 0 -4.39999 3
      vertex -9.35573 22.5841 3
      vertex -0.969879 -4.47632 3
    endloop
  endfacet
  facet normal -0 0 1
    outer loop
      vertex -10.1853 22.0757 3
      vertex -0.969879 -4.47632 3
      vertex -9.35573 22.5841 3
    endloop
  endfacet
  facet normal 0 0 1
    outer loop
      vertex -0.969879 -4.47632 3
      vertex -10.1853 22.0757 3
      vertex -1.91589 -4.70345 3
    endloop
  endfacet
  facet normal 0 0 1
    outer loop
      vertex -1.91589 -4.70345 3
      vertex -11.0841 21.7034 3
      vertex -2.81473 -5.07574 3
    endloop
  endfacet
  facet normal -0 0 1
    outer loop
      vertex -11.0841 21.7034 3
      vertex -1.91589 -4.70345 3
      vertex -10.1853 22.0757 3
    endloop
  endfacet
  facet normal 0 0 1
    outer loop
      vertex 6.79999 27.6 3
      vertex -6.87633 28.5699 3
      vertex -6.79999 27.6 3
    endloop
  endfacet
  facet normal 0 0 1
    outer loop
      vertex 6.87633 28.5699 3
      vertex -6.87633 28.5699 3
      vertex 6.79999 27.6 3
    endloop
  endfacet
  facet normal 0 -0 1
    outer loop
      vertex -6.87633 28.5699 3
      vertex 6.87633 28.5699 3
      vertex -7.10344 29.5159 3
    endloop
  endfacet
  facet normal -0 0 1
    outer loop
      vertex -32.4521 92.6595 3
      vertex -3.38582 77.3251 3
      vertex -32.2848 92.9492 3
    endloop
  endfacet
  facet normal 0 0 1
    outer loop
      vertex 7.47575 30.4147 3
      vertex -7.47575 30.4147 3
      vertex 7.10344 29.5159 3
    endloop
  endfacet
  facet normal 0 0 1
    outer loop
      vertex 7.10344 29.5159 3
      vertex -7.10344 29.5159 3
      vertex 6.87633 28.5699 3
    endloop
  endfacet
  facet normal 0 -0 1
    outer loop
      vertex -7.10344 29.5159 3
      vertex 7.10344 29.5159 3
      vertex -7.47575 30.4147 3
    endloop
  endfacet
  facet normal -0 -0 1
    outer loop
      vertex -7.98409 31.2443 3
      vertex 7.47575 30.4147 3
      vertex -8.61594 31.9841 3
    endloop
  endfacet
  facet normal 0 0 1
    outer loop
      vertex -11.8026 53.1764 3
      vertex 11.5765 53.8723 3
      vertex -11.5765 53.8723 3
    endloop
  endfacet
  facet normal 0 0 1
    outer loop
      vertex -12.1684 52.5427 3
      vertex 11.5765 53.8723 3
      vertex -11.8026 53.1764 3
    endloop
  endfacet
  facet normal 0 0 1
    outer loop
      vertex -3.07426 77.8336 3
      vertex -32.2848 92.9492 3
      vertex -3.38582 77.3251 3
    endloop
  endfacet
  facet normal 0 0 1
    outer loop
      vertex 11.5 54.6 3
      vertex -11.5 54.6 3
      vertex 11.5765 53.8723 3
    endloop
  endfacet
  facet normal 0 0 1
    outer loop
      vertex 0 71.8 3
      vertex -11.8026 56.0236 3
      vertex -11.5765 55.3277 3
    endloop
  endfacet
  facet normal 0 0 1
    outer loop
      vertex -0.594437 71.8468 3
      vertex -12.1684 56.6572 3
      vertex -11.8026 56.0236 3
    endloop
  endfacet
  facet normal -0 0 1
    outer loop
      vertex -32.2848 92.9492 3
      vertex -3.07426 77.8336 3
      vertex -32.1815 93.2673 3
    endloop
  endfacet
  facet normal 0 0 1
    outer loop
      vertex -1.72516 72.2142 3
      vertex -12.658 57.201 3
      vertex -12.1684 56.6572 3
    endloop
  endfacet
  facet normal 0 0 1
    outer loop
      vertex -2.23358 72.5257 3
      vertex -13.25 57.6311 3
      vertex -12.658 57.201 3
    endloop
  endfacet
  facet normal 0 0 1
    outer loop
      vertex -2.687 72.913 3
      vertex -13.9184 57.9287 3
      vertex -13.25 57.6311 3
    endloop
  endfacet
  facet normal 0 0 1
    outer loop
      vertex -3.38582 73.8748 3
      vertex -14.6341 58.0808 3
      vertex -13.9184 57.9287 3
    endloop
  endfacet
  facet normal 0 0 1
    outer loop
      vertex -3.61401 74.4257 3
      vertex -15.3658 58.0808 3
      vertex -14.6341 58.0808 3
    endloop
  endfacet
  facet normal 0 0 1
    outer loop
      vertex -2.687 78.287 3
      vertex -32.1815 93.2673 3
      vertex -3.07426 77.8336 3
    endloop
  endfacet
  facet normal 0 0 1
    outer loop
      vertex -3.7532 75.0055 3
      vertex -16.0816 57.9287 3
      vertex -15.3658 58.0808 3
    endloop
  endfacet
  facet normal 0 0 1
    outer loop
      vertex -3.38582 77.3251 3
      vertex -32.4521 92.6595 3
      vertex -3.61401 76.7743 3
    endloop
  endfacet
  facet normal -0 0 1
    outer loop
      vertex -32.6759 92.411 3
      vertex -3.61401 76.7743 3
      vertex -32.4521 92.6595 3
    endloop
  endfacet
  facet normal 0 0 1
    outer loop
      vertex -3.61401 76.7743 3
      vertex -32.6759 92.411 3
      vertex -3.7532 76.1944 3
    endloop
  endfacet
  facet normal 0 0 1
    outer loop
      vertex -18.1974 53.1764 3
      vertex -18.8965 29.5159 3
      vertex -18.5242 30.4147 3
    endloop
  endfacet
  facet normal 0 0 1
    outer loop
      vertex -18.4235 53.8723 3
      vertex -19.1237 28.5699 3
      vertex -18.8965 29.5159 3
    endloop
  endfacet
  facet normal -0 0 1
    outer loop
      vertex -33.2521 92.0783 3
      vertex -16.75 57.6311 3
      vertex -32.9465 92.2144 3
    endloop
  endfacet
  facet normal 0 0 1
    outer loop
      vertex -6.12366 -9.6301 3
      vertex -20.9159 -23.7034 3
      vertex -19.9699 -23.4763 3
    endloop
  endfacet
  facet normal 0 0 1
    outer loop
      vertex -16.75 57.6311 3
      vertex -33.2521 92.0783 3
      vertex -17.3419 57.201 3
    endloop
  endfacet
  facet normal 0 0 1
    outer loop
      vertex -16.6443 22.5841 3
      vertex -21.8147 -24.0757 3
      vertex -20.9159 -23.7034 3
    endloop
  endfacet
  facet normal 0 0 1
    outer loop
      vertex -17.384 23.2159 3
      vertex -22.6443 -24.5841 3
      vertex -21.8147 -24.0757 3
    endloop
  endfacet
  facet normal 0 0 1
    outer loop
      vertex -18.0159 23.9557 3
      vertex -23.384 -25.2159 3
      vertex -22.6443 -24.5841 3
    endloop
  endfacet
  facet normal 0 0 1
    outer loop
      vertex -18.5242 24.7852 3
      vertex -24.0159 -25.9557 3
      vertex -23.384 -25.2159 3
    endloop
  endfacet
  facet normal 0 0 1
    outer loop
      vertex -18.8965 25.6841 3
      vertex -24.5242 -26.7852 3
      vertex -24.0159 -25.9557 3
    endloop
  endfacet
  facet normal 0 0 1
    outer loop
      vertex -19.1237 26.6301 3
      vertex -24.8965 -27.6841 3
      vertex -24.5242 -26.7852 3
    endloop
  endfacet
  facet normal 0 0 1
    outer loop
      vertex -17.3419 57.201 3
      vertex -33.5793 92.0088 3
      vertex -17.8316 56.6572 3
    endloop
  endfacet
  facet normal 0 0 1
    outer loop
      vertex -17.8316 56.6572 3
      vertex -33.9137 92.0088 3
      vertex -18.1974 56.0236 3
    endloop
  endfacet
  facet normal -0 0 1
    outer loop
      vertex -33.9137 92.0088 3
      vertex -17.8316 56.6572 3
      vertex -33.5793 92.0088 3
    endloop
  endfacet
  facet normal 0 0 1
    outer loop
      vertex -16.0816 57.9287 3
      vertex -32.9465 92.2144 3
      vertex -16.75 57.6311 3
    endloop
  endfacet
  facet normal 0 0 1
    outer loop
      vertex -3.79999 75.6 3
      vertex -32.9465 92.2144 3
      vertex -16.0816 57.9287 3
    endloop
  endfacet
  facet normal -0 0 1
    outer loop
      vertex -32.9465 92.2144 3
      vertex -3.79999 75.6 3
      vertex -32.6759 92.411 3
    endloop
  endfacet
  facet normal 0 0 1
    outer loop
      vertex -3.7532 76.1944 3
      vertex -32.6759 92.411 3
      vertex -3.79999 75.6 3
    endloop
  endfacet
  facet normal -0 0 1
    outer loop
      vertex -32.1815 93.2673 3
      vertex -2.687 78.287 3
      vertex -32.1465 93.6 3
    endloop
  endfacet
  facet normal 0 0 1
    outer loop
      vertex -2.23358 78.6743 3
      vertex -32.1465 93.6 3
      vertex -2.687 78.287 3
    endloop
  endfacet
  facet normal 0 0 1
    outer loop
      vertex -1.72516 78.9858 3
      vertex -32.1465 93.6 3
      vertex -2.23358 78.6743 3
    endloop
  endfacet
  facet normal 0 0 1
    outer loop
      vertex -0.594437 79.3532 3
      vertex -32.2848 94.2508 3
      vertex -1.17426 79.214 3
    endloop
  endfacet
  facet normal 0 0 1
    outer loop
      vertex -1.72516 78.9858 3
      vertex -32.1815 93.9326 3
      vertex -32.1465 93.6 3
    endloop
  endfacet
  facet normal 0 0 1
    outer loop
      vertex -1.17426 79.214 3
      vertex -32.1815 93.9326 3
      vertex -1.72516 78.9858 3
    endloop
  endfacet
  facet normal -0 -0 1
    outer loop
      vertex -32.1815 93.9326 3
      vertex -1.17426 79.214 3
      vertex -32.2848 94.2508 3
    endloop
  endfacet
  facet normal 0 0 1
    outer loop
      vertex 32.6759 94.789 3
      vertex -32.6759 94.789 3
      vertex -32.4521 94.5405 3
    endloop
  endfacet
  facet normal -0 0 1
    outer loop
      vertex -39.7465 101.6 3
      vertex -32.6759 94.789 3
      vertex 39.7465 101.6 3
    endloop
  endfacet
  facet normal 0 0 1
    outer loop
      vertex -32.6759 94.789 3
      vertex -39.7465 101.6 3
      vertex -32.9465 94.9856 3
    endloop
  endfacet
  facet normal 0 0 1
    outer loop
      vertex -32.9465 94.9856 3
      vertex -39.7465 101.6 3
      vertex -33.2521 95.1217 3
    endloop
  endfacet
  facet normal 0 0 1
    outer loop
      vertex -33.2521 95.1217 3
      vertex -39.7465 101.6 3
      vertex -33.5793 95.1912 3
    endloop
  endfacet
  facet normal 0 0 1
    outer loop
      vertex -35.3115 93.9326 3
      vertex -41.7465 99.6 3
      vertex -35.3465 93.6 3
    endloop
  endfacet
  facet normal 0 0 1
    outer loop
      vertex -35.2082 94.2508 3
      vertex -41.7465 99.6 3
      vertex -35.3115 93.9326 3
    endloop
  endfacet
  facet normal 0 0 1
    outer loop
      vertex -35.0409 94.5405 3
      vertex -41.7465 99.6 3
      vertex -35.2082 94.2508 3
    endloop
  endfacet
  facet normal 0 0 1
    outer loop
      vertex -34.8171 94.789 3
      vertex -41.7465 99.6 3
      vertex -35.0409 94.5405 3
    endloop
  endfacet
  facet normal -0 0 1
    outer loop
      vertex -41.7465 99.6 3
      vertex -34.8171 94.789 3
      vertex -39.7465 101.6 3
    endloop
  endfacet
  facet normal 0 0 1
    outer loop
      vertex -34.5465 94.9856 3
      vertex -39.7465 101.6 3
      vertex -34.8171 94.789 3
    endloop
  endfacet
  facet normal 0 0 1
    outer loop
      vertex -34.2409 95.1217 3
      vertex -39.7465 101.6 3
      vertex -34.5465 94.9856 3
    endloop
  endfacet
  facet normal 0 0 1
    outer loop
      vertex -33.9137 95.1912 3
      vertex -39.7465 101.6 3
      vertex -34.2409 95.1217 3
    endloop
  endfacet
  facet normal 0 0 1
    outer loop
      vertex -33.5793 95.1912 3
      vertex -39.7465 101.6 3
      vertex -33.9137 95.1912 3
    endloop
  endfacet
  facet normal -0 0 1
    outer loop
      vertex 35.2082 -94.2508 3
      vertex 41.7465 -99.6 3
      vertex 35.3115 -93.9326 3
    endloop
  endfacet
  facet normal -0 0 1
    outer loop
      vertex 35.0409 -94.5405 3
      vertex 41.7465 -99.6 3
      vertex 35.2082 -94.2508 3
    endloop
  endfacet
  facet normal -0 0 1
    outer loop
      vertex 34.8171 -94.789 3
      vertex 41.7465 -99.6 3
      vertex 35.0409 -94.5405 3
    endloop
  endfacet
  facet normal 0 0 1
    outer loop
      vertex 41.7465 -99.6 3
      vertex 39.7465 -101.6 3
      vertex 41.3102 -100.847 3
    endloop
  endfacet
  facet normal 0 0 1
    outer loop
      vertex 41.7465 -99.6 3
      vertex 34.8171 -94.789 3
      vertex 39.7465 -101.6 3
    endloop
  endfacet
  facet normal -0 0 1
    outer loop
      vertex 34.5465 -94.9856 3
      vertex 39.7465 -101.6 3
      vertex 34.8171 -94.789 3
    endloop
  endfacet
  facet normal -0 0 1
    outer loop
      vertex 34.2409 -95.1217 3
      vertex 39.7465 -101.6 3
      vertex 34.5465 -94.9856 3
    endloop
  endfacet
  facet normal -0 0 1
    outer loop
      vertex 33.9137 -95.1912 3
      vertex 39.7465 -101.6 3
      vertex 34.2409 -95.1217 3
    endloop
  endfacet
  facet normal -0 0 1
    outer loop
      vertex 33.5793 -95.1912 3
      vertex 39.7465 -101.6 3
      vertex 33.9137 -95.1912 3
    endloop
  endfacet
  facet normal 0 0 1
    outer loop
      vertex 33.2521 -95.1217 3
      vertex 39.7465 -101.6 3
      vertex 33.5793 -95.1912 3
    endloop
  endfacet
  facet normal 0 0 1
    outer loop
      vertex 32.9465 -94.9856 3
      vertex 39.7465 -101.6 3
      vertex 33.2521 -95.1217 3
    endloop
  endfacet
  facet normal 0 0 1
    outer loop
      vertex 32.6759 -94.789 3
      vertex 39.7465 -101.6 3
      vertex 32.9465 -94.9856 3
    endloop
  endfacet
  facet normal 0 0 1
    outer loop
      vertex 33.0394 -7.29289 3
      vertex 30.7465 -8 3
      vertex 32.8226 -7.61731 3
    endloop
  endfacet
  facet normal 0 0 1
    outer loop
      vertex 32.8226 -7.61731 3
      vertex 30.7465 -8 3
      vertex 32.7465 -8 3
    endloop
  endfacet
  facet normal 0 0 1
    outer loop
      vertex 30.6704 -8.38268 3
      vertex 32.7465 -8 3
      vertex 30.7465 -8 3
    endloop
  endfacet
  facet normal 0 0 1
    outer loop
      vertex 30.4536 -8.70709 3
      vertex 32.7465 -8 3
      vertex 30.6704 -8.38268 3
    endloop
  endfacet
  facet normal 0 0 1
    outer loop
      vertex 32.7465 -8 3
      vertex 25.1237 -30.5699 3
      vertex 32.1815 -93.2673 3
    endloop
  endfacet
  facet normal 0 0 1
    outer loop
      vertex 30.1292 -8.92387 3
      vertex 32.7465 -8 3
      vertex 30.4536 -8.70709 3
    endloop
  endfacet
  facet normal 0 0 1
    outer loop
      vertex 25.1237 -28.6301 3
      vertex 32.7465 -8 3
      vertex 30.1292 -8.92387 3
    endloop
  endfacet
  facet normal 0 0 1
    outer loop
      vertex 25.1237 -28.6301 3
      vertex 30.1292 -8.92387 3
      vertex 29.7465 -9 3
    endloop
  endfacet
  facet normal 0 0 1
    outer loop
      vertex 25.7465 -9 3
      vertex 29.7465 -9 3
      vertex 29.3638 -8.92387 3
    endloop
  endfacet
  facet normal 0 0 1
    outer loop
      vertex 26.1292 -8.92387 3
      vertex 29.3638 -8.92387 3
      vertex 29.0394 -8.70709 3
    endloop
  endfacet
  facet normal 0 0 1
    outer loop
      vertex 26.4536 -8.70709 3
      vertex 29.0394 -8.70709 3
      vertex 28.8226 -8.38268 3
    endloop
  endfacet
  facet normal 0 0 1
    outer loop
      vertex 26.6704 -8.38268 3
      vertex 28.8226 -8.38268 3
      vertex 28.7465 -8 3
    endloop
  endfacet
  facet normal 0 0 1
    outer loop
      vertex 28.8226 0.382675 3
      vertex 26.7465 0 3
      vertex 28.7465 0 3
    endloop
  endfacet
  facet normal 0 0 1
    outer loop
      vertex 28.8226 -3.61731 3
      vertex 26.7465 -4 3
      vertex 28.7465 -4 3
    endloop
  endfacet
  facet normal 0 0 1
    outer loop
      vertex 29.0394 -7.29289 3
      vertex 26.7465 -8 3
      vertex 28.8226 -7.61731 3
    endloop
  endfacet
  facet normal 0 0 1
    outer loop
      vertex 28.8226 -7.61731 3
      vertex 26.7465 -8 3
      vertex 28.7465 -8 3
    endloop
  endfacet
  facet normal 0 0 1
    outer loop
      vertex 26.6704 -8.38268 3
      vertex 28.7465 -8 3
      vertex 26.7465 -8 3
    endloop
  endfacet
  facet normal 0 0 1
    outer loop
      vertex 28.8226 -8.38268 3
      vertex 26.6704 -8.38268 3
      vertex 26.4536 -8.70709 3
    endloop
  endfacet
  facet normal 0 0 1
    outer loop
      vertex 29.0394 -8.70709 3
      vertex 26.4536 -8.70709 3
      vertex 26.1292 -8.92387 3
    endloop
  endfacet
  facet normal 0 0 1
    outer loop
      vertex 25.7465 -9 3
      vertex 29.3638 -8.92387 3
      vertex 26.1292 -8.92387 3
    endloop
  endfacet
  facet normal 0 0 1
    outer loop
      vertex 25.1237 -28.6301 3
      vertex 29.7465 -9 3
      vertex 25.7465 -9 3
    endloop
  endfacet
  facet normal 0 0 1
    outer loop
      vertex 20.9159 -23.7034 3
      vertex 25.7465 -9 3
      vertex 25.3638 -8.92387 3
    endloop
  endfacet
  facet normal 0 0 1
    outer loop
      vertex 32.7465 -8 3
      vertex 25.2 -29.6 3
      vertex 25.1237 -30.5699 3
    endloop
  endfacet
  facet normal -0 0 1
    outer loop
      vertex 24.8965 -31.5159 3
      vertex 32.1815 -93.2673 3
      vertex 25.1237 -30.5699 3
    endloop
  endfacet
  facet normal -0 0 1
    outer loop
      vertex 24.5242 -32.4147 3
      vertex 32.1815 -93.2673 3
      vertex 24.8965 -31.5159 3
    endloop
  endfacet
  facet normal -0 0 1
    outer loop
      vertex 24.0159 -33.2443 3
      vertex 32.1815 -93.2673 3
      vertex 24.5242 -32.4147 3
    endloop
  endfacet
  facet normal -0 0 1
    outer loop
      vertex 23.384 -33.9841 3
      vertex 32.1815 -93.2673 3
      vertex 24.0159 -33.2443 3
    endloop
  endfacet
  facet normal -0 0 1
    outer loop
      vertex 22.6443 -34.6159 3
      vertex 32.1815 -93.2673 3
      vertex 23.384 -33.9841 3
    endloop
  endfacet
  facet normal -0 0 1
    outer loop
      vertex 21.8147 -35.1242 3
      vertex 32.1815 -93.2673 3
      vertex 22.6443 -34.6159 3
    endloop
  endfacet
  facet normal -0 0 1
    outer loop
      vertex 5.52423 -51.4147 3
      vertex 32.1815 -93.2673 3
      vertex 21.8147 -35.1242 3
    endloop
  endfacet
  facet normal -0 0 1
    outer loop
      vertex 3.7532 -75.0055 3
      vertex 32.1815 -93.2673 3
      vertex 5.52423 -51.4147 3
    endloop
  endfacet
  facet normal 0 0 1
    outer loop
      vertex 5.52423 -51.4147 3
      vertex 21.8147 -35.1242 3
      vertex 20.9159 -35.4965 3
    endloop
  endfacet
  facet normal 0 0 1
    outer loop
      vertex 5.89655 -50.5159 3
      vertex 20.9159 -35.4965 3
      vertex 19.9699 -35.7237 3
    endloop
  endfacet
  facet normal 0 0 1
    outer loop
      vertex 6.12366 -49.5699 3
      vertex 19.9699 -35.7237 3
      vertex 19 -35.8 3
    endloop
  endfacet
  facet normal 0 0 1
    outer loop
      vertex 6.2 -48.6 3
      vertex 19 -35.8 3
      vertex 18.0301 -35.7237 3
    endloop
  endfacet
  facet normal 0 0 1
    outer loop
      vertex 6.2 -48.6 3
      vertex 18.0301 -35.7237 3
      vertex 17.0841 -35.4965 3
    endloop
  endfacet
  facet normal 0 0 1
    outer loop
      vertex 6.2 -48.6 3
      vertex 17.0841 -35.4965 3
      vertex 16.1853 -35.1242 3
    endloop
  endfacet
  facet normal 0 0 1
    outer loop
      vertex 6.2 -48.6 3
      vertex 16.1853 -35.1242 3
      vertex 15.3557 -34.6159 3
    endloop
  endfacet
  facet normal 0 0 1
    outer loop
      vertex 6.2 -48.6 3
      vertex 15.3557 -34.6159 3
      vertex 14.6159 -33.9841 3
    endloop
  endfacet
  facet normal 0 0 1
    outer loop
      vertex 6.2 -48.6 3
      vertex 14.6159 -33.9841 3
      vertex 13.9841 -33.2443 3
    endloop
  endfacet
  facet normal 0 0 1
    outer loop
      vertex 6.2 -48.6 3
      vertex 13.9841 -33.2443 3
      vertex 13.4758 -32.4147 3
    endloop
  endfacet
  facet normal 0 0 1
    outer loop
      vertex 6.2 -48.6 3
      vertex 13.4758 -32.4147 3
      vertex 13.1034 -31.5159 3
    endloop
  endfacet
  facet normal 0 0 1
    outer loop
      vertex 6.12366 -9.6301 3
      vertex 12.0301 21.4763 3
      vertex 11.0841 21.7034 3
    endloop
  endfacet
  facet normal 0 0 1
    outer loop
      vertex 6.12366 -9.6301 3
      vertex 11.0841 21.7034 3
      vertex 10.1853 22.0757 3
    endloop
  endfacet
  facet normal 0 0 1
    outer loop
      vertex 6.12366 -9.6301 3
      vertex 10.1853 22.0757 3
      vertex 9.35573 22.5841 3
    endloop
  endfacet
  facet normal 0 0 1
    outer loop
      vertex 6.12366 -9.6301 3
      vertex 9.35573 22.5841 3
      vertex 8.61594 23.2159 3
    endloop
  endfacet
  facet normal 0 0 1
    outer loop
      vertex 15.3557 -24.5841 3
      vertex 5.0159 -14.2443 3
      vertex 14.6159 -25.2159 3
    endloop
  endfacet
  facet normal 0 0 1
    outer loop
      vertex 6.12366 -9.6301 3
      vertex 8.61594 23.2159 3
      vertex 7.98409 23.9557 3
    endloop
  endfacet
  facet normal 0 0 1
    outer loop
      vertex 6.12366 -9.6301 3
      vertex 7.98409 23.9557 3
      vertex 7.47575 24.7852 3
    endloop
  endfacet
  facet normal 0 0 1
    outer loop
      vertex 6.12366 -9.6301 3
      vertex 7.47575 24.7852 3
      vertex 7.10344 25.6841 3
    endloop
  endfacet
  facet normal 0 0 1
    outer loop
      vertex 6.12366 -9.6301 3
      vertex 7.10344 25.6841 3
      vertex 6.87633 26.6301 3
    endloop
  endfacet
  facet normal 0 0 1
    outer loop
      vertex 4.38405 -6.21593 3
      vertex 6.87633 26.6301 3
      vertex 6.79999 27.6 3
    endloop
  endfacet
  facet normal 0 0 1
    outer loop
      vertex 14.6159 -25.2159 3
      vertex 4.38405 -14.9841 3
      vertex 13.9841 -25.9557 3
    endloop
  endfacet
  facet normal 0 0 1
    outer loop
      vertex 12.8 -29.6 3
      vertex 6.2 -48.6 3
      vertex 12.8763 -30.5699 3
    endloop
  endfacet
  facet normal 0 0 1
    outer loop
      vertex 12.8763 -30.5699 3
      vertex 6.2 -48.6 3
      vertex 13.1034 -31.5159 3
    endloop
  endfacet
  facet normal 0 0 1
    outer loop
      vertex 19 -35.8 3
      vertex 6.2 -48.6 3
      vertex 6.12366 -49.5699 3
    endloop
  endfacet
  facet normal 0 0 1
    outer loop
      vertex 19.9699 -35.7237 3
      vertex 6.12366 -49.5699 3
      vertex 5.89655 -50.5159 3
    endloop
  endfacet
  facet normal 0 0 1
    outer loop
      vertex 20.9159 -35.4965 3
      vertex 5.89655 -50.5159 3
      vertex 5.52423 -51.4147 3
    endloop
  endfacet
  facet normal -0 0 1
    outer loop
      vertex 3.7532 -76.1944 3
      vertex 32.1815 -93.2673 3
      vertex 3.79999 -75.6 3
    endloop
  endfacet
  facet normal -0 0 1
    outer loop
      vertex 3.61401 -76.7743 3
      vertex 32.1815 -93.2673 3
      vertex 3.7532 -76.1944 3
    endloop
  endfacet
  facet normal -0 0 1
    outer loop
      vertex 3.38582 -77.3251 3
      vertex 32.1815 -93.2673 3
      vertex 3.61401 -76.7743 3
    endloop
  endfacet
  facet normal 0 0 1
    outer loop
      vertex 3.7532 -75.0055 3
      vertex 5.52423 -51.4147 3
      vertex 5.0159 -52.2443 3
    endloop
  endfacet
  facet normal 0 0 1
    outer loop
      vertex 3.07426 -73.3664 3
      vertex 5.0159 -52.2443 3
      vertex 4.38405 -52.9841 3
    endloop
  endfacet
  facet normal -0 0 1
    outer loop
      vertex 3.07426 -77.8336 3
      vertex 32.1815 -93.2673 3
      vertex 3.38582 -77.3251 3
    endloop
  endfacet
  facet normal -0 0 1
    outer loop
      vertex 2.687 -78.287 3
      vertex 32.1815 -93.2673 3
      vertex 3.07426 -77.8336 3
    endloop
  endfacet
  facet normal 0 0 1
    outer loop
      vertex 32.1815 -93.2673 3
      vertex 2.687 -78.287 3
      vertex 32.1465 -93.6 3
    endloop
  endfacet
  facet normal -0 0 1
    outer loop
      vertex 2.23358 -78.6743 3
      vertex 32.1465 -93.6 3
      vertex 2.687 -78.287 3
    endloop
  endfacet
  facet normal 0 0 1
    outer loop
      vertex 32.1465 -93.6 3
      vertex 2.23358 -78.6743 3
      vertex 32.1815 -93.9326 3
    endloop
  endfacet
  facet normal -0 0 1
    outer loop
      vertex 1.72516 -78.9858 3
      vertex 32.1815 -93.9326 3
      vertex 2.23358 -78.6743 3
    endloop
  endfacet
  facet normal -0 0 1
    outer loop
      vertex 1.17426 -79.214 3
      vertex 32.1815 -93.9326 3
      vertex 1.72516 -78.9858 3
    endloop
  endfacet
  facet normal 0 0 1
    outer loop
      vertex 32.1815 -93.9326 3
      vertex 1.17426 -79.214 3
      vertex 32.2848 -94.2508 3
    endloop
  endfacet
  facet normal -0 0 1
    outer loop
      vertex 0.594437 -79.3532 3
      vertex 32.2848 -94.2508 3
      vertex 1.17426 -79.214 3
    endloop
  endfacet
  facet normal 0 0 1
    outer loop
      vertex 32.2848 -94.2508 3
      vertex 0.594437 -79.3532 3
      vertex 32.4521 -94.5405 3
    endloop
  endfacet
  facet normal -0 0 1
    outer loop
      vertex 0 -79.4 3
      vertex 32.4521 -94.5405 3
      vertex 0.594437 -79.3532 3
    endloop
  endfacet
  facet normal 0 0 1
    outer loop
      vertex -32.4521 -94.5405 3
      vertex 32.4521 -94.5405 3
      vertex 0 -79.4 3
    endloop
  endfacet
  facet normal 0 0 1
    outer loop
      vertex 32.4521 -94.5405 3
      vertex -32.4521 -94.5405 3
      vertex 32.6759 -94.789 3
    endloop
  endfacet
  facet normal 0 0 1
    outer loop
      vertex -32.4521 -94.5405 3
      vertex 0 -79.4 3
      vertex -0.594437 -79.3532 3
    endloop
  endfacet
  facet normal 0 0 1
    outer loop
      vertex -32.2848 -94.2508 3
      vertex -0.594437 -79.3532 3
      vertex -1.17426 -79.214 3
    endloop
  endfacet
  facet normal 0 0 1
    outer loop
      vertex -32.1815 -93.9326 3
      vertex -1.17426 -79.214 3
      vertex -1.72516 -78.9858 3
    endloop
  endfacet
  facet normal 0 0 1
    outer loop
      vertex -32.1465 -93.6 3
      vertex -3.61401 -74.4257 3
      vertex -5.52423 -51.4147 3
    endloop
  endfacet
  facet normal 0 0 1
    outer loop
      vertex -3.61401 -74.4257 3
      vertex -32.1465 -93.6 3
      vertex -3.7532 -75.0055 3
    endloop
  endfacet
  facet normal 0 0 1
    outer loop
      vertex -21.8147 -35.1242 3
      vertex -5.52423 -51.4147 3
      vertex -5.89655 -50.5159 3
    endloop
  endfacet
  facet normal 0 0 1
    outer loop
      vertex -3.7532 -75.0055 3
      vertex -32.1465 -93.6 3
      vertex -3.79999 -75.6 3
    endloop
  endfacet
  facet normal 0 0 1
    outer loop
      vertex -20.9159 -35.4965 3
      vertex -5.89655 -50.5159 3
      vertex -6.12366 -49.5699 3
    endloop
  endfacet
  facet normal -0 0 1
    outer loop
      vertex -12.0301 21.4763 3
      vertex -2.81473 -5.07574 3
      vertex -11.0841 21.7034 3
    endloop
  endfacet
  facet normal 0 0 1
    outer loop
      vertex -2.81473 -5.07574 3
      vertex -12.0301 21.4763 3
      vertex -3.64426 -5.58409 3
    endloop
  endfacet
  facet normal -0 0 1
    outer loop
      vertex -13 21.4 3
      vertex -3.64426 -5.58409 3
      vertex -12.0301 21.4763 3
    endloop
  endfacet
  facet normal 0 0 1
    outer loop
      vertex -3.64426 -5.58409 3
      vertex -13 21.4 3
      vertex -4.38405 -6.21593 3
    endloop
  endfacet
  facet normal 0 0 1
    outer loop
      vertex -13.9699 21.4763 3
      vertex -4.38405 -6.21593 3
      vertex -13 21.4 3
    endloop
  endfacet
  facet normal 0 0 1
    outer loop
      vertex -4.38405 -6.21593 3
      vertex -13.9699 21.4763 3
      vertex -5.0159 -6.95572 3
    endloop
  endfacet
  facet normal 0 0 1
    outer loop
      vertex -14.9159 21.7034 3
      vertex -5.0159 -6.95572 3
      vertex -13.9699 21.4763 3
    endloop
  endfacet
  facet normal 0 0 1
    outer loop
      vertex -5.0159 -6.95572 3
      vertex -14.9159 21.7034 3
      vertex -5.52423 -7.78525 3
    endloop
  endfacet
  facet normal 0 0 1
    outer loop
      vertex -12.8763 -28.6301 3
      vertex -6.2 -10.6 3
      vertex -6.12366 -9.6301 3
    endloop
  endfacet
  facet normal -0 0 1
    outer loop
      vertex -14.6159 -33.9841 3
      vertex -4.38405 -44.2159 3
      vertex -13.9841 -33.2443 3
    endloop
  endfacet
  facet normal 0 0 1
    outer loop
      vertex -4.38405 -44.2159 3
      vertex -14.6159 -33.9841 3
      vertex -5.0159 -44.9557 3
    endloop
  endfacet
  facet normal -0 0 1
    outer loop
      vertex -15.3557 -34.6159 3
      vertex -5.0159 -44.9557 3
      vertex -14.6159 -33.9841 3
    endloop
  endfacet
  facet normal 0 0 1
    outer loop
      vertex -5.0159 -44.9557 3
      vertex -15.3557 -34.6159 3
      vertex -5.52423 -45.7852 3
    endloop
  endfacet
  facet normal -0 0 1
    outer loop
      vertex -16.1853 -35.1242 3
      vertex -5.52423 -45.7852 3
      vertex -15.3557 -34.6159 3
    endloop
  endfacet
  facet normal 0 0 1
    outer loop
      vertex -5.52423 -45.7852 3
      vertex -16.1853 -35.1242 3
      vertex -5.89655 -46.6841 3
    endloop
  endfacet
  facet normal -0 0 1
    outer loop
      vertex -17.0841 -35.4965 3
      vertex -5.89655 -46.6841 3
      vertex -16.1853 -35.1242 3
    endloop
  endfacet
  facet normal 0 0 1
    outer loop
      vertex -5.89655 -46.6841 3
      vertex -17.0841 -35.4965 3
      vertex -6.12366 -47.6301 3
    endloop
  endfacet
  facet normal -0 0 1
    outer loop
      vertex -18.0301 -35.7237 3
      vertex -6.12366 -47.6301 3
      vertex -17.0841 -35.4965 3
    endloop
  endfacet
  facet normal 0 0 1
    outer loop
      vertex -6.12366 -47.6301 3
      vertex -18.0301 -35.7237 3
      vertex -6.2 -48.6 3
    endloop
  endfacet
  facet normal -0 0 1
    outer loop
      vertex -19 -35.8 3
      vertex -6.2 -48.6 3
      vertex -18.0301 -35.7237 3
    endloop
  endfacet
  facet normal 0 0 1
    outer loop
      vertex -6.2 -48.6 3
      vertex -19 -35.8 3
      vertex -6.12366 -49.5699 3
    endloop
  endfacet
  facet normal 0 0 1
    outer loop
      vertex -19.9699 -35.7237 3
      vertex -6.12366 -49.5699 3
      vertex -19 -35.8 3
    endloop
  endfacet
  facet normal 0 0 1
    outer loop
      vertex -20.9159 -35.4965 3
      vertex -6.12366 -49.5699 3
      vertex -19.9699 -35.7237 3
    endloop
  endfacet
  facet normal 0 0 1
    outer loop
      vertex -21.8147 -35.1242 3
      vertex -5.89655 -50.5159 3
      vertex -20.9159 -35.4965 3
    endloop
  endfacet
  facet normal 0 0 1
    outer loop
      vertex -3.79999 -75.6 3
      vertex -32.1465 -93.6 3
      vertex -3.7532 -76.1944 3
    endloop
  endfacet
  facet normal 0 0 1
    outer loop
      vertex -3.7532 -76.1944 3
      vertex -32.1465 -93.6 3
      vertex -3.61401 -76.7743 3
    endloop
  endfacet
  facet normal 0 0 1
    outer loop
      vertex -5.52423 -51.4147 3
      vertex -21.8147 -35.1242 3
      vertex -32.1465 -93.6 3
    endloop
  endfacet
  facet normal 0 0 1
    outer loop
      vertex -32.1465 -93.6 3
      vertex -21.8147 -35.1242 3
      vertex -22.6443 -34.6159 3
    endloop
  endfacet
  facet normal 0 0 1
    outer loop
      vertex -32.1465 -93.6 3
      vertex -22.6443 -34.6159 3
      vertex -23.384 -33.9841 3
    endloop
  endfacet
  facet normal 0 0 1
    outer loop
      vertex -32.1465 -93.6 3
      vertex -23.384 -33.9841 3
      vertex -24.0159 -33.2443 3
    endloop
  endfacet
  facet normal 0 0 1
    outer loop
      vertex -32.1465 -93.6 3
      vertex -24.0159 -33.2443 3
      vertex -24.5242 -32.4147 3
    endloop
  endfacet
  facet normal 0 0 1
    outer loop
      vertex -34.2409 92.0783 3
      vertex -18.1974 56.0236 3
      vertex -33.9137 92.0088 3
    endloop
  endfacet
  facet normal 0 0 1
    outer loop
      vertex -32.1465 -93.6 3
      vertex -25.1237 -30.5699 3
      vertex -25.2 -29.6 3
    endloop
  endfacet
  facet normal 0 0 1
    outer loop
      vertex -32.1465 -93.6 3
      vertex -24.8965 -31.5159 3
      vertex -25.1237 -30.5699 3
    endloop
  endfacet
  facet normal 0 0 1
    outer loop
      vertex -32.1465 -93.6 3
      vertex -24.5242 -32.4147 3
      vertex -24.8965 -31.5159 3
    endloop
  endfacet
  facet normal 0 0 1
    outer loop
      vertex -3.61401 -76.7743 3
      vertex -32.1465 -93.6 3
      vertex -3.38582 -77.3251 3
    endloop
  endfacet
  facet normal 0 0 1
    outer loop
      vertex -32.1465 -93.6 3
      vertex -3.07426 -77.8336 3
      vertex -3.38582 -77.3251 3
    endloop
  endfacet
  facet normal 0 0 1
    outer loop
      vertex -32.1465 -93.6 3
      vertex -2.687 -78.287 3
      vertex -3.07426 -77.8336 3
    endloop
  endfacet
  facet normal 0 0 1
    outer loop
      vertex -32.1465 -93.6 3
      vertex -2.23358 -78.6743 3
      vertex -2.687 -78.287 3
    endloop
  endfacet
  facet normal 0 0 1
    outer loop
      vertex -32.1465 -93.6 3
      vertex -1.72516 -78.9858 3
      vertex -2.23358 -78.6743 3
    endloop
  endfacet
  facet normal 0 0 1
    outer loop
      vertex -32.1815 -93.9326 3
      vertex -1.72516 -78.9858 3
      vertex -32.1465 -93.6 3
    endloop
  endfacet
  facet normal 0 0 1
    outer loop
      vertex -1.17426 -79.214 3
      vertex -32.1815 -93.9326 3
      vertex -32.2848 -94.2508 3
    endloop
  endfacet
  facet normal 0 0 1
    outer loop
      vertex -0.594437 -79.3532 3
      vertex -32.2848 -94.2508 3
      vertex -32.4521 -94.5405 3
    endloop
  endfacet
  facet normal 0 0 1
    outer loop
      vertex -32.6759 -94.789 3
      vertex 32.6759 -94.789 3
      vertex -32.4521 -94.5405 3
    endloop
  endfacet
  facet normal 0 0 1
    outer loop
      vertex 32.6759 -94.789 3
      vertex -32.6759 -94.789 3
      vertex 39.7465 -101.6 3
    endloop
  endfacet
  facet normal 0 0 1
    outer loop
      vertex -39.7465 -101.6 3
      vertex -32.6759 -94.789 3
      vertex -32.9465 -94.9856 3
    endloop
  endfacet
  facet normal 0 0 1
    outer loop
      vertex -39.7465 -101.6 3
      vertex -32.9465 -94.9856 3
      vertex -33.2521 -95.1217 3
    endloop
  endfacet
  facet normal 0 0 1
    outer loop
      vertex -39.7465 -101.6 3
      vertex -33.2521 -95.1217 3
      vertex -33.5793 -95.1912 3
    endloop
  endfacet
  facet normal 0 0 1
    outer loop
      vertex -39.7465 -101.6 3
      vertex -33.5793 -95.1912 3
      vertex -33.9137 -95.1912 3
    endloop
  endfacet
  facet normal 0 0 1
    outer loop
      vertex -32.6759 -94.789 3
      vertex -39.7465 -101.6 3
      vertex 39.7465 -101.6 3
    endloop
  endfacet
  facet normal 0 0 1
    outer loop
      vertex -34.2409 -95.1217 3
      vertex -39.7465 -101.6 3
      vertex -33.9137 -95.1912 3
    endloop
  endfacet
  facet normal 0 0 1
    outer loop
      vertex -34.5465 -94.9856 3
      vertex -39.7465 -101.6 3
      vertex -34.2409 -95.1217 3
    endloop
  endfacet
  facet normal 0 0 1
    outer loop
      vertex -34.8171 -94.789 3
      vertex -39.7465 -101.6 3
      vertex -34.5465 -94.9856 3
    endloop
  endfacet
  facet normal 0 0 1
    outer loop
      vertex -41.7465 -99.6 3
      vertex -34.8171 -94.789 3
      vertex -35.0409 -94.5405 3
    endloop
  endfacet
  facet normal 0 0 1
    outer loop
      vertex -41.7465 -99.6 3
      vertex -35.0409 -94.5405 3
      vertex -35.2082 -94.2508 3
    endloop
  endfacet
  facet normal 0 0 1
    outer loop
      vertex -41.7465 -99.6 3
      vertex -35.2082 -94.2508 3
      vertex -35.3115 -93.9326 3
    endloop
  endfacet
  facet normal 0 0 1
    outer loop
      vertex -41.7465 -99.6 3
      vertex -35.3115 -93.9326 3
      vertex -35.3465 -93.6 3
    endloop
  endfacet
  facet normal 0 0 1
    outer loop
      vertex -35.2082 -92.9492 3
      vertex -41.7465 -99.6 3
      vertex -35.3115 -93.2673 3
    endloop
  endfacet
  facet normal 0 0 1
    outer loop
      vertex -34.8171 -94.789 3
      vertex -41.7465 -99.6 3
      vertex -39.7465 -101.6 3
    endloop
  endfacet
  facet normal 0 0 1
    outer loop
      vertex -41.7465 99.6 3
      vertex -39.7465 101.6 3
      vertex -41.3102 100.847 3
    endloop
  endfacet
  facet normal 0 0 1
    outer loop
      vertex -35.3115 -93.2673 3
      vertex -41.7465 -99.6 3
      vertex -35.3465 -93.6 3
    endloop
  endfacet
  facet normal 0 0 1
    outer loop
      vertex -39.7465 -101.6 3
      vertex -41.7465 -99.6 3
      vertex -40.9935 -101.164 3
    endloop
  endfacet
  facet normal 0 0 1
    outer loop
      vertex 41.7465 -99.6 3
      vertex 35.3115 -93.2673 3
      vertex 35.3465 -93.6 3
    endloop
  endfacet
  facet normal -0 0 1
    outer loop
      vertex 34.4536 -8.70709 3
      vertex 41.7465 -99.6 3
      vertex 34.6704 -8.38268 3
    endloop
  endfacet
  facet normal 0 0 1
    outer loop
      vertex 41.7465 -99.6 3
      vertex 35.2082 -92.9492 3
      vertex 35.3115 -93.2673 3
    endloop
  endfacet
  facet normal 0 0 1
    outer loop
      vertex 41.7465 -99.6 3
      vertex 35.0409 -92.6595 3
      vertex 35.2082 -92.9492 3
    endloop
  endfacet
  facet normal 0 0 1
    outer loop
      vertex 41.7465 -99.6 3
      vertex 34.4536 -8.70709 3
      vertex 35.0409 -92.6595 3
    endloop
  endfacet
  facet normal 0 0 1
    outer loop
      vertex 35.0409 -92.6595 3
      vertex 34.4536 -8.70709 3
      vertex 34.8171 -92.411 3
    endloop
  endfacet
  facet normal 0 0 1
    outer loop
      vertex 34.8171 -92.411 3
      vertex 34.4536 -8.70709 3
      vertex 34.5465 -92.2144 3
    endloop
  endfacet
  facet normal -0 0 1
    outer loop
      vertex 34.1292 -8.92387 3
      vertex 34.5465 -92.2144 3
      vertex 34.4536 -8.70709 3
    endloop
  endfacet
  facet normal 0 0 1
    outer loop
      vertex 34.5465 -92.2144 3
      vertex 34.1292 -8.92387 3
      vertex 34.2409 -92.0783 3
    endloop
  endfacet
  facet normal 0 0 1
    outer loop
      vertex 34.1292 -8.92387 3
      vertex 33.9137 -92.0088 3
      vertex 34.2409 -92.0783 3
    endloop
  endfacet
  facet normal -0 0 1
    outer loop
      vertex 33.7465 -9 3
      vertex 33.9137 -92.0088 3
      vertex 34.1292 -8.92387 3
    endloop
  endfacet
  facet normal 0 0 1
    outer loop
      vertex 33.7465 -9 3
      vertex 33.5793 -92.0088 3
      vertex 33.9137 -92.0088 3
    endloop
  endfacet
  facet normal 0 0 1
    outer loop
      vertex 33.3638 -8.92387 3
      vertex 33.5793 -92.0088 3
      vertex 33.7465 -9 3
    endloop
  endfacet
  facet normal 0 0 1
    outer loop
      vertex 33.3638 -8.92387 3
      vertex 33.2521 -92.0783 3
      vertex 33.5793 -92.0088 3
    endloop
  endfacet
  facet normal 0 0 1
    outer loop
      vertex 32.9465 -92.2144 3
      vertex 33.3638 -8.92387 3
      vertex 33.0394 -8.70709 3
    endloop
  endfacet
  facet normal 0 0 1
    outer loop
      vertex 33.3638 -8.92387 3
      vertex 32.9465 -92.2144 3
      vertex 33.2521 -92.0783 3
    endloop
  endfacet
  facet normal 0 0 1
    outer loop
      vertex 32.4521 -92.6595 3
      vertex 33.0394 -8.70709 3
      vertex 32.8226 -8.38268 3
    endloop
  endfacet
  facet normal 0 0 1
    outer loop
      vertex 32.1815 -93.2673 3
      vertex 32.8226 -8.38268 3
      vertex 32.7465 -8 3
    endloop
  endfacet
  facet normal 0 0 1
    outer loop
      vertex 33.0394 -8.70709 3
      vertex 32.6759 -92.411 3
      vertex 32.9465 -92.2144 3
    endloop
  endfacet
  facet normal 0 0 1
    outer loop
      vertex 30.7465 8 3
      vertex 32.6759 92.411 3
      vertex 32.4521 92.6595 3
    endloop
  endfacet
  facet normal 0 0 1
    outer loop
      vertex 30.7465 8 3
      vertex 32.4521 92.6595 3
      vertex 32.2848 92.9492 3
    endloop
  endfacet
  facet normal 0 0 1
    outer loop
      vertex 33.0394 -8.70709 3
      vertex 32.4521 -92.6595 3
      vertex 32.6759 -92.411 3
    endloop
  endfacet
  facet normal 0 0 1
    outer loop
      vertex 30.7465 8 3
      vertex 32.2848 92.9492 3
      vertex 32.1815 93.2673 3
    endloop
  endfacet
  facet normal 0 0 1
    outer loop
      vertex 32.8226 -8.38268 3
      vertex 32.2848 -92.9492 3
      vertex 32.4521 -92.6595 3
    endloop
  endfacet
  facet normal 0 0 1
    outer loop
      vertex 2.687 78.287 3
      vertex 32.1815 93.2673 3
      vertex 32.1465 93.6 3
    endloop
  endfacet
  facet normal 0 0 1
    outer loop
      vertex 32.8226 -8.38268 3
      vertex 32.1815 -93.2673 3
      vertex 32.2848 -92.9492 3
    endloop
  endfacet
  facet normal 0 0 1
    outer loop
      vertex 33.0394 4.70709 3
      vertex 30.7465 4 3
      vertex 32.8226 4.38268 3
    endloop
  endfacet
  facet normal 0 0 1
    outer loop
      vertex 32.8226 0.382675 3
      vertex 30.7465 0 3
      vertex 32.7465 0 3
    endloop
  endfacet
  facet normal -0.330047 -0.943965 0
    outer loop
      vertex -40.9935 -101.164 0
      vertex -39.7465 -101.6 3
      vertex -40.9935 -101.164 3
    endloop
  endfacet
  facet normal -0.330047 -0.943965 -0
    outer loop
      vertex -39.7465 -101.6 3
      vertex -40.9935 -101.164 0
      vertex -39.7465 -101.6 0
    endloop
  endfacet
  facet normal -0.90101 -0.433798 0
    outer loop
      vertex -40.9935 -101.164 0
      vertex -41.7465 -99.6 3
      vertex -41.7465 -99.6 0
    endloop
  endfacet
  facet normal -0.90101 -0.433798 0
    outer loop
      vertex -41.7465 -99.6 3
      vertex -40.9935 -101.164 0
      vertex -40.9935 -101.164 3
    endloop
  endfacet
  facet normal 0 -1 0
    outer loop
      vertex -39.7465 -101.6 0
      vertex 39.7465 -101.6 3
      vertex -39.7465 -101.6 3
    endloop
  endfacet
  facet normal 0 -1 -0
    outer loop
      vertex 39.7465 -101.6 3
      vertex -39.7465 -101.6 0
      vertex 39.7465 -101.6 0
    endloop
  endfacet
  facet normal 0 1 -0
    outer loop
      vertex 39.7465 101.6 0
      vertex -39.7465 101.6 3
      vertex 39.7465 101.6 3
    endloop
  endfacet
  facet normal 0 1 0
    outer loop
      vertex -39.7465 101.6 3
      vertex 39.7465 101.6 0
      vertex -39.7465 101.6 0
    endloop
  endfacet
  facet normal 0.330047 0.943965 -0
    outer loop
      vertex 40.9935 101.164 0
      vertex 39.7465 101.6 3
      vertex 40.9935 101.164 3
    endloop
  endfacet
  facet normal 0.330047 0.943965 0
    outer loop
      vertex 39.7465 101.6 3
      vertex 40.9935 101.164 0
      vertex 39.7465 101.6 0
    endloop
  endfacet
  facet normal 0.90101 0.433798 0
    outer loop
      vertex 41.7465 99.6 3
      vertex 40.9935 101.164 0
      vertex 40.9935 101.164 3
    endloop
  endfacet
  facet normal 0.90101 0.433798 0
    outer loop
      vertex 40.9935 101.164 0
      vertex 41.7465 99.6 3
      vertex 41.7465 99.6 0
    endloop
  endfacet
  facet normal -0.406832 0.913503 0
    outer loop
      vertex 34.5465 92.2144 0
      vertex 34.2409 92.0783 3
      vertex 34.5465 92.2144 3
    endloop
  endfacet
  facet normal -0.406832 0.913503 0
    outer loop
      vertex 34.2409 92.0783 3
      vertex 34.5465 92.2144 0
      vertex 34.2409 92.0783 0
    endloop
  endfacet
  facet normal -0.587781 0.80902 0
    outer loop
      vertex 34.8171 92.411 0
      vertex 34.5465 92.2144 3
      vertex 34.8171 92.411 3
    endloop
  endfacet
  facet normal -0.587781 0.80902 0
    outer loop
      vertex 34.5465 92.2144 3
      vertex 34.8171 92.411 0
      vertex 34.5465 92.2144 0
    endloop
  endfacet
  facet normal -0.743071 0.669213 0
    outer loop
      vertex 34.8171 92.411 0
      vertex 35.0409 92.6595 3
      vertex 35.0409 92.6595 0
    endloop
  endfacet
  facet normal -0.743071 0.669213 0
    outer loop
      vertex 35.0409 92.6595 3
      vertex 34.8171 92.411 0
      vertex 34.8171 92.411 3
    endloop
  endfacet
  facet normal -0.865972 0.500093 0
    outer loop
      vertex 35.0409 92.6595 0
      vertex 35.2082 92.9492 3
      vertex 35.2082 92.9492 0
    endloop
  endfacet
  facet normal -0.865972 0.500093 0
    outer loop
      vertex 35.2082 92.9492 3
      vertex 35.0409 92.6595 0
      vertex 35.0409 92.6595 3
    endloop
  endfacet
  facet normal -0.951107 0.308863 0
    outer loop
      vertex 35.2082 92.9492 0
      vertex 35.3115 93.2673 3
      vertex 35.3115 93.2673 0
    endloop
  endfacet
  facet normal -0.951107 0.308863 0
    outer loop
      vertex 35.3115 93.2673 3
      vertex 35.2082 92.9492 0
      vertex 35.2082 92.9492 3
    endloop
  endfacet
  facet normal -0.994512 0.104623 0
    outer loop
      vertex 35.3115 93.2673 0
      vertex 35.3465 93.6 3
      vertex 35.3465 93.6 0
    endloop
  endfacet
  facet normal -0.994512 0.104623 0
    outer loop
      vertex 35.3465 93.6 3
      vertex 35.3115 93.2673 0
      vertex 35.3115 93.2673 3
    endloop
  endfacet
  facet normal -0.994509 -0.104654 0
    outer loop
      vertex 35.3465 93.6 0
      vertex 35.3115 93.9326 3
      vertex 35.3115 93.9326 0
    endloop
  endfacet
  facet normal -0.994509 -0.104654 0
    outer loop
      vertex 35.3115 93.9326 3
      vertex 35.3465 93.6 0
      vertex 35.3465 93.6 3
    endloop
  endfacet
  facet normal -0.951135 -0.308775 0
    outer loop
      vertex 35.3115 93.9326 0
      vertex 35.2082 94.2508 3
      vertex 35.2082 94.2508 0
    endloop
  endfacet
  facet normal -0.951135 -0.308775 0
    outer loop
      vertex 35.2082 94.2508 3
      vertex 35.3115 93.9326 0
      vertex 35.3115 93.9326 3
    endloop
  endfacet
  facet normal -0.865972 -0.500093 0
    outer loop
      vertex 35.2082 94.2508 0
      vertex 35.0409 94.5405 3
      vertex 35.0409 94.5405 0
    endloop
  endfacet
  facet normal -0.865972 -0.500093 0
    outer loop
      vertex 35.0409 94.5405 3
      vertex 35.2082 94.2508 0
      vertex 35.2082 94.2508 3
    endloop
  endfacet
  facet normal -0.743071 -0.669213 0
    outer loop
      vertex 35.0409 94.5405 0
      vertex 34.8171 94.789 3
      vertex 34.8171 94.789 0
    endloop
  endfacet
  facet normal -0.743071 -0.669213 0
    outer loop
      vertex 34.8171 94.789 3
      vertex 35.0409 94.5405 0
      vertex 35.0409 94.5405 3
    endloop
  endfacet
  facet normal -0.587781 -0.80902 0
    outer loop
      vertex 34.5465 94.9856 0
      vertex 34.8171 94.789 3
      vertex 34.5465 94.9856 3
    endloop
  endfacet
  facet normal -0.587781 -0.80902 -0
    outer loop
      vertex 34.8171 94.789 3
      vertex 34.5465 94.9856 0
      vertex 34.8171 94.789 0
    endloop
  endfacet
  facet normal -0.406832 -0.913503 0
    outer loop
      vertex 34.2409 95.1217 0
      vertex 34.5465 94.9856 3
      vertex 34.2409 95.1217 3
    endloop
  endfacet
  facet normal -0.406832 -0.913503 -0
    outer loop
      vertex 34.5465 94.9856 3
      vertex 34.2409 95.1217 0
      vertex 34.5465 94.9856 0
    endloop
  endfacet
  facet normal -0.207773 -0.978177 0
    outer loop
      vertex 33.9137 95.1912 0
      vertex 34.2409 95.1217 3
      vertex 33.9137 95.1912 3
    endloop
  endfacet
  facet normal -0.207773 -0.978177 -0
    outer loop
      vertex 34.2409 95.1217 3
      vertex 33.9137 95.1912 0
      vertex 34.2409 95.1217 0
    endloop
  endfacet
  facet normal 0 -1 0
    outer loop
      vertex 33.5793 95.1912 0
      vertex 33.9137 95.1912 3
      vertex 33.5793 95.1912 3
    endloop
  endfacet
  facet normal 0 -1 -0
    outer loop
      vertex 33.9137 95.1912 3
      vertex 33.5793 95.1912 0
      vertex 33.9137 95.1912 0
    endloop
  endfacet
  facet normal 0.207773 -0.978177 0
    outer loop
      vertex 33.2521 95.1217 0
      vertex 33.5793 95.1912 3
      vertex 33.2521 95.1217 3
    endloop
  endfacet
  facet normal 0.207773 -0.978177 0
    outer loop
      vertex 33.5793 95.1912 3
      vertex 33.2521 95.1217 0
      vertex 33.5793 95.1912 0
    endloop
  endfacet
  facet normal 0.406832 -0.913503 0
    outer loop
      vertex 32.9465 94.9856 0
      vertex 33.2521 95.1217 3
      vertex 32.9465 94.9856 3
    endloop
  endfacet
  facet normal 0.406832 -0.913503 0
    outer loop
      vertex 33.2521 95.1217 3
      vertex 32.9465 94.9856 0
      vertex 33.2521 95.1217 0
    endloop
  endfacet
  facet normal 0.587781 -0.80902 0
    outer loop
      vertex 32.6759 94.789 0
      vertex 32.9465 94.9856 3
      vertex 32.6759 94.789 3
    endloop
  endfacet
  facet normal 0.587781 -0.80902 0
    outer loop
      vertex 32.9465 94.9856 3
      vertex 32.6759 94.789 0
      vertex 32.9465 94.9856 0
    endloop
  endfacet
  facet normal 0.743071 -0.669213 0
    outer loop
      vertex 32.4521 94.5405 3
      vertex 32.6759 94.789 0
      vertex 32.6759 94.789 3
    endloop
  endfacet
  facet normal 0.743071 -0.669213 0
    outer loop
      vertex 32.6759 94.789 0
      vertex 32.4521 94.5405 3
      vertex 32.4521 94.5405 0
    endloop
  endfacet
  facet normal 0.865972 -0.500093 0
    outer loop
      vertex 32.2848 94.2508 3
      vertex 32.4521 94.5405 0
      vertex 32.4521 94.5405 3
    endloop
  endfacet
  facet normal 0.865972 -0.500093 0
    outer loop
      vertex 32.4521 94.5405 0
      vertex 32.2848 94.2508 3
      vertex 32.2848 94.2508 0
    endloop
  endfacet
  facet normal 0.951135 -0.308775 0
    outer loop
      vertex 32.1815 93.9326 3
      vertex 32.2848 94.2508 0
      vertex 32.2848 94.2508 3
    endloop
  endfacet
  facet normal 0.951135 -0.308775 0
    outer loop
      vertex 32.2848 94.2508 0
      vertex 32.1815 93.9326 3
      vertex 32.1815 93.9326 0
    endloop
  endfacet
  facet normal 0.994509 -0.104654 0
    outer loop
      vertex 32.1465 93.6 3
      vertex 32.1815 93.9326 0
      vertex 32.1815 93.9326 3
    endloop
  endfacet
  facet normal 0.994509 -0.104654 0
    outer loop
      vertex 32.1815 93.9326 0
      vertex 32.1465 93.6 3
      vertex 32.1465 93.6 0
    endloop
  endfacet
  facet normal 0.994512 0.104623 0
    outer loop
      vertex 32.1815 93.2673 3
      vertex 32.1465 93.6 0
      vertex 32.1465 93.6 3
    endloop
  endfacet
  facet normal 0.994512 0.104623 0
    outer loop
      vertex 32.1465 93.6 0
      vertex 32.1815 93.2673 3
      vertex 32.1815 93.2673 0
    endloop
  endfacet
  facet normal 0.951107 0.308863 0
    outer loop
      vertex 32.2848 92.9492 3
      vertex 32.1815 93.2673 0
      vertex 32.1815 93.2673 3
    endloop
  endfacet
  facet normal 0.951107 0.308863 0
    outer loop
      vertex 32.1815 93.2673 0
      vertex 32.2848 92.9492 3
      vertex 32.2848 92.9492 0
    endloop
  endfacet
  facet normal 0.865972 0.500093 0
    outer loop
      vertex 32.4521 92.6595 3
      vertex 32.2848 92.9492 0
      vertex 32.2848 92.9492 3
    endloop
  endfacet
  facet normal 0.865972 0.500093 0
    outer loop
      vertex 32.2848 92.9492 0
      vertex 32.4521 92.6595 3
      vertex 32.4521 92.6595 0
    endloop
  endfacet
  facet normal 0.743071 0.669213 0
    outer loop
      vertex 32.6759 92.411 3
      vertex 32.4521 92.6595 0
      vertex 32.4521 92.6595 3
    endloop
  endfacet
  facet normal 0.743071 0.669213 0
    outer loop
      vertex 32.4521 92.6595 0
      vertex 32.6759 92.411 3
      vertex 32.6759 92.411 0
    endloop
  endfacet
  facet normal 0.587781 0.80902 -0
    outer loop
      vertex 32.9465 92.2144 0
      vertex 32.6759 92.411 3
      vertex 32.9465 92.2144 3
    endloop
  endfacet
  facet normal 0.587781 0.80902 0
    outer loop
      vertex 32.6759 92.411 3
      vertex 32.9465 92.2144 0
      vertex 32.6759 92.411 0
    endloop
  endfacet
  facet normal 0.406832 0.913503 -0
    outer loop
      vertex 33.2521 92.0783 0
      vertex 32.9465 92.2144 3
      vertex 33.2521 92.0783 3
    endloop
  endfacet
  facet normal 0.406832 0.913503 0
    outer loop
      vertex 32.9465 92.2144 3
      vertex 33.2521 92.0783 0
      vertex 32.9465 92.2144 0
    endloop
  endfacet
  facet normal 0.207773 0.978177 -0
    outer loop
      vertex 33.5793 92.0088 0
      vertex 33.2521 92.0783 3
      vertex 33.5793 92.0088 3
    endloop
  endfacet
  facet normal 0.207773 0.978177 0
    outer loop
      vertex 33.2521 92.0783 3
      vertex 33.5793 92.0088 0
      vertex 33.2521 92.0783 0
    endloop
  endfacet
  facet normal 0 1 -0
    outer loop
      vertex 33.9137 92.0088 0
      vertex 33.5793 92.0088 3
      vertex 33.9137 92.0088 3
    endloop
  endfacet
  facet normal 0 1 0
    outer loop
      vertex 33.5793 92.0088 3
      vertex 33.9137 92.0088 0
      vertex 33.5793 92.0088 0
    endloop
  endfacet
  facet normal -0.207773 0.978177 0
    outer loop
      vertex 34.2409 92.0783 0
      vertex 33.9137 92.0088 3
      vertex 34.2409 92.0783 3
    endloop
  endfacet
  facet normal -0.207773 0.978177 0
    outer loop
      vertex 33.9137 92.0088 3
      vertex 34.2409 92.0783 0
      vertex 33.9137 92.0088 0
    endloop
  endfacet
  facet normal -0.406832 0.913503 0
    outer loop
      vertex -32.9465 92.2144 0
      vertex -33.2521 92.0783 3
      vertex -32.9465 92.2144 3
    endloop
  endfacet
  facet normal -0.406832 0.913503 0
    outer loop
      vertex -33.2521 92.0783 3
      vertex -32.9465 92.2144 0
      vertex -33.2521 92.0783 0
    endloop
  endfacet
  facet normal -0.587781 0.80902 0
    outer loop
      vertex -32.6759 92.411 0
      vertex -32.9465 92.2144 3
      vertex -32.6759 92.411 3
    endloop
  endfacet
  facet normal -0.587781 0.80902 0
    outer loop
      vertex -32.9465 92.2144 3
      vertex -32.6759 92.411 0
      vertex -32.9465 92.2144 0
    endloop
  endfacet
  facet normal -0.743071 0.669213 0
    outer loop
      vertex -32.6759 92.411 0
      vertex -32.4521 92.6595 3
      vertex -32.4521 92.6595 0
    endloop
  endfacet
  facet normal -0.743071 0.669213 0
    outer loop
      vertex -32.4521 92.6595 3
      vertex -32.6759 92.411 0
      vertex -32.6759 92.411 3
    endloop
  endfacet
  facet normal -0.865972 0.500093 0
    outer loop
      vertex -32.4521 92.6595 0
      vertex -32.2848 92.9492 3
      vertex -32.2848 92.9492 0
    endloop
  endfacet
  facet normal -0.865972 0.500093 0
    outer loop
      vertex -32.2848 92.9492 3
      vertex -32.4521 92.6595 0
      vertex -32.4521 92.6595 3
    endloop
  endfacet
  facet normal -0.951107 0.308863 0
    outer loop
      vertex -32.2848 92.9492 0
      vertex -32.1815 93.2673 3
      vertex -32.1815 93.2673 0
    endloop
  endfacet
  facet normal -0.951107 0.308863 0
    outer loop
      vertex -32.1815 93.2673 3
      vertex -32.2848 92.9492 0
      vertex -32.2848 92.9492 3
    endloop
  endfacet
  facet normal -0.994512 0.104623 0
    outer loop
      vertex -32.1815 93.2673 0
      vertex -32.1465 93.6 3
      vertex -32.1465 93.6 0
    endloop
  endfacet
  facet normal -0.994512 0.104623 0
    outer loop
      vertex -32.1465 93.6 3
      vertex -32.1815 93.2673 0
      vertex -32.1815 93.2673 3
    endloop
  endfacet
  facet normal -0.994509 -0.104654 0
    outer loop
      vertex -32.1465 93.6 0
      vertex -32.1815 93.9326 3
      vertex -32.1815 93.9326 0
    endloop
  endfacet
  facet normal -0.994509 -0.104654 0
    outer loop
      vertex -32.1815 93.9326 3
      vertex -32.1465 93.6 0
      vertex -32.1465 93.6 3
    endloop
  endfacet
  facet normal -0.951135 -0.308775 0
    outer loop
      vertex -32.1815 93.9326 0
      vertex -32.2848 94.2508 3
      vertex -32.2848 94.2508 0
    endloop
  endfacet
  facet normal -0.951135 -0.308775 0
    outer loop
      vertex -32.2848 94.2508 3
      vertex -32.1815 93.9326 0
      vertex -32.1815 93.9326 3
    endloop
  endfacet
  facet normal -0.865972 -0.500093 0
    outer loop
      vertex -32.2848 94.2508 0
      vertex -32.4521 94.5405 3
      vertex -32.4521 94.5405 0
    endloop
  endfacet
  facet normal -0.865972 -0.500093 0
    outer loop
      vertex -32.4521 94.5405 3
      vertex -32.2848 94.2508 0
      vertex -32.2848 94.2508 3
    endloop
  endfacet
  facet normal -0.743071 -0.669213 0
    outer loop
      vertex -32.4521 94.5405 0
      vertex -32.6759 94.789 3
      vertex -32.6759 94.789 0
    endloop
  endfacet
  facet normal -0.743071 -0.669213 0
    outer loop
      vertex -32.6759 94.789 3
      vertex -32.4521 94.5405 0
      vertex -32.4521 94.5405 3
    endloop
  endfacet
  facet normal -0.587781 -0.80902 0
    outer loop
      vertex -32.9465 94.9856 0
      vertex -32.6759 94.789 3
      vertex -32.9465 94.9856 3
    endloop
  endfacet
  facet normal -0.587781 -0.80902 -0
    outer loop
      vertex -32.6759 94.789 3
      vertex -32.9465 94.9856 0
      vertex -32.6759 94.789 0
    endloop
  endfacet
  facet normal -0.406832 -0.913503 0
    outer loop
      vertex -33.2521 95.1217 0
      vertex -32.9465 94.9856 3
      vertex -33.2521 95.1217 3
    endloop
  endfacet
  facet normal -0.406832 -0.913503 -0
    outer loop
      vertex -32.9465 94.9856 3
      vertex -33.2521 95.1217 0
      vertex -32.9465 94.9856 0
    endloop
  endfacet
  facet normal -0.207773 -0.978177 0
    outer loop
      vertex -33.5793 95.1912 0
      vertex -33.2521 95.1217 3
      vertex -33.5793 95.1912 3
    endloop
  endfacet
  facet normal -0.207773 -0.978177 -0
    outer loop
      vertex -33.2521 95.1217 3
      vertex -33.5793 95.1912 0
      vertex -33.2521 95.1217 0
    endloop
  endfacet
  facet normal 0 -1 0
    outer loop
      vertex -33.9137 95.1912 0
      vertex -33.5793 95.1912 3
      vertex -33.9137 95.1912 3
    endloop
  endfacet
  facet normal 0 -1 -0
    outer loop
      vertex -33.5793 95.1912 3
      vertex -33.9137 95.1912 0
      vertex -33.5793 95.1912 0
    endloop
  endfacet
  facet normal 0.207773 -0.978177 0
    outer loop
      vertex -34.2409 95.1217 0
      vertex -33.9137 95.1912 3
      vertex -34.2409 95.1217 3
    endloop
  endfacet
  facet normal 0.207773 -0.978177 0
    outer loop
      vertex -33.9137 95.1912 3
      vertex -34.2409 95.1217 0
      vertex -33.9137 95.1912 0
    endloop
  endfacet
  facet normal 0.406832 -0.913503 0
    outer loop
      vertex -34.5465 94.9856 0
      vertex -34.2409 95.1217 3
      vertex -34.5465 94.9856 3
    endloop
  endfacet
  facet normal 0.406832 -0.913503 0
    outer loop
      vertex -34.2409 95.1217 3
      vertex -34.5465 94.9856 0
      vertex -34.2409 95.1217 0
    endloop
  endfacet
  facet normal 0.587781 -0.80902 0
    outer loop
      vertex -34.8171 94.789 0
      vertex -34.5465 94.9856 3
      vertex -34.8171 94.789 3
    endloop
  endfacet
  facet normal 0.587781 -0.80902 0
    outer loop
      vertex -34.5465 94.9856 3
      vertex -34.8171 94.789 0
      vertex -34.5465 94.9856 0
    endloop
  endfacet
  facet normal 0.743071 -0.669213 0
    outer loop
      vertex -35.0409 94.5405 3
      vertex -34.8171 94.789 0
      vertex -34.8171 94.789 3
    endloop
  endfacet
  facet normal 0.743071 -0.669213 0
    outer loop
      vertex -34.8171 94.789 0
      vertex -35.0409 94.5405 3
      vertex -35.0409 94.5405 0
    endloop
  endfacet
  facet normal 0.865972 -0.500093 0
    outer loop
      vertex -35.2082 94.2508 3
      vertex -35.0409 94.5405 0
      vertex -35.0409 94.5405 3
    endloop
  endfacet
  facet normal 0.865972 -0.500093 0
    outer loop
      vertex -35.0409 94.5405 0
      vertex -35.2082 94.2508 3
      vertex -35.2082 94.2508 0
    endloop
  endfacet
  facet normal 0.951135 -0.308775 0
    outer loop
      vertex -35.3115 93.9326 3
      vertex -35.2082 94.2508 0
      vertex -35.2082 94.2508 3
    endloop
  endfacet
  facet normal 0.951135 -0.308775 0
    outer loop
      vertex -35.2082 94.2508 0
      vertex -35.3115 93.9326 3
      vertex -35.3115 93.9326 0
    endloop
  endfacet
  facet normal 0.994509 -0.104654 0
    outer loop
      vertex -35.3465 93.6 3
      vertex -35.3115 93.9326 0
      vertex -35.3115 93.9326 3
    endloop
  endfacet
  facet normal 0.994509 -0.104654 0
    outer loop
      vertex -35.3115 93.9326 0
      vertex -35.3465 93.6 3
      vertex -35.3465 93.6 0
    endloop
  endfacet
  facet normal 0.994512 0.104623 0
    outer loop
      vertex -35.3115 93.2673 3
      vertex -35.3465 93.6 0
      vertex -35.3465 93.6 3
    endloop
  endfacet
  facet normal 0.994512 0.104623 0
    outer loop
      vertex -35.3465 93.6 0
      vertex -35.3115 93.2673 3
      vertex -35.3115 93.2673 0
    endloop
  endfacet
  facet normal 0.951107 0.308863 0
    outer loop
      vertex -35.2082 92.9492 3
      vertex -35.3115 93.2673 0
      vertex -35.3115 93.2673 3
    endloop
  endfacet
  facet normal 0.951107 0.308863 0
    outer loop
      vertex -35.3115 93.2673 0
      vertex -35.2082 92.9492 3
      vertex -35.2082 92.9492 0
    endloop
  endfacet
  facet normal 0.865972 0.500093 0
    outer loop
      vertex -35.0409 92.6595 3
      vertex -35.2082 92.9492 0
      vertex -35.2082 92.9492 3
    endloop
  endfacet
  facet normal 0.865972 0.500093 0
    outer loop
      vertex -35.2082 92.9492 0
      vertex -35.0409 92.6595 3
      vertex -35.0409 92.6595 0
    endloop
  endfacet
  facet normal 0.743071 0.669213 0
    outer loop
      vertex -34.8171 92.411 3
      vertex -35.0409 92.6595 0
      vertex -35.0409 92.6595 3
    endloop
  endfacet
  facet normal 0.743071 0.669213 0
    outer loop
      vertex -35.0409 92.6595 0
      vertex -34.8171 92.411 3
      vertex -34.8171 92.411 0
    endloop
  endfacet
  facet normal 0.587781 0.80902 -0
    outer loop
      vertex -34.5465 92.2144 0
      vertex -34.8171 92.411 3
      vertex -34.5465 92.2144 3
    endloop
  endfacet
  facet normal 0.587781 0.80902 0
    outer loop
      vertex -34.8171 92.411 3
      vertex -34.5465 92.2144 0
      vertex -34.8171 92.411 0
    endloop
  endfacet
  facet normal 0.406832 0.913503 -0
    outer loop
      vertex -34.2409 92.0783 0
      vertex -34.5465 92.2144 3
      vertex -34.2409 92.0783 3
    endloop
  endfacet
  facet normal 0.406832 0.913503 0
    outer loop
      vertex -34.5465 92.2144 3
      vertex -34.2409 92.0783 0
      vertex -34.5465 92.2144 0
    endloop
  endfacet
  facet normal 0.207773 0.978177 -0
    outer loop
      vertex -33.9137 92.0088 0
      vertex -34.2409 92.0783 3
      vertex -33.9137 92.0088 3
    endloop
  endfacet
  facet normal 0.207773 0.978177 0
    outer loop
      vertex -34.2409 92.0783 3
      vertex -33.9137 92.0088 0
      vertex -34.2409 92.0783 0
    endloop
  endfacet
  facet normal 0 1 -0
    outer loop
      vertex -33.5793 92.0088 0
      vertex -33.9137 92.0088 3
      vertex -33.5793 92.0088 3
    endloop
  endfacet
  facet normal 0 1 0
    outer loop
      vertex -33.9137 92.0088 3
      vertex -33.5793 92.0088 0
      vertex -33.9137 92.0088 0
    endloop
  endfacet
  facet normal -0.207773 0.978177 0
    outer loop
      vertex -33.2521 92.0783 0
      vertex -33.5793 92.0088 3
      vertex -33.2521 92.0783 3
    endloop
  endfacet
  facet normal -0.207773 0.978177 0
    outer loop
      vertex -33.5793 92.0088 3
      vertex -33.2521 92.0783 0
      vertex -33.5793 92.0088 0
    endloop
  endfacet
  facet normal -0.23344 0.972371 0
    outer loop
      vertex 1.17426 71.986 0
      vertex 0.594437 71.8468 3
      vertex 1.17426 71.986 3
    endloop
  endfacet
  facet normal -0.23344 0.972371 0
    outer loop
      vertex 0.594437 71.8468 3
      vertex 1.17426 71.986 0
      vertex 0.594437 71.8468 0
    endloop
  endfacet
  facet normal -0.382697 0.923874 0
    outer loop
      vertex 1.72516 72.2142 0
      vertex 1.17426 71.986 3
      vertex 1.72516 72.2142 3
    endloop
  endfacet
  facet normal -0.382697 0.923874 0
    outer loop
      vertex 1.17426 71.986 3
      vertex 1.72516 72.2142 0
      vertex 1.17426 71.986 0
    endloop
  endfacet
  facet normal -0.522425 0.852685 0
    outer loop
      vertex 2.23358 72.5257 0
      vertex 1.72516 72.2142 3
      vertex 2.23358 72.5257 3
    endloop
  endfacet
  facet normal -0.522425 0.852685 0
    outer loop
      vertex 1.72516 72.2142 3
      vertex 2.23358 72.5257 0
      vertex 1.72516 72.2142 0
    endloop
  endfacet
  facet normal -0.649489 0.760371 0
    outer loop
      vertex 2.687 72.913 0
      vertex 2.23358 72.5257 3
      vertex 2.687 72.913 3
    endloop
  endfacet
  facet normal -0.649489 0.760371 0
    outer loop
      vertex 2.23358 72.5257 3
      vertex 2.687 72.913 0
      vertex 2.23358 72.5257 0
    endloop
  endfacet
  facet normal -0.76039 0.649467 0
    outer loop
      vertex 2.687 72.913 0
      vertex 3.07426 73.3664 3
      vertex 3.07426 73.3664 0
    endloop
  endfacet
  facet normal -0.76039 0.649467 0
    outer loop
      vertex 3.07426 73.3664 3
      vertex 2.687 72.913 0
      vertex 2.687 72.913 3
    endloop
  endfacet
  facet normal -0.852631 0.522513 0
    outer loop
      vertex 3.07426 73.3664 0
      vertex 3.38582 73.8748 3
      vertex 3.38582 73.8748 0
    endloop
  endfacet
  facet normal -0.852631 0.522513 0
    outer loop
      vertex 3.38582 73.8748 3
      vertex 3.07426 73.3664 0
      vertex 3.07426 73.3664 3
    endloop
  endfacet
  facet normal -0.92388 0.382683 0
    outer loop
      vertex 3.38582 73.8748 0
      vertex 3.61401 74.4257 3
      vertex 3.61401 74.4257 0
    endloop
  endfacet
  facet normal -0.92388 0.382683 0
    outer loop
      vertex 3.61401 74.4257 3
      vertex 3.38582 73.8748 0
      vertex 3.38582 73.8748 3
    endloop
  endfacet
  facet normal -0.972373 0.233433 0
    outer loop
      vertex 3.61401 74.4257 0
      vertex 3.7532 75.0055 3
      vertex 3.7532 75.0055 0
    endloop
  endfacet
  facet normal -0.972373 0.233433 0
    outer loop
      vertex 3.7532 75.0055 3
      vertex 3.61401 74.4257 0
      vertex 3.61401 74.4257 3
    endloop
  endfacet
  facet normal -0.996917 0.0784622 0
    outer loop
      vertex 3.7532 75.0055 0
      vertex 3.79999 75.6 3
      vertex 3.79999 75.6 0
    endloop
  endfacet
  facet normal -0.996917 0.0784622 0
    outer loop
      vertex 3.79999 75.6 3
      vertex 3.7532 75.0055 0
      vertex 3.7532 75.0055 3
    endloop
  endfacet
  facet normal -0.996916 -0.0784753 0
    outer loop
      vertex 3.79999 75.6 0
      vertex 3.7532 76.1944 3
      vertex 3.7532 76.1944 0
    endloop
  endfacet
  facet normal -0.996916 -0.0784753 0
    outer loop
      vertex 3.7532 76.1944 3
      vertex 3.79999 75.6 0
      vertex 3.79999 75.6 3
    endloop
  endfacet
  facet normal -0.972382 -0.233395 0
    outer loop
      vertex 3.7532 76.1944 0
      vertex 3.61401 76.7743 3
      vertex 3.61401 76.7743 0
    endloop
  endfacet
  facet normal -0.972382 -0.233395 0
    outer loop
      vertex 3.61401 76.7743 3
      vertex 3.7532 76.1944 0
      vertex 3.7532 76.1944 3
    endloop
  endfacet
  facet normal -0.923855 -0.382742 0
    outer loop
      vertex 3.61401 76.7743 0
      vertex 3.38582 77.3251 3
      vertex 3.38582 77.3251 0
    endloop
  endfacet
  facet normal -0.923855 -0.382742 0
    outer loop
      vertex 3.38582 77.3251 3
      vertex 3.61401 76.7743 0
      vertex 3.61401 76.7743 3
    endloop
  endfacet
  facet normal -0.852677 -0.522439 0
    outer loop
      vertex 3.38582 77.3251 0
      vertex 3.07426 77.8336 3
      vertex 3.07426 77.8336 0
    endloop
  endfacet
  facet normal -0.852677 -0.522439 0
    outer loop
      vertex 3.07426 77.8336 3
      vertex 3.38582 77.3251 0
      vertex 3.38582 77.3251 3
    endloop
  endfacet
  facet normal -0.76039 -0.649467 0
    outer loop
      vertex 3.07426 77.8336 0
      vertex 2.687 78.287 3
      vertex 2.687 78.287 0
    endloop
  endfacet
  facet normal -0.76039 -0.649467 0
    outer loop
      vertex 2.687 78.287 3
      vertex 3.07426 77.8336 0
      vertex 3.07426 77.8336 3
    endloop
  endfacet
  facet normal -0.649489 -0.760371 0
    outer loop
      vertex 2.23358 78.6743 0
      vertex 2.687 78.287 3
      vertex 2.23358 78.6743 3
    endloop
  endfacet
  facet normal -0.649489 -0.760371 -0
    outer loop
      vertex 2.687 78.287 3
      vertex 2.23358 78.6743 0
      vertex 2.687 78.287 0
    endloop
  endfacet
  facet normal -0.522425 -0.852685 0
    outer loop
      vertex 1.72516 78.9858 0
      vertex 2.23358 78.6743 3
      vertex 1.72516 78.9858 3
    endloop
  endfacet
  facet normal -0.522425 -0.852685 -0
    outer loop
      vertex 2.23358 78.6743 3
      vertex 1.72516 78.9858 0
      vertex 2.23358 78.6743 0
    endloop
  endfacet
  facet normal -0.382697 -0.923874 0
    outer loop
      vertex 1.17426 79.214 0
      vertex 1.72516 78.9858 3
      vertex 1.17426 79.214 3
    endloop
  endfacet
  facet normal -0.382697 -0.923874 -0
    outer loop
      vertex 1.72516 78.9858 3
      vertex 1.17426 79.214 0
      vertex 1.72516 78.9858 0
    endloop
  endfacet
  facet normal -0.23344 -0.972371 0
    outer loop
      vertex 0.594437 79.3532 0
      vertex 1.17426 79.214 3
      vertex 0.594437 79.3532 3
    endloop
  endfacet
  facet normal -0.23344 -0.972371 -0
    outer loop
      vertex 1.17426 79.214 3
      vertex 0.594437 79.3532 0
      vertex 1.17426 79.214 0
    endloop
  endfacet
  facet normal -0.0784871 -0.996915 0
    outer loop
      vertex 0 79.4 0
      vertex 0.594437 79.3532 3
      vertex 0 79.4 3
    endloop
  endfacet
  facet normal -0.0784871 -0.996915 -0
    outer loop
      vertex 0.594437 79.3532 3
      vertex 0 79.4 0
      vertex 0.594437 79.3532 0
    endloop
  endfacet
  facet normal 0.0784871 -0.996915 0
    outer loop
      vertex -0.594437 79.3532 0
      vertex 0 79.4 3
      vertex -0.594437 79.3532 3
    endloop
  endfacet
  facet normal 0.0784871 -0.996915 0
    outer loop
      vertex 0 79.4 3
      vertex -0.594437 79.3532 0
      vertex 0 79.4 0
    endloop
  endfacet
  facet normal 0.23344 -0.972371 0
    outer loop
      vertex -1.17426 79.214 0
      vertex -0.594437 79.3532 3
      vertex -1.17426 79.214 3
    endloop
  endfacet
  facet normal 0.23344 -0.972371 0
    outer loop
      vertex -0.594437 79.3532 3
      vertex -1.17426 79.214 0
      vertex -0.594437 79.3532 0
    endloop
  endfacet
  facet normal 0.382697 -0.923874 0
    outer loop
      vertex -1.72516 78.9858 0
      vertex -1.17426 79.214 3
      vertex -1.72516 78.9858 3
    endloop
  endfacet
  facet normal 0.382697 -0.923874 0
    outer loop
      vertex -1.17426 79.214 3
      vertex -1.72516 78.9858 0
      vertex -1.17426 79.214 0
    endloop
  endfacet
  facet normal 0.522425 -0.852685 0
    outer loop
      vertex -2.23358 78.6743 0
      vertex -1.72516 78.9858 3
      vertex -2.23358 78.6743 3
    endloop
  endfacet
  facet normal 0.522425 -0.852685 0
    outer loop
      vertex -1.72516 78.9858 3
      vertex -2.23358 78.6743 0
      vertex -1.72516 78.9858 0
    endloop
  endfacet
  facet normal 0.649489 -0.760371 0
    outer loop
      vertex -2.687 78.287 0
      vertex -2.23358 78.6743 3
      vertex -2.687 78.287 3
    endloop
  endfacet
  facet normal 0.649489 -0.760371 0
    outer loop
      vertex -2.23358 78.6743 3
      vertex -2.687 78.287 0
      vertex -2.23358 78.6743 0
    endloop
  endfacet
  facet normal 0.76039 -0.649467 0
    outer loop
      vertex -3.07426 77.8336 3
      vertex -2.687 78.287 0
      vertex -2.687 78.287 3
    endloop
  endfacet
  facet normal 0.76039 -0.649467 0
    outer loop
      vertex -2.687 78.287 0
      vertex -3.07426 77.8336 3
      vertex -3.07426 77.8336 0
    endloop
  endfacet
  facet normal 0.852677 -0.522439 0
    outer loop
      vertex -3.38582 77.3251 3
      vertex -3.07426 77.8336 0
      vertex -3.07426 77.8336 3
    endloop
  endfacet
  facet normal 0.852677 -0.522439 0
    outer loop
      vertex -3.07426 77.8336 0
      vertex -3.38582 77.3251 3
      vertex -3.38582 77.3251 0
    endloop
  endfacet
  facet normal 0.923855 -0.382742 0
    outer loop
      vertex -3.61401 76.7743 3
      vertex -3.38582 77.3251 0
      vertex -3.38582 77.3251 3
    endloop
  endfacet
  facet normal 0.923855 -0.382742 0
    outer loop
      vertex -3.38582 77.3251 0
      vertex -3.61401 76.7743 3
      vertex -3.61401 76.7743 0
    endloop
  endfacet
  facet normal 0.972382 -0.233395 0
    outer loop
      vertex -3.7532 76.1944 3
      vertex -3.61401 76.7743 0
      vertex -3.61401 76.7743 3
    endloop
  endfacet
  facet normal 0.972382 -0.233395 0
    outer loop
      vertex -3.61401 76.7743 0
      vertex -3.7532 76.1944 3
      vertex -3.7532 76.1944 0
    endloop
  endfacet
  facet normal 0.996916 -0.0784753 0
    outer loop
      vertex -3.79999 75.6 3
      vertex -3.7532 76.1944 0
      vertex -3.7532 76.1944 3
    endloop
  endfacet
  facet normal 0.996916 -0.0784753 0
    outer loop
      vertex -3.7532 76.1944 0
      vertex -3.79999 75.6 3
      vertex -3.79999 75.6 0
    endloop
  endfacet
  facet normal 0.996917 0.0784622 0
    outer loop
      vertex -3.7532 75.0055 3
      vertex -3.79999 75.6 0
      vertex -3.79999 75.6 3
    endloop
  endfacet
  facet normal 0.996917 0.0784622 0
    outer loop
      vertex -3.79999 75.6 0
      vertex -3.7532 75.0055 3
      vertex -3.7532 75.0055 0
    endloop
  endfacet
  facet normal 0.972373 0.233433 0
    outer loop
      vertex -3.61401 74.4257 3
      vertex -3.7532 75.0055 0
      vertex -3.7532 75.0055 3
    endloop
  endfacet
  facet normal 0.972373 0.233433 0
    outer loop
      vertex -3.7532 75.0055 0
      vertex -3.61401 74.4257 3
      vertex -3.61401 74.4257 0
    endloop
  endfacet
  facet normal 0.92388 0.382683 0
    outer loop
      vertex -3.38582 73.8748 3
      vertex -3.61401 74.4257 0
      vertex -3.61401 74.4257 3
    endloop
  endfacet
  facet normal 0.92388 0.382683 0
    outer loop
      vertex -3.61401 74.4257 0
      vertex -3.38582 73.8748 3
      vertex -3.38582 73.8748 0
    endloop
  endfacet
  facet normal 0.852631 0.522513 0
    outer loop
      vertex -3.07426 73.3664 3
      vertex -3.38582 73.8748 0
      vertex -3.38582 73.8748 3
    endloop
  endfacet
  facet normal 0.852631 0.522513 0
    outer loop
      vertex -3.38582 73.8748 0
      vertex -3.07426 73.3664 3
      vertex -3.07426 73.3664 0
    endloop
  endfacet
  facet normal 0.76039 0.649467 0
    outer loop
      vertex -2.687 72.913 3
      vertex -3.07426 73.3664 0
      vertex -3.07426 73.3664 3
    endloop
  endfacet
  facet normal 0.76039 0.649467 0
    outer loop
      vertex -3.07426 73.3664 0
      vertex -2.687 72.913 3
      vertex -2.687 72.913 0
    endloop
  endfacet
  facet normal 0.649489 0.760371 -0
    outer loop
      vertex -2.23358 72.5257 0
      vertex -2.687 72.913 3
      vertex -2.23358 72.5257 3
    endloop
  endfacet
  facet normal 0.649489 0.760371 0
    outer loop
      vertex -2.687 72.913 3
      vertex -2.23358 72.5257 0
      vertex -2.687 72.913 0
    endloop
  endfacet
  facet normal 0.522425 0.852685 -0
    outer loop
      vertex -1.72516 72.2142 0
      vertex -2.23358 72.5257 3
      vertex -1.72516 72.2142 3
    endloop
  endfacet
  facet normal 0.522425 0.852685 0
    outer loop
      vertex -2.23358 72.5257 3
      vertex -1.72516 72.2142 0
      vertex -2.23358 72.5257 0
    endloop
  endfacet
  facet normal 0.382697 0.923874 -0
    outer loop
      vertex -1.17426 71.986 0
      vertex -1.72516 72.2142 3
      vertex -1.17426 71.986 3
    endloop
  endfacet
  facet normal 0.382697 0.923874 0
    outer loop
      vertex -1.72516 72.2142 3
      vertex -1.17426 71.986 0
      vertex -1.72516 72.2142 0
    endloop
  endfacet
  facet normal 0.23344 0.972371 -0
    outer loop
      vertex -0.594437 71.8468 0
      vertex -1.17426 71.986 3
      vertex -0.594437 71.8468 3
    endloop
  endfacet
  facet normal 0.23344 0.972371 0
    outer loop
      vertex -1.17426 71.986 3
      vertex -0.594437 71.8468 0
      vertex -1.17426 71.986 0
    endloop
  endfacet
  facet normal 0.0784871 0.996915 -0
    outer loop
      vertex 0 71.8 0
      vertex -0.594437 71.8468 3
      vertex 0 71.8 3
    endloop
  endfacet
  facet normal 0.0784871 0.996915 0
    outer loop
      vertex -0.594437 71.8468 3
      vertex 0 71.8 0
      vertex -0.594437 71.8468 0
    endloop
  endfacet
  facet normal -0.0784871 0.996915 0
    outer loop
      vertex 0.594437 71.8468 0
      vertex 0 71.8 3
      vertex 0.594437 71.8468 3
    endloop
  endfacet
  facet normal -0.0784871 0.996915 0
    outer loop
      vertex 0 71.8 3
      vertex 0.594437 71.8468 0
      vertex 0 71.8 0
    endloop
  endfacet
  facet normal -0.406747 0.913541 0
    outer loop
      vertex -13.25 51.5689 0
      vertex -13.9184 51.2713 3
      vertex -13.25 51.5689 3
    endloop
  endfacet
  facet normal -0.406747 0.913541 0
    outer loop
      vertex -13.9184 51.2713 3
      vertex -13.25 51.5689 0
      vertex -13.9184 51.2713 0
    endloop
  endfacet
  facet normal -0.587773 0.809026 0
    outer loop
      vertex -12.658 51.999 0
      vertex -13.25 51.5689 3
      vertex -12.658 51.999 3
    endloop
  endfacet
  facet normal -0.587773 0.809026 0
    outer loop
      vertex -13.25 51.5689 3
      vertex -12.658 51.999 0
      vertex -13.25 51.5689 0
    endloop
  endfacet
  facet normal -0.743111 0.669169 0
    outer loop
      vertex -12.658 51.999 0
      vertex -12.1684 52.5427 3
      vertex -12.1684 52.5427 0
    endloop
  endfacet
  facet normal -0.743111 0.669169 0
    outer loop
      vertex -12.1684 52.5427 3
      vertex -12.658 51.999 0
      vertex -12.658 51.999 3
    endloop
  endfacet
  facet normal -0.866065 0.499931 0
    outer loop
      vertex -12.1684 52.5427 0
      vertex -11.8026 53.1764 3
      vertex -11.8026 53.1764 0
    endloop
  endfacet
  facet normal -0.866065 0.499931 0
    outer loop
      vertex -11.8026 53.1764 3
      vertex -12.1684 52.5427 0
      vertex -12.1684 52.5427 3
    endloop
  endfacet
  facet normal -0.951061 0.309003 0
    outer loop
      vertex -11.8026 53.1764 0
      vertex -11.5765 53.8723 3
      vertex -11.5765 53.8723 0
    endloop
  endfacet
  facet normal -0.951061 0.309003 0
    outer loop
      vertex -11.5765 53.8723 3
      vertex -11.8026 53.1764 0
      vertex -11.8026 53.1764 3
    endloop
  endfacet
  facet normal -0.99452 0.10455 0
    outer loop
      vertex -11.5765 53.8723 0
      vertex -11.5 54.6 3
      vertex -11.5 54.6 0
    endloop
  endfacet
  facet normal -0.99452 0.10455 0
    outer loop
      vertex -11.5 54.6 3
      vertex -11.5765 53.8723 0
      vertex -11.5765 53.8723 3
    endloop
  endfacet
  facet normal -0.99452 -0.10455 0
    outer loop
      vertex -11.5 54.6 0
      vertex -11.5765 55.3277 3
      vertex -11.5765 55.3277 0
    endloop
  endfacet
  facet normal -0.99452 -0.10455 0
    outer loop
      vertex -11.5765 55.3277 3
      vertex -11.5 54.6 0
      vertex -11.5 54.6 3
    endloop
  endfacet
  facet normal -0.951061 -0.309003 0
    outer loop
      vertex -11.5765 55.3277 0
      vertex -11.8026 56.0236 3
      vertex -11.8026 56.0236 0
    endloop
  endfacet
  facet normal -0.951061 -0.309003 0
    outer loop
      vertex -11.8026 56.0236 3
      vertex -11.5765 55.3277 0
      vertex -11.5765 55.3277 3
    endloop
  endfacet
  facet normal -0.866031 -0.499991 0
    outer loop
      vertex -11.8026 56.0236 0
      vertex -12.1684 56.6572 3
      vertex -12.1684 56.6572 0
    endloop
  endfacet
  facet normal -0.866031 -0.499991 0
    outer loop
      vertex -12.1684 56.6572 3
      vertex -11.8026 56.0236 0
      vertex -11.8026 56.0236 3
    endloop
  endfacet
  facet normal -0.743172 -0.669101 0
    outer loop
      vertex -12.1684 56.6572 0
      vertex -12.658 57.201 3
      vertex -12.658 57.201 0
    endloop
  endfacet
  facet normal -0.743172 -0.669101 0
    outer loop
      vertex -12.658 57.201 3
      vertex -12.1684 56.6572 0
      vertex -12.1684 56.6572 3
    endloop
  endfacet
  facet normal -0.587773 -0.809026 0
    outer loop
      vertex -13.25 57.6311 0
      vertex -12.658 57.201 3
      vertex -13.25 57.6311 3
    endloop
  endfacet
  facet normal -0.587773 -0.809026 -0
    outer loop
      vertex -12.658 57.201 3
      vertex -13.25 57.6311 0
      vertex -12.658 57.201 0
    endloop
  endfacet
  facet normal -0.406747 -0.913541 0
    outer loop
      vertex -13.9184 57.9287 0
      vertex -13.25 57.6311 3
      vertex -13.9184 57.9287 3
    endloop
  endfacet
  facet normal -0.406747 -0.913541 -0
    outer loop
      vertex -13.25 57.6311 3
      vertex -13.9184 57.9287 0
      vertex -13.25 57.6311 0
    endloop
  endfacet
  facet normal -0.207877 -0.978155 0
    outer loop
      vertex -14.6341 58.0808 0
      vertex -13.9184 57.9287 3
      vertex -14.6341 58.0808 3
    endloop
  endfacet
  facet normal -0.207877 -0.978155 -0
    outer loop
      vertex -13.9184 57.9287 3
      vertex -14.6341 58.0808 0
      vertex -13.9184 57.9287 0
    endloop
  endfacet
  facet normal 0 -1 0
    outer loop
      vertex -15.3658 58.0808 0
      vertex -14.6341 58.0808 3
      vertex -15.3658 58.0808 3
    endloop
  endfacet
  facet normal 0 -1 -0
    outer loop
      vertex -14.6341 58.0808 3
      vertex -15.3658 58.0808 0
      vertex -14.6341 58.0808 0
    endloop
  endfacet
  facet normal 0.207849 -0.978161 0
    outer loop
      vertex -16.0816 57.9287 0
      vertex -15.3658 58.0808 3
      vertex -16.0816 57.9287 3
    endloop
  endfacet
  facet normal 0.207849 -0.978161 0
    outer loop
      vertex -15.3658 58.0808 3
      vertex -16.0816 57.9287 0
      vertex -15.3658 58.0808 0
    endloop
  endfacet
  facet normal 0.406747 -0.913541 0
    outer loop
      vertex -16.75 57.6311 0
      vertex -16.0816 57.9287 3
      vertex -16.75 57.6311 3
    endloop
  endfacet
  facet normal 0.406747 -0.913541 0
    outer loop
      vertex -16.0816 57.9287 3
      vertex -16.75 57.6311 0
      vertex -16.0816 57.9287 0
    endloop
  endfacet
  facet normal 0.587838 -0.808978 0
    outer loop
      vertex -17.3419 57.201 0
      vertex -16.75 57.6311 3
      vertex -17.3419 57.201 3
    endloop
  endfacet
  facet normal 0.587838 -0.808978 0
    outer loop
      vertex -16.75 57.6311 3
      vertex -17.3419 57.201 0
      vertex -16.75 57.6311 0
    endloop
  endfacet
  facet normal 0.743104 -0.669176 0
    outer loop
      vertex -17.8316 56.6572 3
      vertex -17.3419 57.201 0
      vertex -17.3419 57.201 3
    endloop
  endfacet
  facet normal 0.743104 -0.669176 0
    outer loop
      vertex -17.3419 57.201 0
      vertex -17.8316 56.6572 3
      vertex -17.8316 56.6572 0
    endloop
  endfacet
  facet normal 0.866031 -0.499991 0
    outer loop
      vertex -18.1974 56.0236 3
      vertex -17.8316 56.6572 0
      vertex -17.8316 56.6572 3
    endloop
  endfacet
  facet normal 0.866031 -0.499991 0
    outer loop
      vertex -17.8316 56.6572 0
      vertex -18.1974 56.0236 3
      vertex -18.1974 56.0236 0
    endloop
  endfacet
  facet normal 0.951061 -0.309003 0
    outer loop
      vertex -18.4235 55.3277 3
      vertex -18.1974 56.0236 0
      vertex -18.1974 56.0236 3
    endloop
  endfacet
  facet normal 0.951061 -0.309003 0
    outer loop
      vertex -18.1974 56.0236 0
      vertex -18.4235 55.3277 3
      vertex -18.4235 55.3277 0
    endloop
  endfacet
  facet normal 0.99452 -0.10455 0
    outer loop
      vertex -18.5 54.6 3
      vertex -18.4235 55.3277 0
      vertex -18.4235 55.3277 3
    endloop
  endfacet
  facet normal 0.99452 -0.10455 0
    outer loop
      vertex -18.4235 55.3277 0
      vertex -18.5 54.6 3
      vertex -18.5 54.6 0
    endloop
  endfacet
  facet normal 0.99452 0.10455 0
    outer loop
      vertex -18.4235 53.8723 3
      vertex -18.5 54.6 0
      vertex -18.5 54.6 3
    endloop
  endfacet
  facet normal 0.99452 0.10455 0
    outer loop
      vertex -18.5 54.6 0
      vertex -18.4235 53.8723 3
      vertex -18.4235 53.8723 0
    endloop
  endfacet
  facet normal 0.951061 0.309003 0
    outer loop
      vertex -18.1974 53.1764 3
      vertex -18.4235 53.8723 0
      vertex -18.4235 53.8723 3
    endloop
  endfacet
  facet normal 0.951061 0.309003 0
    outer loop
      vertex -18.4235 53.8723 0
      vertex -18.1974 53.1764 3
      vertex -18.1974 53.1764 0
    endloop
  endfacet
  facet normal 0.866065 0.499931 0
    outer loop
      vertex -17.8316 52.5427 3
      vertex -18.1974 53.1764 0
      vertex -18.1974 53.1764 3
    endloop
  endfacet
  facet normal 0.866065 0.499931 0
    outer loop
      vertex -18.1974 53.1764 0
      vertex -17.8316 52.5427 3
      vertex -17.8316 52.5427 0
    endloop
  endfacet
  facet normal 0.743043 0.669244 0
    outer loop
      vertex -17.3419 51.999 3
      vertex -17.8316 52.5427 0
      vertex -17.8316 52.5427 3
    endloop
  endfacet
  facet normal 0.743043 0.669244 0
    outer loop
      vertex -17.8316 52.5427 0
      vertex -17.3419 51.999 3
      vertex -17.3419 51.999 0
    endloop
  endfacet
  facet normal 0.587838 0.808978 -0
    outer loop
      vertex -16.75 51.5689 0
      vertex -17.3419 51.999 3
      vertex -16.75 51.5689 3
    endloop
  endfacet
  facet normal 0.587838 0.808978 0
    outer loop
      vertex -17.3419 51.999 3
      vertex -16.75 51.5689 0
      vertex -17.3419 51.999 0
    endloop
  endfacet
  facet normal 0.406747 0.913541 -0
    outer loop
      vertex -16.0816 51.2713 0
      vertex -16.75 51.5689 3
      vertex -16.0816 51.2713 3
    endloop
  endfacet
  facet normal 0.406747 0.913541 0
    outer loop
      vertex -16.75 51.5689 3
      vertex -16.0816 51.2713 0
      vertex -16.75 51.5689 0
    endloop
  endfacet
  facet normal 0.207849 0.978161 -0
    outer loop
      vertex -15.3658 51.1192 0
      vertex -16.0816 51.2713 3
      vertex -15.3658 51.1192 3
    endloop
  endfacet
  facet normal 0.207849 0.978161 0
    outer loop
      vertex -16.0816 51.2713 3
      vertex -15.3658 51.1192 0
      vertex -16.0816 51.2713 0
    endloop
  endfacet
  facet normal 0 1 -0
    outer loop
      vertex -14.6341 51.1192 0
      vertex -15.3658 51.1192 3
      vertex -14.6341 51.1192 3
    endloop
  endfacet
  facet normal 0 1 0
    outer loop
      vertex -15.3658 51.1192 3
      vertex -14.6341 51.1192 0
      vertex -15.3658 51.1192 0
    endloop
  endfacet
  facet normal -0.207877 0.978155 0
    outer loop
      vertex -13.9184 51.2713 0
      vertex -14.6341 51.1192 3
      vertex -13.9184 51.2713 3
    endloop
  endfacet
  facet normal -0.207877 0.978155 0
    outer loop
      vertex -14.6341 51.1192 3
      vertex -13.9184 51.2713 0
      vertex -14.6341 51.1192 0
    endloop
  endfacet
  facet normal -0.406747 0.913541 0
    outer loop
      vertex 16.75 51.5689 0
      vertex 16.0816 51.2713 3
      vertex 16.75 51.5689 3
    endloop
  endfacet
  facet normal -0.406747 0.913541 0
    outer loop
      vertex 16.0816 51.2713 3
      vertex 16.75 51.5689 0
      vertex 16.0816 51.2713 0
    endloop
  endfacet
  facet normal -0.587838 0.808978 0
    outer loop
      vertex 17.3419 51.999 0
      vertex 16.75 51.5689 3
      vertex 17.3419 51.999 3
    endloop
  endfacet
  facet normal -0.587838 0.808978 0
    outer loop
      vertex 16.75 51.5689 3
      vertex 17.3419 51.999 0
      vertex 16.75 51.5689 0
    endloop
  endfacet
  facet normal -0.743043 0.669244 0
    outer loop
      vertex 17.3419 51.999 0
      vertex 17.8316 52.5427 3
      vertex 17.8316 52.5427 0
    endloop
  endfacet
  facet normal -0.743043 0.669244 0
    outer loop
      vertex 17.8316 52.5427 3
      vertex 17.3419 51.999 0
      vertex 17.3419 51.999 3
    endloop
  endfacet
  facet normal -0.866065 0.499931 0
    outer loop
      vertex 17.8316 52.5427 0
      vertex 18.1974 53.1764 3
      vertex 18.1974 53.1764 0
    endloop
  endfacet
  facet normal -0.866065 0.499931 0
    outer loop
      vertex 18.1974 53.1764 3
      vertex 17.8316 52.5427 0
      vertex 17.8316 52.5427 3
    endloop
  endfacet
  facet normal -0.951061 0.309003 0
    outer loop
      vertex 18.1974 53.1764 0
      vertex 18.4235 53.8723 3
      vertex 18.4235 53.8723 0
    endloop
  endfacet
  facet normal -0.951061 0.309003 0
    outer loop
      vertex 18.4235 53.8723 3
      vertex 18.1974 53.1764 0
      vertex 18.1974 53.1764 3
    endloop
  endfacet
  facet normal -0.99452 0.10455 0
    outer loop
      vertex 18.4235 53.8723 0
      vertex 18.5 54.6 3
      vertex 18.5 54.6 0
    endloop
  endfacet
  facet normal -0.99452 0.10455 0
    outer loop
      vertex 18.5 54.6 3
      vertex 18.4235 53.8723 0
      vertex 18.4235 53.8723 3
    endloop
  endfacet
  facet normal -0.99452 -0.10455 0
    outer loop
      vertex 18.5 54.6 0
      vertex 18.4235 55.3277 3
      vertex 18.4235 55.3277 0
    endloop
  endfacet
  facet normal -0.99452 -0.10455 0
    outer loop
      vertex 18.4235 55.3277 3
      vertex 18.5 54.6 0
      vertex 18.5 54.6 3
    endloop
  endfacet
  facet normal -0.951061 -0.309003 0
    outer loop
      vertex 18.4235 55.3277 0
      vertex 18.1974 56.0236 3
      vertex 18.1974 56.0236 0
    endloop
  endfacet
  facet normal -0.951061 -0.309003 0
    outer loop
      vertex 18.1974 56.0236 3
      vertex 18.4235 55.3277 0
      vertex 18.4235 55.3277 3
    endloop
  endfacet
  facet normal -0.866031 -0.499991 0
    outer loop
      vertex 18.1974 56.0236 0
      vertex 17.8316 56.6572 3
      vertex 17.8316 56.6572 0
    endloop
  endfacet
  facet normal -0.866031 -0.499991 0
    outer loop
      vertex 17.8316 56.6572 3
      vertex 18.1974 56.0236 0
      vertex 18.1974 56.0236 3
    endloop
  endfacet
  facet normal -0.743104 -0.669176 0
    outer loop
      vertex 17.8316 56.6572 0
      vertex 17.3419 57.201 3
      vertex 17.3419 57.201 0
    endloop
  endfacet
  facet normal -0.743104 -0.669176 0
    outer loop
      vertex 17.3419 57.201 3
      vertex 17.8316 56.6572 0
      vertex 17.8316 56.6572 3
    endloop
  endfacet
  facet normal -0.587838 -0.808978 0
    outer loop
      vertex 16.75 57.6311 0
      vertex 17.3419 57.201 3
      vertex 16.75 57.6311 3
    endloop
  endfacet
  facet normal -0.587838 -0.808978 -0
    outer loop
      vertex 17.3419 57.201 3
      vertex 16.75 57.6311 0
      vertex 17.3419 57.201 0
    endloop
  endfacet
  facet normal -0.406747 -0.913541 0
    outer loop
      vertex 16.0816 57.9287 0
      vertex 16.75 57.6311 3
      vertex 16.0816 57.9287 3
    endloop
  endfacet
  facet normal -0.406747 -0.913541 -0
    outer loop
      vertex 16.75 57.6311 3
      vertex 16.0816 57.9287 0
      vertex 16.75 57.6311 0
    endloop
  endfacet
  facet normal -0.207849 -0.978161 0
    outer loop
      vertex 15.3658 58.0808 0
      vertex 16.0816 57.9287 3
      vertex 15.3658 58.0808 3
    endloop
  endfacet
  facet normal -0.207849 -0.978161 -0
    outer loop
      vertex 16.0816 57.9287 3
      vertex 15.3658 58.0808 0
      vertex 16.0816 57.9287 0
    endloop
  endfacet
  facet normal 0 -1 0
    outer loop
      vertex 14.6341 58.0808 0
      vertex 15.3658 58.0808 3
      vertex 14.6341 58.0808 3
    endloop
  endfacet
  facet normal 0 -1 -0
    outer loop
      vertex 15.3658 58.0808 3
      vertex 14.6341 58.0808 0
      vertex 15.3658 58.0808 0
    endloop
  endfacet
  facet normal 0.207877 -0.978155 0
    outer loop
      vertex 13.9184 57.9287 0
      vertex 14.6341 58.0808 3
      vertex 13.9184 57.9287 3
    endloop
  endfacet
  facet normal 0.207877 -0.978155 0
    outer loop
      vertex 14.6341 58.0808 3
      vertex 13.9184 57.9287 0
      vertex 14.6341 58.0808 0
    endloop
  endfacet
  facet normal 0.406747 -0.913541 0
    outer loop
      vertex 13.25 57.6311 0
      vertex 13.9184 57.9287 3
      vertex 13.25 57.6311 3
    endloop
  endfacet
  facet normal 0.406747 -0.913541 0
    outer loop
      vertex 13.9184 57.9287 3
      vertex 13.25 57.6311 0
      vertex 13.9184 57.9287 0
    endloop
  endfacet
  facet normal 0.587773 -0.809026 0
    outer loop
      vertex 12.658 57.201 0
      vertex 13.25 57.6311 3
      vertex 12.658 57.201 3
    endloop
  endfacet
  facet normal 0.587773 -0.809026 0
    outer loop
      vertex 13.25 57.6311 3
      vertex 12.658 57.201 0
      vertex 13.25 57.6311 0
    endloop
  endfacet
  facet normal 0.743172 -0.669101 0
    outer loop
      vertex 12.1684 56.6572 3
      vertex 12.658 57.201 0
      vertex 12.658 57.201 3
    endloop
  endfacet
  facet normal 0.743172 -0.669101 0
    outer loop
      vertex 12.658 57.201 0
      vertex 12.1684 56.6572 3
      vertex 12.1684 56.6572 0
    endloop
  endfacet
  facet normal 0.866031 -0.499991 0
    outer loop
      vertex 11.8026 56.0236 3
      vertex 12.1684 56.6572 0
      vertex 12.1684 56.6572 3
    endloop
  endfacet
  facet normal 0.866031 -0.499991 0
    outer loop
      vertex 12.1684 56.6572 0
      vertex 11.8026 56.0236 3
      vertex 11.8026 56.0236 0
    endloop
  endfacet
  facet normal 0.951061 -0.309003 0
    outer loop
      vertex 11.5765 55.3277 3
      vertex 11.8026 56.0236 0
      vertex 11.8026 56.0236 3
    endloop
  endfacet
  facet normal 0.951061 -0.309003 0
    outer loop
      vertex 11.8026 56.0236 0
      vertex 11.5765 55.3277 3
      vertex 11.5765 55.3277 0
    endloop
  endfacet
  facet normal 0.99452 -0.10455 0
    outer loop
      vertex 11.5 54.6 3
      vertex 11.5765 55.3277 0
      vertex 11.5765 55.3277 3
    endloop
  endfacet
  facet normal 0.99452 -0.10455 0
    outer loop
      vertex 11.5765 55.3277 0
      vertex 11.5 54.6 3
      vertex 11.5 54.6 0
    endloop
  endfacet
  facet normal 0.99452 0.10455 0
    outer loop
      vertex 11.5765 53.8723 3
      vertex 11.5 54.6 0
      vertex 11.5 54.6 3
    endloop
  endfacet
  facet normal 0.99452 0.10455 0
    outer loop
      vertex 11.5 54.6 0
      vertex 11.5765 53.8723 3
      vertex 11.5765 53.8723 0
    endloop
  endfacet
  facet normal 0.951061 0.309003 0
    outer loop
      vertex 11.8026 53.1764 3
      vertex 11.5765 53.8723 0
      vertex 11.5765 53.8723 3
    endloop
  endfacet
  facet normal 0.951061 0.309003 0
    outer loop
      vertex 11.5765 53.8723 0
      vertex 11.8026 53.1764 3
      vertex 11.8026 53.1764 0
    endloop
  endfacet
  facet normal 0.866065 0.499931 0
    outer loop
      vertex 12.1684 52.5427 3
      vertex 11.8026 53.1764 0
      vertex 11.8026 53.1764 3
    endloop
  endfacet
  facet normal 0.866065 0.499931 0
    outer loop
      vertex 11.8026 53.1764 0
      vertex 12.1684 52.5427 3
      vertex 12.1684 52.5427 0
    endloop
  endfacet
  facet normal 0.743111 0.669169 0
    outer loop
      vertex 12.658 51.999 3
      vertex 12.1684 52.5427 0
      vertex 12.1684 52.5427 3
    endloop
  endfacet
  facet normal 0.743111 0.669169 0
    outer loop
      vertex 12.1684 52.5427 0
      vertex 12.658 51.999 3
      vertex 12.658 51.999 0
    endloop
  endfacet
  facet normal 0.587773 0.809026 -0
    outer loop
      vertex 13.25 51.5689 0
      vertex 12.658 51.999 3
      vertex 13.25 51.5689 3
    endloop
  endfacet
  facet normal 0.587773 0.809026 0
    outer loop
      vertex 12.658 51.999 3
      vertex 13.25 51.5689 0
      vertex 12.658 51.999 0
    endloop
  endfacet
  facet normal 0.406747 0.913541 -0
    outer loop
      vertex 13.9184 51.2713 0
      vertex 13.25 51.5689 3
      vertex 13.9184 51.2713 3
    endloop
  endfacet
  facet normal 0.406747 0.913541 0
    outer loop
      vertex 13.25 51.5689 3
      vertex 13.9184 51.2713 0
      vertex 13.25 51.5689 0
    endloop
  endfacet
  facet normal 0.207877 0.978155 -0
    outer loop
      vertex 14.6341 51.1192 0
      vertex 13.9184 51.2713 3
      vertex 14.6341 51.1192 3
    endloop
  endfacet
  facet normal 0.207877 0.978155 0
    outer loop
      vertex 13.9184 51.2713 3
      vertex 14.6341 51.1192 0
      vertex 13.9184 51.2713 0
    endloop
  endfacet
  facet normal 0 1 -0
    outer loop
      vertex 15.3658 51.1192 0
      vertex 14.6341 51.1192 3
      vertex 15.3658 51.1192 3
    endloop
  endfacet
  facet normal 0 1 0
    outer loop
      vertex 14.6341 51.1192 3
      vertex 15.3658 51.1192 0
      vertex 14.6341 51.1192 0
    endloop
  endfacet
  facet normal -0.207849 0.978161 0
    outer loop
      vertex 16.0816 51.2713 0
      vertex 15.3658 51.1192 3
      vertex 16.0816 51.2713 3
    endloop
  endfacet
  facet normal -0.207849 0.978161 0
    outer loop
      vertex 15.3658 51.1192 3
      vertex 16.0816 51.2713 0
      vertex 15.3658 51.1192 0
    endloop
  endfacet
  facet normal -0.233431 0.972373 0
    outer loop
      vertex -11.0841 21.7034 0
      vertex -12.0301 21.4763 3
      vertex -11.0841 21.7034 3
    endloop
  endfacet
  facet normal -0.233431 0.972373 0
    outer loop
      vertex -12.0301 21.4763 3
      vertex -11.0841 21.7034 0
      vertex -12.0301 21.4763 0
    endloop
  endfacet
  facet normal -0.382688 0.923878 0
    outer loop
      vertex -10.1853 22.0757 0
      vertex -11.0841 21.7034 3
      vertex -10.1853 22.0757 3
    endloop
  endfacet
  facet normal -0.382688 0.923878 0
    outer loop
      vertex -11.0841 21.7034 3
      vertex -10.1853 22.0757 0
      vertex -11.0841 21.7034 0
    endloop
  endfacet
  facet normal -0.522528 0.852622 0
    outer loop
      vertex -9.35573 22.5841 0
      vertex -10.1853 22.0757 3
      vertex -9.35573 22.5841 3
    endloop
  endfacet
  facet normal -0.522528 0.852622 0
    outer loop
      vertex -10.1853 22.0757 3
      vertex -9.35573 22.5841 0
      vertex -10.1853 22.0757 0
    endloop
  endfacet
  facet normal -0.649424 0.760426 0
    outer loop
      vertex -8.61594 23.2159 0
      vertex -9.35573 22.5841 3
      vertex -8.61594 23.2159 3
    endloop
  endfacet
  facet normal -0.649424 0.760426 0
    outer loop
      vertex -9.35573 22.5841 3
      vertex -8.61594 23.2159 0
      vertex -9.35573 22.5841 0
    endloop
  endfacet
  facet normal -0.760405 0.649449 0
    outer loop
      vertex -8.61594 23.2159 0
      vertex -7.98409 23.9557 3
      vertex -7.98409 23.9557 0
    endloop
  endfacet
  facet normal -0.760405 0.649449 0
    outer loop
      vertex -7.98409 23.9557 3
      vertex -8.61594 23.2159 0
      vertex -8.61594 23.2159 3
    endloop
  endfacet
  facet normal -0.85263 0.522515 0
    outer loop
      vertex -7.98409 23.9557 0
      vertex -7.47575 24.7852 3
      vertex -7.47575 24.7852 0
    endloop
  endfacet
  facet normal -0.85263 0.522515 0
    outer loop
      vertex -7.47575 24.7852 3
      vertex -7.98409 23.9557 0
      vertex -7.98409 23.9557 3
    endloop
  endfacet
  facet normal -0.923889 0.38266 0
    outer loop
      vertex -7.47575 24.7852 0
      vertex -7.10344 25.6841 3
      vertex -7.10344 25.6841 0
    endloop
  endfacet
  facet normal -0.923889 0.38266 0
    outer loop
      vertex -7.10344 25.6841 3
      vertex -7.47575 24.7852 0
      vertex -7.47575 24.7852 3
    endloop
  endfacet
  facet normal -0.972371 0.233441 0
    outer loop
      vertex -7.10344 25.6841 0
      vertex -6.87633 26.6301 3
      vertex -6.87633 26.6301 0
    endloop
  endfacet
  facet normal -0.972371 0.233441 0
    outer loop
      vertex -6.87633 26.6301 3
      vertex -7.10344 25.6841 0
      vertex -7.10344 25.6841 3
    endloop
  endfacet
  facet normal -0.996917 0.0784665 0
    outer loop
      vertex -6.87633 26.6301 0
      vertex -6.79999 27.6 3
      vertex -6.79999 27.6 0
    endloop
  endfacet
  facet normal -0.996917 0.0784665 0
    outer loop
      vertex -6.79999 27.6 3
      vertex -6.87633 26.6301 0
      vertex -6.87633 26.6301 3
    endloop
  endfacet
  facet normal -0.996917 -0.0784665 0
    outer loop
      vertex -6.79999 27.6 0
      vertex -6.87633 28.5699 3
      vertex -6.87633 28.5699 0
    endloop
  endfacet
  facet normal -0.996917 -0.0784665 0
    outer loop
      vertex -6.87633 28.5699 3
      vertex -6.79999 27.6 0
      vertex -6.79999 27.6 3
    endloop
  endfacet
  facet normal -0.972371 -0.233441 0
    outer loop
      vertex -6.87633 28.5699 0
      vertex -7.10344 29.5159 3
      vertex -7.10344 29.5159 0
    endloop
  endfacet
  facet normal -0.972371 -0.233441 0
    outer loop
      vertex -7.10344 29.5159 3
      vertex -6.87633 28.5699 0
      vertex -6.87633 28.5699 3
    endloop
  endfacet
  facet normal -0.923874 -0.382696 0
    outer loop
      vertex -7.10344 29.5159 0
      vertex -7.47575 30.4147 3
      vertex -7.47575 30.4147 0
    endloop
  endfacet
  facet normal -0.923874 -0.382696 0
    outer loop
      vertex -7.47575 30.4147 3
      vertex -7.10344 29.5159 0
      vertex -7.10344 29.5159 3
    endloop
  endfacet
  facet normal -0.852658 -0.522469 0
    outer loop
      vertex -7.47575 30.4147 0
      vertex -7.98409 31.2443 3
      vertex -7.98409 31.2443 0
    endloop
  endfacet
  facet normal -0.852658 -0.522469 0
    outer loop
      vertex -7.98409 31.2443 3
      vertex -7.47575 30.4147 0
      vertex -7.47575 30.4147 3
    endloop
  endfacet
  facet normal -0.760405 -0.649449 0
    outer loop
      vertex -7.98409 31.2443 0
      vertex -8.61594 31.9841 3
      vertex -8.61594 31.9841 0
    endloop
  endfacet
  facet normal -0.760405 -0.649449 0
    outer loop
      vertex -8.61594 31.9841 3
      vertex -7.98409 31.2443 0
      vertex -7.98409 31.2443 3
    endloop
  endfacet
  facet normal -0.649424 -0.760426 0
    outer loop
      vertex -9.35573 32.6159 0
      vertex -8.61594 31.9841 3
      vertex -9.35573 32.6159 3
    endloop
  endfacet
  facet normal -0.649424 -0.760426 -0
    outer loop
      vertex -8.61594 31.9841 3
      vertex -9.35573 32.6159 0
      vertex -8.61594 31.9841 0
    endloop
  endfacet
  facet normal -0.522453 -0.852668 0
    outer loop
      vertex -10.1853 33.1242 0
      vertex -9.35573 32.6159 3
      vertex -10.1853 33.1242 3
    endloop
  endfacet
  facet normal -0.522453 -0.852668 -0
    outer loop
      vertex -9.35573 32.6159 3
      vertex -10.1853 33.1242 0
      vertex -9.35573 32.6159 0
    endloop
  endfacet
  facet normal -0.382688 -0.923878 0
    outer loop
      vertex -11.0841 33.4965 0
      vertex -10.1853 33.1242 3
      vertex -11.0841 33.4965 3
    endloop
  endfacet
  facet normal -0.382688 -0.923878 -0
    outer loop
      vertex -10.1853 33.1242 3
      vertex -11.0841 33.4965 0
      vertex -10.1853 33.1242 0
    endloop
  endfacet
  facet normal -0.233528 -0.97235 0
    outer loop
      vertex -12.0301 33.7237 0
      vertex -11.0841 33.4965 3
      vertex -12.0301 33.7237 3
    endloop
  endfacet
  facet normal -0.233528 -0.97235 -0
    outer loop
      vertex -11.0841 33.4965 3
      vertex -12.0301 33.7237 0
      vertex -11.0841 33.4965 0
    endloop
  endfacet
  facet normal -0.0784256 -0.99692 0
    outer loop
      vertex -13 33.8 0
      vertex -12.0301 33.7237 3
      vertex -13 33.8 3
    endloop
  endfacet
  facet normal -0.0784256 -0.99692 -0
    outer loop
      vertex -12.0301 33.7237 3
      vertex -13 33.8 0
      vertex -12.0301 33.7237 0
    endloop
  endfacet
  facet normal 0.0784256 -0.99692 0
    outer loop
      vertex -13.9699 33.7237 0
      vertex -13 33.8 3
      vertex -13.9699 33.7237 3
    endloop
  endfacet
  facet normal 0.0784256 -0.99692 0
    outer loop
      vertex -13 33.8 3
      vertex -13.9699 33.7237 0
      vertex -13 33.8 0
    endloop
  endfacet
  facet normal 0.233528 -0.97235 0
    outer loop
      vertex -14.9159 33.4965 0
      vertex -13.9699 33.7237 3
      vertex -14.9159 33.4965 3
    endloop
  endfacet
  facet normal 0.233528 -0.97235 0
    outer loop
      vertex -13.9699 33.7237 3
      vertex -14.9159 33.4965 0
      vertex -13.9699 33.7237 0
    endloop
  endfacet
  facet normal 0.382688 -0.923878 0
    outer loop
      vertex -15.8147 33.1242 0
      vertex -14.9159 33.4965 3
      vertex -15.8147 33.1242 3
    endloop
  endfacet
  facet normal 0.382688 -0.923878 0
    outer loop
      vertex -14.9159 33.4965 3
      vertex -15.8147 33.1242 0
      vertex -14.9159 33.4965 0
    endloop
  endfacet
  facet normal 0.522439 -0.852677 0
    outer loop
      vertex -16.6443 32.6159 0
      vertex -15.8147 33.1242 3
      vertex -16.6443 32.6159 3
    endloop
  endfacet
  facet normal 0.522439 -0.852677 0
    outer loop
      vertex -15.8147 33.1242 3
      vertex -16.6443 32.6159 0
      vertex -15.8147 33.1242 0
    endloop
  endfacet
  facet normal 0.64947 -0.760387 0
    outer loop
      vertex -17.384 31.9841 0
      vertex -16.6443 32.6159 3
      vertex -17.384 31.9841 3
    endloop
  endfacet
  facet normal 0.64947 -0.760387 0
    outer loop
      vertex -16.6443 32.6159 3
      vertex -17.384 31.9841 0
      vertex -16.6443 32.6159 0
    endloop
  endfacet
  facet normal 0.76038 -0.649478 0
    outer loop
      vertex -18.0159 31.2443 3
      vertex -17.384 31.9841 0
      vertex -17.384 31.9841 3
    endloop
  endfacet
  facet normal 0.76038 -0.649478 0
    outer loop
      vertex -17.384 31.9841 0
      vertex -18.0159 31.2443 3
      vertex -18.0159 31.2443 0
    endloop
  endfacet
  facet normal 0.852677 -0.522439 0
    outer loop
      vertex -18.5242 30.4147 3
      vertex -18.0159 31.2443 0
      vertex -18.0159 31.2443 3
    endloop
  endfacet
  facet normal 0.852677 -0.522439 0
    outer loop
      vertex -18.0159 31.2443 0
      vertex -18.5242 30.4147 3
      vertex -18.5242 30.4147 0
    endloop
  endfacet
  facet normal 0.923878 -0.382688 0
    outer loop
      vertex -18.8965 29.5159 3
      vertex -18.5242 30.4147 0
      vertex -18.5242 30.4147 3
    endloop
  endfacet
  facet normal 0.923878 -0.382688 0
    outer loop
      vertex -18.5242 30.4147 0
      vertex -18.8965 29.5159 3
      vertex -18.8965 29.5159 0
    endloop
  endfacet
  facet normal 0.97235 -0.233528 0
    outer loop
      vertex -19.1237 28.5699 3
      vertex -18.8965 29.5159 0
      vertex -18.8965 29.5159 3
    endloop
  endfacet
  facet normal 0.97235 -0.233528 0
    outer loop
      vertex -18.8965 29.5159 0
      vertex -19.1237 28.5699 3
      vertex -19.1237 28.5699 0
    endloop
  endfacet
  facet normal 0.99692 -0.0784256 0
    outer loop
      vertex -19.2 27.6 3
      vertex -19.1237 28.5699 0
      vertex -19.1237 28.5699 3
    endloop
  endfacet
  facet normal 0.99692 -0.0784256 0
    outer loop
      vertex -19.1237 28.5699 0
      vertex -19.2 27.6 3
      vertex -19.2 27.6 0
    endloop
  endfacet
  facet normal 0.99692 0.0784256 0
    outer loop
      vertex -19.1237 26.6301 3
      vertex -19.2 27.6 0
      vertex -19.2 27.6 3
    endloop
  endfacet
  facet normal 0.99692 0.0784256 0
    outer loop
      vertex -19.2 27.6 0
      vertex -19.1237 26.6301 3
      vertex -19.1237 26.6301 0
    endloop
  endfacet
  facet normal 0.97235 0.233528 0
    outer loop
      vertex -18.8965 25.6841 3
      vertex -19.1237 26.6301 0
      vertex -19.1237 26.6301 3
    endloop
  endfacet
  facet normal 0.97235 0.233528 0
    outer loop
      vertex -19.1237 26.6301 0
      vertex -18.8965 25.6841 3
      vertex -18.8965 25.6841 0
    endloop
  endfacet
  facet normal 0.923893 0.382651 0
    outer loop
      vertex -18.5242 24.7852 3
      vertex -18.8965 25.6841 0
      vertex -18.8965 25.6841 3
    endloop
  endfacet
  facet normal 0.923893 0.382651 0
    outer loop
      vertex -18.8965 25.6841 0
      vertex -18.5242 24.7852 3
      vertex -18.5242 24.7852 0
    endloop
  endfacet
  facet normal 0.852649 0.522485 0
    outer loop
      vertex -18.0159 23.9557 3
      vertex -18.5242 24.7852 0
      vertex -18.5242 24.7852 3
    endloop
  endfacet
  facet normal 0.852649 0.522485 0
    outer loop
      vertex -18.5242 24.7852 0
      vertex -18.0159 23.9557 3
      vertex -18.0159 23.9557 0
    endloop
  endfacet
  facet normal 0.76038 0.649478 0
    outer loop
      vertex -17.384 23.2159 3
      vertex -18.0159 23.9557 0
      vertex -18.0159 23.9557 3
    endloop
  endfacet
  facet normal 0.76038 0.649478 0
    outer loop
      vertex -18.0159 23.9557 0
      vertex -17.384 23.2159 3
      vertex -17.384 23.2159 0
    endloop
  endfacet
  facet normal 0.64947 0.760387 -0
    outer loop
      vertex -16.6443 22.5841 0
      vertex -17.384 23.2159 3
      vertex -16.6443 22.5841 3
    endloop
  endfacet
  facet normal 0.64947 0.760387 0
    outer loop
      vertex -17.384 23.2159 3
      vertex -16.6443 22.5841 0
      vertex -17.384 23.2159 0
    endloop
  endfacet
  facet normal 0.522514 0.852631 -0
    outer loop
      vertex -15.8147 22.0757 0
      vertex -16.6443 22.5841 3
      vertex -15.8147 22.0757 3
    endloop
  endfacet
  facet normal 0.522514 0.852631 0
    outer loop
      vertex -16.6443 22.5841 3
      vertex -15.8147 22.0757 0
      vertex -16.6443 22.5841 0
    endloop
  endfacet
  facet normal 0.382688 0.923878 -0
    outer loop
      vertex -14.9159 21.7034 0
      vertex -15.8147 22.0757 3
      vertex -14.9159 21.7034 3
    endloop
  endfacet
  facet normal 0.382688 0.923878 0
    outer loop
      vertex -15.8147 22.0757 3
      vertex -14.9159 21.7034 0
      vertex -15.8147 22.0757 0
    endloop
  endfacet
  facet normal 0.233431 0.972373 -0
    outer loop
      vertex -13.9699 21.4763 0
      vertex -14.9159 21.7034 3
      vertex -13.9699 21.4763 3
    endloop
  endfacet
  facet normal 0.233431 0.972373 0
    outer loop
      vertex -14.9159 21.7034 3
      vertex -13.9699 21.4763 0
      vertex -14.9159 21.7034 0
    endloop
  endfacet
  facet normal 0.0784256 0.99692 -0
    outer loop
      vertex -13 21.4 0
      vertex -13.9699 21.4763 3
      vertex -13 21.4 3
    endloop
  endfacet
  facet normal 0.0784256 0.99692 0
    outer loop
      vertex -13.9699 21.4763 3
      vertex -13 21.4 0
      vertex -13.9699 21.4763 0
    endloop
  endfacet
  facet normal -0.0784256 0.99692 0
    outer loop
      vertex -12.0301 21.4763 0
      vertex -13 21.4 3
      vertex -12.0301 21.4763 3
    endloop
  endfacet
  facet normal -0.0784256 0.99692 0
    outer loop
      vertex -13 21.4 3
      vertex -12.0301 21.4763 0
      vertex -13 21.4 0
    endloop
  endfacet
  facet normal -0.233431 0.972373 0
    outer loop
      vertex 14.9159 21.7034 0
      vertex 13.9699 21.4763 3
      vertex 14.9159 21.7034 3
    endloop
  endfacet
  facet normal -0.233431 0.972373 0
    outer loop
      vertex 13.9699 21.4763 3
      vertex 14.9159 21.7034 0
      vertex 13.9699 21.4763 0
    endloop
  endfacet
  facet normal -0.382688 0.923878 0
    outer loop
      vertex 15.8147 22.0757 0
      vertex 14.9159 21.7034 3
      vertex 15.8147 22.0757 3
    endloop
  endfacet
  facet normal -0.382688 0.923878 0
    outer loop
      vertex 14.9159 21.7034 3
      vertex 15.8147 22.0757 0
      vertex 14.9159 21.7034 0
    endloop
  endfacet
  facet normal -0.522514 0.852631 0
    outer loop
      vertex 16.6443 22.5841 0
      vertex 15.8147 22.0757 3
      vertex 16.6443 22.5841 3
    endloop
  endfacet
  facet normal -0.522514 0.852631 0
    outer loop
      vertex 15.8147 22.0757 3
      vertex 16.6443 22.5841 0
      vertex 15.8147 22.0757 0
    endloop
  endfacet
  facet normal -0.64947 0.760387 0
    outer loop
      vertex 17.384 23.2159 0
      vertex 16.6443 22.5841 3
      vertex 17.384 23.2159 3
    endloop
  endfacet
  facet normal -0.64947 0.760387 0
    outer loop
      vertex 16.6443 22.5841 3
      vertex 17.384 23.2159 0
      vertex 16.6443 22.5841 0
    endloop
  endfacet
  facet normal -0.76038 0.649478 0
    outer loop
      vertex 17.384 23.2159 0
      vertex 18.0159 23.9557 3
      vertex 18.0159 23.9557 0
    endloop
  endfacet
  facet normal -0.76038 0.649478 0
    outer loop
      vertex 18.0159 23.9557 3
      vertex 17.384 23.2159 0
      vertex 17.384 23.2159 3
    endloop
  endfacet
  facet normal -0.852649 0.522485 0
    outer loop
      vertex 18.0159 23.9557 0
      vertex 18.5242 24.7852 3
      vertex 18.5242 24.7852 0
    endloop
  endfacet
  facet normal -0.852649 0.522485 0
    outer loop
      vertex 18.5242 24.7852 3
      vertex 18.0159 23.9557 0
      vertex 18.0159 23.9557 3
    endloop
  endfacet
  facet normal -0.923893 0.382651 0
    outer loop
      vertex 18.5242 24.7852 0
      vertex 18.8965 25.6841 3
      vertex 18.8965 25.6841 0
    endloop
  endfacet
  facet normal -0.923893 0.382651 0
    outer loop
      vertex 18.8965 25.6841 3
      vertex 18.5242 24.7852 0
      vertex 18.5242 24.7852 3
    endloop
  endfacet
  facet normal -0.97235 0.233528 0
    outer loop
      vertex 18.8965 25.6841 0
      vertex 19.1237 26.6301 3
      vertex 19.1237 26.6301 0
    endloop
  endfacet
  facet normal -0.97235 0.233528 0
    outer loop
      vertex 19.1237 26.6301 3
      vertex 18.8965 25.6841 0
      vertex 18.8965 25.6841 3
    endloop
  endfacet
  facet normal -0.99692 0.0784256 0
    outer loop
      vertex 19.1237 26.6301 0
      vertex 19.2 27.6 3
      vertex 19.2 27.6 0
    endloop
  endfacet
  facet normal -0.99692 0.0784256 0
    outer loop
      vertex 19.2 27.6 3
      vertex 19.1237 26.6301 0
      vertex 19.1237 26.6301 3
    endloop
  endfacet
  facet normal -0.99692 -0.0784256 0
    outer loop
      vertex 19.2 27.6 0
      vertex 19.1237 28.5699 3
      vertex 19.1237 28.5699 0
    endloop
  endfacet
  facet normal -0.99692 -0.0784256 0
    outer loop
      vertex 19.1237 28.5699 3
      vertex 19.2 27.6 0
      vertex 19.2 27.6 3
    endloop
  endfacet
  facet normal -0.97235 -0.233528 0
    outer loop
      vertex 19.1237 28.5699 0
      vertex 18.8965 29.5159 3
      vertex 18.8965 29.5159 0
    endloop
  endfacet
  facet normal -0.97235 -0.233528 0
    outer loop
      vertex 18.8965 29.5159 3
      vertex 19.1237 28.5699 0
      vertex 19.1237 28.5699 3
    endloop
  endfacet
  facet normal -0.923878 -0.382688 0
    outer loop
      vertex 18.8965 29.5159 0
      vertex 18.5242 30.4147 3
      vertex 18.5242 30.4147 0
    endloop
  endfacet
  facet normal -0.923878 -0.382688 0
    outer loop
      vertex 18.5242 30.4147 3
      vertex 18.8965 29.5159 0
      vertex 18.8965 29.5159 3
    endloop
  endfacet
  facet normal -0.852677 -0.522439 0
    outer loop
      vertex 18.5242 30.4147 0
      vertex 18.0159 31.2443 3
      vertex 18.0159 31.2443 0
    endloop
  endfacet
  facet normal -0.852677 -0.522439 0
    outer loop
      vertex 18.0159 31.2443 3
      vertex 18.5242 30.4147 0
      vertex 18.5242 30.4147 3
    endloop
  endfacet
  facet normal -0.76038 -0.649478 0
    outer loop
      vertex 18.0159 31.2443 0
      vertex 17.384 31.9841 3
      vertex 17.384 31.9841 0
    endloop
  endfacet
  facet normal -0.76038 -0.649478 0
    outer loop
      vertex 17.384 31.9841 3
      vertex 18.0159 31.2443 0
      vertex 18.0159 31.2443 3
    endloop
  endfacet
  facet normal -0.64947 -0.760387 0
    outer loop
      vertex 16.6443 32.6159 0
      vertex 17.384 31.9841 3
      vertex 16.6443 32.6159 3
    endloop
  endfacet
  facet normal -0.64947 -0.760387 -0
    outer loop
      vertex 17.384 31.9841 3
      vertex 16.6443 32.6159 0
      vertex 17.384 31.9841 0
    endloop
  endfacet
  facet normal -0.522439 -0.852677 0
    outer loop
      vertex 15.8147 33.1242 0
      vertex 16.6443 32.6159 3
      vertex 15.8147 33.1242 3
    endloop
  endfacet
  facet normal -0.522439 -0.852677 -0
    outer loop
      vertex 16.6443 32.6159 3
      vertex 15.8147 33.1242 0
      vertex 16.6443 32.6159 0
    endloop
  endfacet
  facet normal -0.382688 -0.923878 0
    outer loop
      vertex 14.9159 33.4965 0
      vertex 15.8147 33.1242 3
      vertex 14.9159 33.4965 3
    endloop
  endfacet
  facet normal -0.382688 -0.923878 -0
    outer loop
      vertex 15.8147 33.1242 3
      vertex 14.9159 33.4965 0
      vertex 15.8147 33.1242 0
    endloop
  endfacet
  facet normal -0.233528 -0.97235 0
    outer loop
      vertex 13.9699 33.7237 0
      vertex 14.9159 33.4965 3
      vertex 13.9699 33.7237 3
    endloop
  endfacet
  facet normal -0.233528 -0.97235 -0
    outer loop
      vertex 14.9159 33.4965 3
      vertex 13.9699 33.7237 0
      vertex 14.9159 33.4965 0
    endloop
  endfacet
  facet normal -0.0784256 -0.99692 0
    outer loop
      vertex 13 33.8 0
      vertex 13.9699 33.7237 3
      vertex 13 33.8 3
    endloop
  endfacet
  facet normal -0.0784256 -0.99692 -0
    outer loop
      vertex 13.9699 33.7237 3
      vertex 13 33.8 0
      vertex 13.9699 33.7237 0
    endloop
  endfacet
  facet normal 0.0784256 -0.99692 0
    outer loop
      vertex 12.0301 33.7237 0
      vertex 13 33.8 3
      vertex 12.0301 33.7237 3
    endloop
  endfacet
  facet normal 0.0784256 -0.99692 0
    outer loop
      vertex 13 33.8 3
      vertex 12.0301 33.7237 0
      vertex 13 33.8 0
    endloop
  endfacet
  facet normal 0.233528 -0.97235 0
    outer loop
      vertex 11.0841 33.4965 0
      vertex 12.0301 33.7237 3
      vertex 11.0841 33.4965 3
    endloop
  endfacet
  facet normal 0.233528 -0.97235 0
    outer loop
      vertex 12.0301 33.7237 3
      vertex 11.0841 33.4965 0
      vertex 12.0301 33.7237 0
    endloop
  endfacet
  facet normal 0.382688 -0.923878 0
    outer loop
      vertex 10.1853 33.1242 0
      vertex 11.0841 33.4965 3
      vertex 10.1853 33.1242 3
    endloop
  endfacet
  facet normal 0.382688 -0.923878 0
    outer loop
      vertex 11.0841 33.4965 3
      vertex 10.1853 33.1242 0
      vertex 11.0841 33.4965 0
    endloop
  endfacet
  facet normal 0.522453 -0.852668 0
    outer loop
      vertex 9.35573 32.6159 0
      vertex 10.1853 33.1242 3
      vertex 9.35573 32.6159 3
    endloop
  endfacet
  facet normal 0.522453 -0.852668 0
    outer loop
      vertex 10.1853 33.1242 3
      vertex 9.35573 32.6159 0
      vertex 10.1853 33.1242 0
    endloop
  endfacet
  facet normal 0.649424 -0.760426 0
    outer loop
      vertex 8.61594 31.9841 0
      vertex 9.35573 32.6159 3
      vertex 8.61594 31.9841 3
    endloop
  endfacet
  facet normal 0.649424 -0.760426 0
    outer loop
      vertex 9.35573 32.6159 3
      vertex 8.61594 31.9841 0
      vertex 9.35573 32.6159 0
    endloop
  endfacet
  facet normal 0.760405 -0.649449 0
    outer loop
      vertex 7.98409 31.2443 3
      vertex 8.61594 31.9841 0
      vertex 8.61594 31.9841 3
    endloop
  endfacet
  facet normal 0.760405 -0.649449 0
    outer loop
      vertex 8.61594 31.9841 0
      vertex 7.98409 31.2443 3
      vertex 7.98409 31.2443 0
    endloop
  endfacet
  facet normal 0.852658 -0.522469 0
    outer loop
      vertex 7.47575 30.4147 3
      vertex 7.98409 31.2443 0
      vertex 7.98409 31.2443 3
    endloop
  endfacet
  facet normal 0.852658 -0.522469 0
    outer loop
      vertex 7.98409 31.2443 0
      vertex 7.47575 30.4147 3
      vertex 7.47575 30.4147 0
    endloop
  endfacet
  facet normal 0.923874 -0.382696 0
    outer loop
      vertex 7.10344 29.5159 3
      vertex 7.47575 30.4147 0
      vertex 7.47575 30.4147 3
    endloop
  endfacet
  facet normal 0.923874 -0.382696 0
    outer loop
      vertex 7.47575 30.4147 0
      vertex 7.10344 29.5159 3
      vertex 7.10344 29.5159 0
    endloop
  endfacet
  facet normal 0.972371 -0.233441 0
    outer loop
      vertex 6.87633 28.5699 3
      vertex 7.10344 29.5159 0
      vertex 7.10344 29.5159 3
    endloop
  endfacet
  facet normal 0.972371 -0.233441 0
    outer loop
      vertex 7.10344 29.5159 0
      vertex 6.87633 28.5699 3
      vertex 6.87633 28.5699 0
    endloop
  endfacet
  facet normal 0.996917 -0.0784665 0
    outer loop
      vertex 6.79999 27.6 3
      vertex 6.87633 28.5699 0
      vertex 6.87633 28.5699 3
    endloop
  endfacet
  facet normal 0.996917 -0.0784665 0
    outer loop
      vertex 6.87633 28.5699 0
      vertex 6.79999 27.6 3
      vertex 6.79999 27.6 0
    endloop
  endfacet
  facet normal 0.996917 0.0784665 0
    outer loop
      vertex 6.87633 26.6301 3
      vertex 6.79999 27.6 0
      vertex 6.79999 27.6 3
    endloop
  endfacet
  facet normal 0.996917 0.0784665 0
    outer loop
      vertex 6.79999 27.6 0
      vertex 6.87633 26.6301 3
      vertex 6.87633 26.6301 0
    endloop
  endfacet
  facet normal 0.972371 0.233441 0
    outer loop
      vertex 7.10344 25.6841 3
      vertex 6.87633 26.6301 0
      vertex 6.87633 26.6301 3
    endloop
  endfacet
  facet normal 0.972371 0.233441 0
    outer loop
      vertex 6.87633 26.6301 0
      vertex 7.10344 25.6841 3
      vertex 7.10344 25.6841 0
    endloop
  endfacet
  facet normal 0.923889 0.38266 0
    outer loop
      vertex 7.47575 24.7852 3
      vertex 7.10344 25.6841 0
      vertex 7.10344 25.6841 3
    endloop
  endfacet
  facet normal 0.923889 0.38266 0
    outer loop
      vertex 7.10344 25.6841 0
      vertex 7.47575 24.7852 3
      vertex 7.47575 24.7852 0
    endloop
  endfacet
  facet normal 0.85263 0.522515 0
    outer loop
      vertex 7.98409 23.9557 3
      vertex 7.47575 24.7852 0
      vertex 7.47575 24.7852 3
    endloop
  endfacet
  facet normal 0.85263 0.522515 0
    outer loop
      vertex 7.47575 24.7852 0
      vertex 7.98409 23.9557 3
      vertex 7.98409 23.9557 0
    endloop
  endfacet
  facet normal 0.760405 0.649449 0
    outer loop
      vertex 8.61594 23.2159 3
      vertex 7.98409 23.9557 0
      vertex 7.98409 23.9557 3
    endloop
  endfacet
  facet normal 0.760405 0.649449 0
    outer loop
      vertex 7.98409 23.9557 0
      vertex 8.61594 23.2159 3
      vertex 8.61594 23.2159 0
    endloop
  endfacet
  facet normal 0.649424 0.760426 -0
    outer loop
      vertex 9.35573 22.5841 0
      vertex 8.61594 23.2159 3
      vertex 9.35573 22.5841 3
    endloop
  endfacet
  facet normal 0.649424 0.760426 0
    outer loop
      vertex 8.61594 23.2159 3
      vertex 9.35573 22.5841 0
      vertex 8.61594 23.2159 0
    endloop
  endfacet
  facet normal 0.522528 0.852622 -0
    outer loop
      vertex 10.1853 22.0757 0
      vertex 9.35573 22.5841 3
      vertex 10.1853 22.0757 3
    endloop
  endfacet
  facet normal 0.522528 0.852622 0
    outer loop
      vertex 9.35573 22.5841 3
      vertex 10.1853 22.0757 0
      vertex 9.35573 22.5841 0
    endloop
  endfacet
  facet normal 0.382688 0.923878 -0
    outer loop
      vertex 11.0841 21.7034 0
      vertex 10.1853 22.0757 3
      vertex 11.0841 21.7034 3
    endloop
  endfacet
  facet normal 0.382688 0.923878 0
    outer loop
      vertex 10.1853 22.0757 3
      vertex 11.0841 21.7034 0
      vertex 10.1853 22.0757 0
    endloop
  endfacet
  facet normal 0.233431 0.972373 -0
    outer loop
      vertex 12.0301 21.4763 0
      vertex 11.0841 21.7034 3
      vertex 12.0301 21.4763 3
    endloop
  endfacet
  facet normal 0.233431 0.972373 0
    outer loop
      vertex 11.0841 21.7034 3
      vertex 12.0301 21.4763 0
      vertex 11.0841 21.7034 0
    endloop
  endfacet
  facet normal 0.0784256 0.99692 -0
    outer loop
      vertex 13 21.4 0
      vertex 12.0301 21.4763 3
      vertex 13 21.4 3
    endloop
  endfacet
  facet normal 0.0784256 0.99692 0
    outer loop
      vertex 12.0301 21.4763 3
      vertex 13 21.4 0
      vertex 12.0301 21.4763 0
    endloop
  endfacet
  facet normal -0.0784256 0.99692 0
    outer loop
      vertex 13.9699 21.4763 0
      vertex 13 21.4 3
      vertex 13.9699 21.4763 3
    endloop
  endfacet
  facet normal -0.0784256 0.99692 0
    outer loop
      vertex 13 21.4 3
      vertex 13.9699 21.4763 0
      vertex 13 21.4 0
    endloop
  endfacet
  facet normal -0.555611 0.831443 0
    outer loop
      vertex 26.4536 7.29289 0
      vertex 26.1292 7.07611 3
      vertex 26.4536 7.29289 3
    endloop
  endfacet
  facet normal -0.555611 0.831443 0
    outer loop
      vertex 26.1292 7.07611 3
      vertex 26.4536 7.29289 0
      vertex 26.1292 7.07611 0
    endloop
  endfacet
  facet normal -0.831435 0.555622 0
    outer loop
      vertex 26.4536 7.29289 0
      vertex 26.6704 7.61731 3
      vertex 26.6704 7.61731 0
    endloop
  endfacet
  facet normal -0.831435 0.555622 0
    outer loop
      vertex 26.6704 7.61731 3
      vertex 26.4536 7.29289 0
      vertex 26.4536 7.29289 3
    endloop
  endfacet
  facet normal -0.980796 0.195037 0
    outer loop
      vertex 26.6704 7.61731 0
      vertex 26.7465 8 3
      vertex 26.7465 8 0
    endloop
  endfacet
  facet normal -0.980796 0.195037 0
    outer loop
      vertex 26.7465 8 3
      vertex 26.6704 7.61731 0
      vertex 26.6704 7.61731 3
    endloop
  endfacet
  facet normal -0.980795 -0.195042 0
    outer loop
      vertex 26.7465 8 0
      vertex 26.6704 8.38268 3
      vertex 26.6704 8.38268 0
    endloop
  endfacet
  facet normal -0.980795 -0.195042 0
    outer loop
      vertex 26.6704 8.38268 3
      vertex 26.7465 8 0
      vertex 26.7465 8 3
    endloop
  endfacet
  facet normal -0.831427 -0.555634 0
    outer loop
      vertex 26.6704 8.38268 0
      vertex 26.4536 8.70709 3
      vertex 26.4536 8.70709 0
    endloop
  endfacet
  facet normal -0.831427 -0.555634 0
    outer loop
      vertex 26.4536 8.70709 3
      vertex 26.6704 8.38268 0
      vertex 26.6704 8.38268 3
    endloop
  endfacet
  facet normal -0.555611 -0.831443 0
    outer loop
      vertex 26.1292 8.92387 0
      vertex 26.4536 8.70709 3
      vertex 26.1292 8.92387 3
    endloop
  endfacet
  facet normal -0.555611 -0.831443 -0
    outer loop
      vertex 26.4536 8.70709 3
      vertex 26.1292 8.92387 0
      vertex 26.4536 8.70709 0
    endloop
  endfacet
  facet normal -0.195106 -0.980782 0
    outer loop
      vertex 25.7465 9 0
      vertex 26.1292 8.92387 3
      vertex 25.7465 9 3
    endloop
  endfacet
  facet normal -0.195106 -0.980782 -0
    outer loop
      vertex 26.1292 8.92387 3
      vertex 25.7465 9 0
      vertex 26.1292 8.92387 0
    endloop
  endfacet
  facet normal 0.195106 -0.980782 0
    outer loop
      vertex 25.3638 8.92387 0
      vertex 25.7465 9 3
      vertex 25.3638 8.92387 3
    endloop
  endfacet
  facet normal 0.195106 -0.980782 0
    outer loop
      vertex 25.7465 9 3
      vertex 25.3638 8.92387 0
      vertex 25.7465 9 0
    endloop
  endfacet
  facet normal 0.555611 -0.831443 0
    outer loop
      vertex 25.0394 8.70709 0
      vertex 25.3638 8.92387 3
      vertex 25.0394 8.70709 3
    endloop
  endfacet
  facet normal 0.555611 -0.831443 0
    outer loop
      vertex 25.3638 8.92387 3
      vertex 25.0394 8.70709 0
      vertex 25.3638 8.92387 0
    endloop
  endfacet
  facet normal 0.831427 -0.555634 0
    outer loop
      vertex 24.8226 8.38268 3
      vertex 25.0394 8.70709 0
      vertex 25.0394 8.70709 3
    endloop
  endfacet
  facet normal 0.831427 -0.555634 0
    outer loop
      vertex 25.0394 8.70709 0
      vertex 24.8226 8.38268 3
      vertex 24.8226 8.38268 0
    endloop
  endfacet
  facet normal 0.980795 -0.195042 0
    outer loop
      vertex 24.7465 8 3
      vertex 24.8226 8.38268 0
      vertex 24.8226 8.38268 3
    endloop
  endfacet
  facet normal 0.980795 -0.195042 0
    outer loop
      vertex 24.8226 8.38268 0
      vertex 24.7465 8 3
      vertex 24.7465 8 0
    endloop
  endfacet
  facet normal 0.980796 0.195037 0
    outer loop
      vertex 24.8226 7.61731 3
      vertex 24.7465 8 0
      vertex 24.7465 8 3
    endloop
  endfacet
  facet normal 0.980796 0.195037 0
    outer loop
      vertex 24.7465 8 0
      vertex 24.8226 7.61731 3
      vertex 24.8226 7.61731 0
    endloop
  endfacet
  facet normal 0.831435 0.555622 0
    outer loop
      vertex 25.0394 7.29289 3
      vertex 24.8226 7.61731 0
      vertex 24.8226 7.61731 3
    endloop
  endfacet
  facet normal 0.831435 0.555622 0
    outer loop
      vertex 24.8226 7.61731 0
      vertex 25.0394 7.29289 3
      vertex 25.0394 7.29289 0
    endloop
  endfacet
  facet normal 0.555611 0.831443 -0
    outer loop
      vertex 25.3638 7.07611 0
      vertex 25.0394 7.29289 3
      vertex 25.3638 7.07611 3
    endloop
  endfacet
  facet normal 0.555611 0.831443 0
    outer loop
      vertex 25.0394 7.29289 3
      vertex 25.3638 7.07611 0
      vertex 25.0394 7.29289 0
    endloop
  endfacet
  facet normal 0.195056 0.980792 -0
    outer loop
      vertex 25.7465 7 0
      vertex 25.3638 7.07611 3
      vertex 25.7465 7 3
    endloop
  endfacet
  facet normal 0.195056 0.980792 0
    outer loop
      vertex 25.3638 7.07611 3
      vertex 25.7465 7 0
      vertex 25.3638 7.07611 0
    endloop
  endfacet
  facet normal -0.195056 0.980792 0
    outer loop
      vertex 26.1292 7.07611 0
      vertex 25.7465 7 3
      vertex 26.1292 7.07611 3
    endloop
  endfacet
  facet normal -0.195056 0.980792 0
    outer loop
      vertex 25.7465 7 3
      vertex 26.1292 7.07611 0
      vertex 25.7465 7 0
    endloop
  endfacet
  facet normal -0.555611 0.831443 0
    outer loop
      vertex 30.4536 7.29289 0
      vertex 30.1292 7.07611 3
      vertex 30.4536 7.29289 3
    endloop
  endfacet
  facet normal -0.555611 0.831443 0
    outer loop
      vertex 30.1292 7.07611 3
      vertex 30.4536 7.29289 0
      vertex 30.1292 7.07611 0
    endloop
  endfacet
  facet normal -0.831435 0.555622 0
    outer loop
      vertex 30.4536 7.29289 0
      vertex 30.6704 7.61731 3
      vertex 30.6704 7.61731 0
    endloop
  endfacet
  facet normal -0.831435 0.555622 0
    outer loop
      vertex 30.6704 7.61731 3
      vertex 30.4536 7.29289 0
      vertex 30.4536 7.29289 3
    endloop
  endfacet
  facet normal -0.980796 0.195037 0
    outer loop
      vertex 30.6704 7.61731 0
      vertex 30.7465 8 3
      vertex 30.7465 8 0
    endloop
  endfacet
  facet normal -0.980796 0.195037 0
    outer loop
      vertex 30.7465 8 3
      vertex 30.6704 7.61731 0
      vertex 30.6704 7.61731 3
    endloop
  endfacet
  facet normal -0.980795 -0.195042 0
    outer loop
      vertex 30.7465 8 0
      vertex 30.6704 8.38268 3
      vertex 30.6704 8.38268 0
    endloop
  endfacet
  facet normal -0.980795 -0.195042 0
    outer loop
      vertex 30.6704 8.38268 3
      vertex 30.7465 8 0
      vertex 30.7465 8 3
    endloop
  endfacet
  facet normal -0.831427 -0.555634 0
    outer loop
      vertex 30.6704 8.38268 0
      vertex 30.4536 8.70709 3
      vertex 30.4536 8.70709 0
    endloop
  endfacet
  facet normal -0.831427 -0.555634 0
    outer loop
      vertex 30.4536 8.70709 3
      vertex 30.6704 8.38268 0
      vertex 30.6704 8.38268 3
    endloop
  endfacet
  facet normal -0.555611 -0.831443 0
    outer loop
      vertex 30.1292 8.92387 0
      vertex 30.4536 8.70709 3
      vertex 30.1292 8.92387 3
    endloop
  endfacet
  facet normal -0.555611 -0.831443 -0
    outer loop
      vertex 30.4536 8.70709 3
      vertex 30.1292 8.92387 0
      vertex 30.4536 8.70709 0
    endloop
  endfacet
  facet normal -0.195106 -0.980782 0
    outer loop
      vertex 29.7465 9 0
      vertex 30.1292 8.92387 3
      vertex 29.7465 9 3
    endloop
  endfacet
  facet normal -0.195106 -0.980782 -0
    outer loop
      vertex 30.1292 8.92387 3
      vertex 29.7465 9 0
      vertex 30.1292 8.92387 0
    endloop
  endfacet
  facet normal 0.195106 -0.980782 0
    outer loop
      vertex 29.3638 8.92387 0
      vertex 29.7465 9 3
      vertex 29.3638 8.92387 3
    endloop
  endfacet
  facet normal 0.195106 -0.980782 0
    outer loop
      vertex 29.7465 9 3
      vertex 29.3638 8.92387 0
      vertex 29.7465 9 0
    endloop
  endfacet
  facet normal 0.555611 -0.831443 0
    outer loop
      vertex 29.0394 8.70709 0
      vertex 29.3638 8.92387 3
      vertex 29.0394 8.70709 3
    endloop
  endfacet
  facet normal 0.555611 -0.831443 0
    outer loop
      vertex 29.3638 8.92387 3
      vertex 29.0394 8.70709 0
      vertex 29.3638 8.92387 0
    endloop
  endfacet
  facet normal 0.831427 -0.555634 0
    outer loop
      vertex 28.8226 8.38268 3
      vertex 29.0394 8.70709 0
      vertex 29.0394 8.70709 3
    endloop
  endfacet
  facet normal 0.831427 -0.555634 0
    outer loop
      vertex 29.0394 8.70709 0
      vertex 28.8226 8.38268 3
      vertex 28.8226 8.38268 0
    endloop
  endfacet
  facet normal 0.980795 -0.195042 0
    outer loop
      vertex 28.7465 8 3
      vertex 28.8226 8.38268 0
      vertex 28.8226 8.38268 3
    endloop
  endfacet
  facet normal 0.980795 -0.195042 0
    outer loop
      vertex 28.8226 8.38268 0
      vertex 28.7465 8 3
      vertex 28.7465 8 0
    endloop
  endfacet
  facet normal 0.980796 0.195037 0
    outer loop
      vertex 28.8226 7.61731 3
      vertex 28.7465 8 0
      vertex 28.7465 8 3
    endloop
  endfacet
  facet normal 0.980796 0.195037 0
    outer loop
      vertex 28.7465 8 0
      vertex 28.8226 7.61731 3
      vertex 28.8226 7.61731 0
    endloop
  endfacet
  facet normal 0.831435 0.555622 0
    outer loop
      vertex 29.0394 7.29289 3
      vertex 28.8226 7.61731 0
      vertex 28.8226 7.61731 3
    endloop
  endfacet
  facet normal 0.831435 0.555622 0
    outer loop
      vertex 28.8226 7.61731 0
      vertex 29.0394 7.29289 3
      vertex 29.0394 7.29289 0
    endloop
  endfacet
  facet normal 0.555611 0.831443 -0
    outer loop
      vertex 29.3638 7.07611 0
      vertex 29.0394 7.29289 3
      vertex 29.3638 7.07611 3
    endloop
  endfacet
  facet normal 0.555611 0.831443 0
    outer loop
      vertex 29.0394 7.29289 3
      vertex 29.3638 7.07611 0
      vertex 29.0394 7.29289 0
    endloop
  endfacet
  facet normal 0.195056 0.980792 -0
    outer loop
      vertex 29.7465 7 0
      vertex 29.3638 7.07611 3
      vertex 29.7465 7 3
    endloop
  endfacet
  facet normal 0.195056 0.980792 0
    outer loop
      vertex 29.3638 7.07611 3
      vertex 29.7465 7 0
      vertex 29.3638 7.07611 0
    endloop
  endfacet
  facet normal -0.195056 0.980792 0
    outer loop
      vertex 30.1292 7.07611 0
      vertex 29.7465 7 3
      vertex 30.1292 7.07611 3
    endloop
  endfacet
  facet normal -0.195056 0.980792 0
    outer loop
      vertex 29.7465 7 3
      vertex 30.1292 7.07611 0
      vertex 29.7465 7 0
    endloop
  endfacet
  facet normal -0.555611 0.831443 0
    outer loop
      vertex 34.4536 7.29289 0
      vertex 34.1292 7.07611 3
      vertex 34.4536 7.29289 3
    endloop
  endfacet
  facet normal -0.555611 0.831443 0
    outer loop
      vertex 34.1292 7.07611 3
      vertex 34.4536 7.29289 0
      vertex 34.1292 7.07611 0
    endloop
  endfacet
  facet normal -0.831435 0.555622 0
    outer loop
      vertex 34.4536 7.29289 0
      vertex 34.6704 7.61731 3
      vertex 34.6704 7.61731 0
    endloop
  endfacet
  facet normal -0.831435 0.555622 0
    outer loop
      vertex 34.6704 7.61731 3
      vertex 34.4536 7.29289 0
      vertex 34.4536 7.29289 3
    endloop
  endfacet
  facet normal -0.980796 0.195037 0
    outer loop
      vertex 34.6704 7.61731 0
      vertex 34.7465 8 3
      vertex 34.7465 8 0
    endloop
  endfacet
  facet normal -0.980796 0.195037 0
    outer loop
      vertex 34.7465 8 3
      vertex 34.6704 7.61731 0
      vertex 34.6704 7.61731 3
    endloop
  endfacet
  facet normal -0.980795 -0.195042 0
    outer loop
      vertex 34.7465 8 0
      vertex 34.6704 8.38268 3
      vertex 34.6704 8.38268 0
    endloop
  endfacet
  facet normal -0.980795 -0.195042 0
    outer loop
      vertex 34.6704 8.38268 3
      vertex 34.7465 8 0
      vertex 34.7465 8 3
    endloop
  endfacet
  facet normal -0.831427 -0.555634 0
    outer loop
      vertex 34.6704 8.38268 0
      vertex 34.4536 8.70709 3
      vertex 34.4536 8.70709 0
    endloop
  endfacet
  facet normal -0.831427 -0.555634 0
    outer loop
      vertex 34.4536 8.70709 3
      vertex 34.6704 8.38268 0
      vertex 34.6704 8.38268 3
    endloop
  endfacet
  facet normal -0.555611 -0.831443 0
    outer loop
      vertex 34.1292 8.92387 0
      vertex 34.4536 8.70709 3
      vertex 34.1292 8.92387 3
    endloop
  endfacet
  facet normal -0.555611 -0.831443 -0
    outer loop
      vertex 34.4536 8.70709 3
      vertex 34.1292 8.92387 0
      vertex 34.4536 8.70709 0
    endloop
  endfacet
  facet normal -0.195106 -0.980782 0
    outer loop
      vertex 33.7465 9 0
      vertex 34.1292 8.92387 3
      vertex 33.7465 9 3
    endloop
  endfacet
  facet normal -0.195106 -0.980782 -0
    outer loop
      vertex 34.1292 8.92387 3
      vertex 33.7465 9 0
      vertex 34.1292 8.92387 0
    endloop
  endfacet
  facet normal 0.195106 -0.980782 0
    outer loop
      vertex 33.3638 8.92387 0
      vertex 33.7465 9 3
      vertex 33.3638 8.92387 3
    endloop
  endfacet
  facet normal 0.195106 -0.980782 0
    outer loop
      vertex 33.7465 9 3
      vertex 33.3638 8.92387 0
      vertex 33.7465 9 0
    endloop
  endfacet
  facet normal 0.555611 -0.831443 0
    outer loop
      vertex 33.0394 8.70709 0
      vertex 33.3638 8.92387 3
      vertex 33.0394 8.70709 3
    endloop
  endfacet
  facet normal 0.555611 -0.831443 0
    outer loop
      vertex 33.3638 8.92387 3
      vertex 33.0394 8.70709 0
      vertex 33.3638 8.92387 0
    endloop
  endfacet
  facet normal 0.831427 -0.555634 0
    outer loop
      vertex 32.8226 8.38268 3
      vertex 33.0394 8.70709 0
      vertex 33.0394 8.70709 3
    endloop
  endfacet
  facet normal 0.831427 -0.555634 0
    outer loop
      vertex 33.0394 8.70709 0
      vertex 32.8226 8.38268 3
      vertex 32.8226 8.38268 0
    endloop
  endfacet
  facet normal 0.980795 -0.195042 0
    outer loop
      vertex 32.7465 8 3
      vertex 32.8226 8.38268 0
      vertex 32.8226 8.38268 3
    endloop
  endfacet
  facet normal 0.980795 -0.195042 0
    outer loop
      vertex 32.8226 8.38268 0
      vertex 32.7465 8 3
      vertex 32.7465 8 0
    endloop
  endfacet
  facet normal 0.980796 0.195037 0
    outer loop
      vertex 32.8226 7.61731 3
      vertex 32.7465 8 0
      vertex 32.7465 8 3
    endloop
  endfacet
  facet normal 0.980796 0.195037 0
    outer loop
      vertex 32.7465 8 0
      vertex 32.8226 7.61731 3
      vertex 32.8226 7.61731 0
    endloop
  endfacet
  facet normal 0.831435 0.555622 0
    outer loop
      vertex 33.0394 7.29289 3
      vertex 32.8226 7.61731 0
      vertex 32.8226 7.61731 3
    endloop
  endfacet
  facet normal 0.831435 0.555622 0
    outer loop
      vertex 32.8226 7.61731 0
      vertex 33.0394 7.29289 3
      vertex 33.0394 7.29289 0
    endloop
  endfacet
  facet normal 0.555611 0.831443 -0
    outer loop
      vertex 33.3638 7.07611 0
      vertex 33.0394 7.29289 3
      vertex 33.3638 7.07611 3
    endloop
  endfacet
  facet normal 0.555611 0.831443 0
    outer loop
      vertex 33.0394 7.29289 3
      vertex 33.3638 7.07611 0
      vertex 33.0394 7.29289 0
    endloop
  endfacet
  facet normal 0.195056 0.980792 -0
    outer loop
      vertex 33.7465 7 0
      vertex 33.3638 7.07611 3
      vertex 33.7465 7 3
    endloop
  endfacet
  facet normal 0.195056 0.980792 0
    outer loop
      vertex 33.3638 7.07611 3
      vertex 33.7465 7 0
      vertex 33.3638 7.07611 0
    endloop
  endfacet
  facet normal -0.195056 0.980792 0
    outer loop
      vertex 34.1292 7.07611 0
      vertex 33.7465 7 3
      vertex 34.1292 7.07611 3
    endloop
  endfacet
  facet normal -0.195056 0.980792 0
    outer loop
      vertex 33.7465 7 3
      vertex 34.1292 7.07611 0
      vertex 33.7465 7 0
    endloop
  endfacet
  facet normal -0.555611 0.831443 0
    outer loop
      vertex 30.4536 3.29289 0
      vertex 30.1292 3.07611 3
      vertex 30.4536 3.29289 3
    endloop
  endfacet
  facet normal -0.555611 0.831443 0
    outer loop
      vertex 30.1292 3.07611 3
      vertex 30.4536 3.29289 0
      vertex 30.1292 3.07611 0
    endloop
  endfacet
  facet normal -0.831435 0.555622 0
    outer loop
      vertex 30.4536 3.29289 0
      vertex 30.6704 3.61731 3
      vertex 30.6704 3.61731 0
    endloop
  endfacet
  facet normal -0.831435 0.555622 0
    outer loop
      vertex 30.6704 3.61731 3
      vertex 30.4536 3.29289 0
      vertex 30.4536 3.29289 3
    endloop
  endfacet
  facet normal -0.980796 0.195037 0
    outer loop
      vertex 30.6704 3.61731 0
      vertex 30.7465 4 3
      vertex 30.7465 4 0
    endloop
  endfacet
  facet normal -0.980796 0.195037 0
    outer loop
      vertex 30.7465 4 3
      vertex 30.6704 3.61731 0
      vertex 30.6704 3.61731 3
    endloop
  endfacet
  facet normal -0.980795 -0.195042 0
    outer loop
      vertex 30.7465 4 0
      vertex 30.6704 4.38268 3
      vertex 30.6704 4.38268 0
    endloop
  endfacet
  facet normal -0.980795 -0.195042 0
    outer loop
      vertex 30.6704 4.38268 3
      vertex 30.7465 4 0
      vertex 30.7465 4 3
    endloop
  endfacet
  facet normal -0.831427 -0.555634 0
    outer loop
      vertex 30.6704 4.38268 0
      vertex 30.4536 4.70709 3
      vertex 30.4536 4.70709 0
    endloop
  endfacet
  facet normal -0.831427 -0.555634 0
    outer loop
      vertex 30.4536 4.70709 3
      vertex 30.6704 4.38268 0
      vertex 30.6704 4.38268 3
    endloop
  endfacet
  facet normal -0.555611 -0.831443 0
    outer loop
      vertex 30.1292 4.92387 0
      vertex 30.4536 4.70709 3
      vertex 30.1292 4.92387 3
    endloop
  endfacet
  facet normal -0.555611 -0.831443 -0
    outer loop
      vertex 30.4536 4.70709 3
      vertex 30.1292 4.92387 0
      vertex 30.4536 4.70709 0
    endloop
  endfacet
  facet normal -0.195106 -0.980782 0
    outer loop
      vertex 29.7465 5 0
      vertex 30.1292 4.92387 3
      vertex 29.7465 5 3
    endloop
  endfacet
  facet normal -0.195106 -0.980782 -0
    outer loop
      vertex 30.1292 4.92387 3
      vertex 29.7465 5 0
      vertex 30.1292 4.92387 0
    endloop
  endfacet
  facet normal 0.195106 -0.980782 0
    outer loop
      vertex 29.3638 4.92387 0
      vertex 29.7465 5 3
      vertex 29.3638 4.92387 3
    endloop
  endfacet
  facet normal 0.195106 -0.980782 0
    outer loop
      vertex 29.7465 5 3
      vertex 29.3638 4.92387 0
      vertex 29.7465 5 0
    endloop
  endfacet
  facet normal 0.555611 -0.831443 0
    outer loop
      vertex 29.0394 4.70709 0
      vertex 29.3638 4.92387 3
      vertex 29.0394 4.70709 3
    endloop
  endfacet
  facet normal 0.555611 -0.831443 0
    outer loop
      vertex 29.3638 4.92387 3
      vertex 29.0394 4.70709 0
      vertex 29.3638 4.92387 0
    endloop
  endfacet
  facet normal 0.831427 -0.555634 0
    outer loop
      vertex 28.8226 4.38268 3
      vertex 29.0394 4.70709 0
      vertex 29.0394 4.70709 3
    endloop
  endfacet
  facet normal 0.831427 -0.555634 0
    outer loop
      vertex 29.0394 4.70709 0
      vertex 28.8226 4.38268 3
      vertex 28.8226 4.38268 0
    endloop
  endfacet
  facet normal 0.980795 -0.195042 0
    outer loop
      vertex 28.7465 4 3
      vertex 28.8226 4.38268 0
      vertex 28.8226 4.38268 3
    endloop
  endfacet
  facet normal 0.980795 -0.195042 0
    outer loop
      vertex 28.8226 4.38268 0
      vertex 28.7465 4 3
      vertex 28.7465 4 0
    endloop
  endfacet
  facet normal 0.980796 0.195037 0
    outer loop
      vertex 28.8226 3.61731 3
      vertex 28.7465 4 0
      vertex 28.7465 4 3
    endloop
  endfacet
  facet normal 0.980796 0.195037 0
    outer loop
      vertex 28.7465 4 0
      vertex 28.8226 3.61731 3
      vertex 28.8226 3.61731 0
    endloop
  endfacet
  facet normal 0.831435 0.555622 0
    outer loop
      vertex 29.0394 3.29289 3
      vertex 28.8226 3.61731 0
      vertex 28.8226 3.61731 3
    endloop
  endfacet
  facet normal 0.831435 0.555622 0
    outer loop
      vertex 28.8226 3.61731 0
      vertex 29.0394 3.29289 3
      vertex 29.0394 3.29289 0
    endloop
  endfacet
  facet normal 0.555611 0.831443 -0
    outer loop
      vertex 29.3638 3.07611 0
      vertex 29.0394 3.29289 3
      vertex 29.3638 3.07611 3
    endloop
  endfacet
  facet normal 0.555611 0.831443 0
    outer loop
      vertex 29.0394 3.29289 3
      vertex 29.3638 3.07611 0
      vertex 29.0394 3.29289 0
    endloop
  endfacet
  facet normal 0.195056 0.980792 -0
    outer loop
      vertex 29.7465 3 0
      vertex 29.3638 3.07611 3
      vertex 29.7465 3 3
    endloop
  endfacet
  facet normal 0.195056 0.980792 0
    outer loop
      vertex 29.3638 3.07611 3
      vertex 29.7465 3 0
      vertex 29.3638 3.07611 0
    endloop
  endfacet
  facet normal -0.195056 0.980792 0
    outer loop
      vertex 30.1292 3.07611 0
      vertex 29.7465 3 3
      vertex 30.1292 3.07611 3
    endloop
  endfacet
  facet normal -0.195056 0.980792 0
    outer loop
      vertex 29.7465 3 3
      vertex 30.1292 3.07611 0
      vertex 29.7465 3 0
    endloop
  endfacet
  facet normal -0.555611 0.831443 0
    outer loop
      vertex 34.4536 3.29289 0
      vertex 34.1292 3.07611 3
      vertex 34.4536 3.29289 3
    endloop
  endfacet
  facet normal -0.555611 0.831443 0
    outer loop
      vertex 34.1292 3.07611 3
      vertex 34.4536 3.29289 0
      vertex 34.1292 3.07611 0
    endloop
  endfacet
  facet normal -0.831435 0.555622 0
    outer loop
      vertex 34.4536 3.29289 0
      vertex 34.6704 3.61731 3
      vertex 34.6704 3.61731 0
    endloop
  endfacet
  facet normal -0.831435 0.555622 0
    outer loop
      vertex 34.6704 3.61731 3
      vertex 34.4536 3.29289 0
      vertex 34.4536 3.29289 3
    endloop
  endfacet
  facet normal -0.980796 0.195037 0
    outer loop
      vertex 34.6704 3.61731 0
      vertex 34.7465 4 3
      vertex 34.7465 4 0
    endloop
  endfacet
  facet normal -0.980796 0.195037 0
    outer loop
      vertex 34.7465 4 3
      vertex 34.6704 3.61731 0
      vertex 34.6704 3.61731 3
    endloop
  endfacet
  facet normal -0.980795 -0.195042 0
    outer loop
      vertex 34.7465 4 0
      vertex 34.6704 4.38268 3
      vertex 34.6704 4.38268 0
    endloop
  endfacet
  facet normal -0.980795 -0.195042 0
    outer loop
      vertex 34.6704 4.38268 3
      vertex 34.7465 4 0
      vertex 34.7465 4 3
    endloop
  endfacet
  facet normal -0.831427 -0.555634 0
    outer loop
      vertex 34.6704 4.38268 0
      vertex 34.4536 4.70709 3
      vertex 34.4536 4.70709 0
    endloop
  endfacet
  facet normal -0.831427 -0.555634 0
    outer loop
      vertex 34.4536 4.70709 3
      vertex 34.6704 4.38268 0
      vertex 34.6704 4.38268 3
    endloop
  endfacet
  facet normal -0.555611 -0.831443 0
    outer loop
      vertex 34.1292 4.92387 0
      vertex 34.4536 4.70709 3
      vertex 34.1292 4.92387 3
    endloop
  endfacet
  facet normal -0.555611 -0.831443 -0
    outer loop
      vertex 34.4536 4.70709 3
      vertex 34.1292 4.92387 0
      vertex 34.4536 4.70709 0
    endloop
  endfacet
  facet normal -0.195106 -0.980782 0
    outer loop
      vertex 33.7465 5 0
      vertex 34.1292 4.92387 3
      vertex 33.7465 5 3
    endloop
  endfacet
  facet normal -0.195106 -0.980782 -0
    outer loop
      vertex 34.1292 4.92387 3
      vertex 33.7465 5 0
      vertex 34.1292 4.92387 0
    endloop
  endfacet
  facet normal 0.195106 -0.980782 0
    outer loop
      vertex 33.3638 4.92387 0
      vertex 33.7465 5 3
      vertex 33.3638 4.92387 3
    endloop
  endfacet
  facet normal 0.195106 -0.980782 0
    outer loop
      vertex 33.7465 5 3
      vertex 33.3638 4.92387 0
      vertex 33.7465 5 0
    endloop
  endfacet
  facet normal 0.555611 -0.831443 0
    outer loop
      vertex 33.0394 4.70709 0
      vertex 33.3638 4.92387 3
      vertex 33.0394 4.70709 3
    endloop
  endfacet
  facet normal 0.555611 -0.831443 0
    outer loop
      vertex 33.3638 4.92387 3
      vertex 33.0394 4.70709 0
      vertex 33.3638 4.92387 0
    endloop
  endfacet
  facet normal 0.831427 -0.555634 0
    outer loop
      vertex 32.8226 4.38268 3
      vertex 33.0394 4.70709 0
      vertex 33.0394 4.70709 3
    endloop
  endfacet
  facet normal 0.831427 -0.555634 0
    outer loop
      vertex 33.0394 4.70709 0
      vertex 32.8226 4.38268 3
      vertex 32.8226 4.38268 0
    endloop
  endfacet
  facet normal 0.980795 -0.195042 0
    outer loop
      vertex 32.7465 4 3
      vertex 32.8226 4.38268 0
      vertex 32.8226 4.38268 3
    endloop
  endfacet
  facet normal 0.980795 -0.195042 0
    outer loop
      vertex 32.8226 4.38268 0
      vertex 32.7465 4 3
      vertex 32.7465 4 0
    endloop
  endfacet
  facet normal 0.980796 0.195037 0
    outer loop
      vertex 32.8226 3.61731 3
      vertex 32.7465 4 0
      vertex 32.7465 4 3
    endloop
  endfacet
  facet normal 0.980796 0.195037 0
    outer loop
      vertex 32.7465 4 0
      vertex 32.8226 3.61731 3
      vertex 32.8226 3.61731 0
    endloop
  endfacet
  facet normal 0.831435 0.555622 0
    outer loop
      vertex 33.0394 3.29289 3
      vertex 32.8226 3.61731 0
      vertex 32.8226 3.61731 3
    endloop
  endfacet
  facet normal 0.831435 0.555622 0
    outer loop
      vertex 32.8226 3.61731 0
      vertex 33.0394 3.29289 3
      vertex 33.0394 3.29289 0
    endloop
  endfacet
  facet normal 0.555611 0.831443 -0
    outer loop
      vertex 33.3638 3.07611 0
      vertex 33.0394 3.29289 3
      vertex 33.3638 3.07611 3
    endloop
  endfacet
  facet normal 0.555611 0.831443 0
    outer loop
      vertex 33.0394 3.29289 3
      vertex 33.3638 3.07611 0
      vertex 33.0394 3.29289 0
    endloop
  endfacet
  facet normal 0.195056 0.980792 -0
    outer loop
      vertex 33.7465 3 0
      vertex 33.3638 3.07611 3
      vertex 33.7465 3 3
    endloop
  endfacet
  facet normal 0.195056 0.980792 0
    outer loop
      vertex 33.3638 3.07611 3
      vertex 33.7465 3 0
      vertex 33.3638 3.07611 0
    endloop
  endfacet
  facet normal -0.195056 0.980792 0
    outer loop
      vertex 34.1292 3.07611 0
      vertex 33.7465 3 3
      vertex 34.1292 3.07611 3
    endloop
  endfacet
  facet normal -0.195056 0.980792 0
    outer loop
      vertex 33.7465 3 3
      vertex 34.1292 3.07611 0
      vertex 33.7465 3 0
    endloop
  endfacet
  facet normal -0.555611 0.831443 0
    outer loop
      vertex 26.4536 3.29289 0
      vertex 26.1292 3.07611 3
      vertex 26.4536 3.29289 3
    endloop
  endfacet
  facet normal -0.555611 0.831443 0
    outer loop
      vertex 26.1292 3.07611 3
      vertex 26.4536 3.29289 0
      vertex 26.1292 3.07611 0
    endloop
  endfacet
  facet normal -0.831435 0.555622 0
    outer loop
      vertex 26.4536 3.29289 0
      vertex 26.6704 3.61731 3
      vertex 26.6704 3.61731 0
    endloop
  endfacet
  facet normal -0.831435 0.555622 0
    outer loop
      vertex 26.6704 3.61731 3
      vertex 26.4536 3.29289 0
      vertex 26.4536 3.29289 3
    endloop
  endfacet
  facet normal -0.980796 0.195037 0
    outer loop
      vertex 26.6704 3.61731 0
      vertex 26.7465 4 3
      vertex 26.7465 4 0
    endloop
  endfacet
  facet normal -0.980796 0.195037 0
    outer loop
      vertex 26.7465 4 3
      vertex 26.6704 3.61731 0
      vertex 26.6704 3.61731 3
    endloop
  endfacet
  facet normal -0.980795 -0.195042 0
    outer loop
      vertex 26.7465 4 0
      vertex 26.6704 4.38268 3
      vertex 26.6704 4.38268 0
    endloop
  endfacet
  facet normal -0.980795 -0.195042 0
    outer loop
      vertex 26.6704 4.38268 3
      vertex 26.7465 4 0
      vertex 26.7465 4 3
    endloop
  endfacet
  facet normal -0.831427 -0.555634 0
    outer loop
      vertex 26.6704 4.38268 0
      vertex 26.4536 4.70709 3
      vertex 26.4536 4.70709 0
    endloop
  endfacet
  facet normal -0.831427 -0.555634 0
    outer loop
      vertex 26.4536 4.70709 3
      vertex 26.6704 4.38268 0
      vertex 26.6704 4.38268 3
    endloop
  endfacet
  facet normal -0.555611 -0.831443 0
    outer loop
      vertex 26.1292 4.92387 0
      vertex 26.4536 4.70709 3
      vertex 26.1292 4.92387 3
    endloop
  endfacet
  facet normal -0.555611 -0.831443 -0
    outer loop
      vertex 26.4536 4.70709 3
      vertex 26.1292 4.92387 0
      vertex 26.4536 4.70709 0
    endloop
  endfacet
  facet normal -0.195106 -0.980782 0
    outer loop
      vertex 25.7465 5 0
      vertex 26.1292 4.92387 3
      vertex 25.7465 5 3
    endloop
  endfacet
  facet normal -0.195106 -0.980782 -0
    outer loop
      vertex 26.1292 4.92387 3
      vertex 25.7465 5 0
      vertex 26.1292 4.92387 0
    endloop
  endfacet
  facet normal 0.195106 -0.980782 0
    outer loop
      vertex 25.3638 4.92387 0
      vertex 25.7465 5 3
      vertex 25.3638 4.92387 3
    endloop
  endfacet
  facet normal 0.195106 -0.980782 0
    outer loop
      vertex 25.7465 5 3
      vertex 25.3638 4.92387 0
      vertex 25.7465 5 0
    endloop
  endfacet
  facet normal 0.555611 -0.831443 0
    outer loop
      vertex 25.0394 4.70709 0
      vertex 25.3638 4.92387 3
      vertex 25.0394 4.70709 3
    endloop
  endfacet
  facet normal 0.555611 -0.831443 0
    outer loop
      vertex 25.3638 4.92387 3
      vertex 25.0394 4.70709 0
      vertex 25.3638 4.92387 0
    endloop
  endfacet
  facet normal 0.831427 -0.555634 0
    outer loop
      vertex 24.8226 4.38268 3
      vertex 25.0394 4.70709 0
      vertex 25.0394 4.70709 3
    endloop
  endfacet
  facet normal 0.831427 -0.555634 0
    outer loop
      vertex 25.0394 4.70709 0
      vertex 24.8226 4.38268 3
      vertex 24.8226 4.38268 0
    endloop
  endfacet
  facet normal 0.980795 -0.195042 0
    outer loop
      vertex 24.7465 4 3
      vertex 24.8226 4.38268 0
      vertex 24.8226 4.38268 3
    endloop
  endfacet
  facet normal 0.980795 -0.195042 0
    outer loop
      vertex 24.8226 4.38268 0
      vertex 24.7465 4 3
      vertex 24.7465 4 0
    endloop
  endfacet
  facet normal 0.980796 0.195037 0
    outer loop
      vertex 24.8226 3.61731 3
      vertex 24.7465 4 0
      vertex 24.7465 4 3
    endloop
  endfacet
  facet normal 0.980796 0.195037 0
    outer loop
      vertex 24.7465 4 0
      vertex 24.8226 3.61731 3
      vertex 24.8226 3.61731 0
    endloop
  endfacet
  facet normal 0.831435 0.555622 0
    outer loop
      vertex 25.0394 3.29289 3
      vertex 24.8226 3.61731 0
      vertex 24.8226 3.61731 3
    endloop
  endfacet
  facet normal 0.831435 0.555622 0
    outer loop
      vertex 24.8226 3.61731 0
      vertex 25.0394 3.29289 3
      vertex 25.0394 3.29289 0
    endloop
  endfacet
  facet normal 0.555611 0.831443 -0
    outer loop
      vertex 25.3638 3.07611 0
      vertex 25.0394 3.29289 3
      vertex 25.3638 3.07611 3
    endloop
  endfacet
  facet normal 0.555611 0.831443 0
    outer loop
      vertex 25.0394 3.29289 3
      vertex 25.3638 3.07611 0
      vertex 25.0394 3.29289 0
    endloop
  endfacet
  facet normal 0.195056 0.980792 -0
    outer loop
      vertex 25.7465 3 0
      vertex 25.3638 3.07611 3
      vertex 25.7465 3 3
    endloop
  endfacet
  facet normal 0.195056 0.980792 0
    outer loop
      vertex 25.3638 3.07611 3
      vertex 25.7465 3 0
      vertex 25.3638 3.07611 0
    endloop
  endfacet
  facet normal -0.195056 0.980792 0
    outer loop
      vertex 26.1292 3.07611 0
      vertex 25.7465 3 3
      vertex 26.1292 3.07611 3
    endloop
  endfacet
  facet normal -0.195056 0.980792 0
    outer loop
      vertex 25.7465 3 3
      vertex 26.1292 3.07611 0
      vertex 25.7465 3 0
    endloop
  endfacet
  facet normal -0.555614 0.83144 0
    outer loop
      vertex 26.4536 -0.707092 0
      vertex 26.1292 -0.923874 3
      vertex 26.4536 -0.707092 3
    endloop
  endfacet
  facet normal -0.555614 0.83144 0
    outer loop
      vertex 26.1292 -0.923874 3
      vertex 26.4536 -0.707092 0
      vertex 26.1292 -0.923874 0
    endloop
  endfacet
  facet normal -0.831432 0.555626 0
    outer loop
      vertex 26.4536 -0.707092 0
      vertex 26.6704 -0.382675 3
      vertex 26.6704 -0.382675 0
    endloop
  endfacet
  facet normal -0.831432 0.555626 0
    outer loop
      vertex 26.6704 -0.382675 3
      vertex 26.4536 -0.707092 0
      vertex 26.4536 -0.707092 3
    endloop
  endfacet
  facet normal -0.980794 0.195044 0
    outer loop
      vertex 26.6704 -0.382675 0
      vertex 26.7465 0 3
      vertex 26.7465 0 0
    endloop
  endfacet
  facet normal -0.980794 0.195044 0
    outer loop
      vertex 26.7465 0 3
      vertex 26.6704 -0.382675 0
      vertex 26.6704 -0.382675 3
    endloop
  endfacet
  facet normal -0.980794 -0.195044 0
    outer loop
      vertex 26.7465 0 0
      vertex 26.6704 0.382675 3
      vertex 26.6704 0.382675 0
    endloop
  endfacet
  facet normal -0.980794 -0.195044 0
    outer loop
      vertex 26.6704 0.382675 3
      vertex 26.7465 0 0
      vertex 26.7465 0 3
    endloop
  endfacet
  facet normal -0.831432 -0.555626 0
    outer loop
      vertex 26.6704 0.382675 0
      vertex 26.4536 0.707092 3
      vertex 26.4536 0.707092 0
    endloop
  endfacet
  facet normal -0.831432 -0.555626 0
    outer loop
      vertex 26.4536 0.707092 3
      vertex 26.6704 0.382675 0
      vertex 26.6704 0.382675 3
    endloop
  endfacet
  facet normal -0.555614 -0.83144 0
    outer loop
      vertex 26.1292 0.923874 0
      vertex 26.4536 0.707092 3
      vertex 26.1292 0.923874 3
    endloop
  endfacet
  facet normal -0.555614 -0.83144 -0
    outer loop
      vertex 26.4536 0.707092 3
      vertex 26.1292 0.923874 0
      vertex 26.4536 0.707092 0
    endloop
  endfacet
  facet normal -0.195096 -0.980784 0
    outer loop
      vertex 25.7465 1 0
      vertex 26.1292 0.923874 3
      vertex 25.7465 1 3
    endloop
  endfacet
  facet normal -0.195096 -0.980784 -0
    outer loop
      vertex 26.1292 0.923874 3
      vertex 25.7465 1 0
      vertex 26.1292 0.923874 0
    endloop
  endfacet
  facet normal 0.195096 -0.980784 0
    outer loop
      vertex 25.3638 0.923874 0
      vertex 25.7465 1 3
      vertex 25.3638 0.923874 3
    endloop
  endfacet
  facet normal 0.195096 -0.980784 0
    outer loop
      vertex 25.7465 1 3
      vertex 25.3638 0.923874 0
      vertex 25.7465 1 0
    endloop
  endfacet
  facet normal 0.555614 -0.83144 0
    outer loop
      vertex 25.0394 0.707092 0
      vertex 25.3638 0.923874 3
      vertex 25.0394 0.707092 3
    endloop
  endfacet
  facet normal 0.555614 -0.83144 0
    outer loop
      vertex 25.3638 0.923874 3
      vertex 25.0394 0.707092 0
      vertex 25.3638 0.923874 0
    endloop
  endfacet
  facet normal 0.831432 -0.555626 0
    outer loop
      vertex 24.8226 0.382675 3
      vertex 25.0394 0.707092 0
      vertex 25.0394 0.707092 3
    endloop
  endfacet
  facet normal 0.831432 -0.555626 0
    outer loop
      vertex 25.0394 0.707092 0
      vertex 24.8226 0.382675 3
      vertex 24.8226 0.382675 0
    endloop
  endfacet
  facet normal 0.980794 -0.195044 0
    outer loop
      vertex 24.7465 0 3
      vertex 24.8226 0.382675 0
      vertex 24.8226 0.382675 3
    endloop
  endfacet
  facet normal 0.980794 -0.195044 0
    outer loop
      vertex 24.8226 0.382675 0
      vertex 24.7465 0 3
      vertex 24.7465 0 0
    endloop
  endfacet
  facet normal 0.980794 0.195044 0
    outer loop
      vertex 24.8226 -0.382675 3
      vertex 24.7465 0 0
      vertex 24.7465 0 3
    endloop
  endfacet
  facet normal 0.980794 0.195044 0
    outer loop
      vertex 24.7465 0 0
      vertex 24.8226 -0.382675 3
      vertex 24.8226 -0.382675 0
    endloop
  endfacet
  facet normal 0.831432 0.555626 0
    outer loop
      vertex 25.0394 -0.707092 3
      vertex 24.8226 -0.382675 0
      vertex 24.8226 -0.382675 3
    endloop
  endfacet
  facet normal 0.831432 0.555626 0
    outer loop
      vertex 24.8226 -0.382675 0
      vertex 25.0394 -0.707092 3
      vertex 25.0394 -0.707092 0
    endloop
  endfacet
  facet normal 0.555614 0.83144 -0
    outer loop
      vertex 25.3638 -0.923874 0
      vertex 25.0394 -0.707092 3
      vertex 25.3638 -0.923874 3
    endloop
  endfacet
  facet normal 0.555614 0.83144 0
    outer loop
      vertex 25.0394 -0.707092 3
      vertex 25.3638 -0.923874 0
      vertex 25.0394 -0.707092 0
    endloop
  endfacet
  facet normal 0.195096 0.980784 -0
    outer loop
      vertex 25.7465 -1 0
      vertex 25.3638 -0.923874 3
      vertex 25.7465 -1 3
    endloop
  endfacet
  facet normal 0.195096 0.980784 0
    outer loop
      vertex 25.3638 -0.923874 3
      vertex 25.7465 -1 0
      vertex 25.3638 -0.923874 0
    endloop
  endfacet
  facet normal -0.195096 0.980784 0
    outer loop
      vertex 26.1292 -0.923874 0
      vertex 25.7465 -1 3
      vertex 26.1292 -0.923874 3
    endloop
  endfacet
  facet normal -0.195096 0.980784 0
    outer loop
      vertex 25.7465 -1 3
      vertex 26.1292 -0.923874 0
      vertex 25.7465 -1 0
    endloop
  endfacet
  facet normal -0.555614 0.83144 0
    outer loop
      vertex 30.4536 -0.707092 0
      vertex 30.1292 -0.923874 3
      vertex 30.4536 -0.707092 3
    endloop
  endfacet
  facet normal -0.555614 0.83144 0
    outer loop
      vertex 30.1292 -0.923874 3
      vertex 30.4536 -0.707092 0
      vertex 30.1292 -0.923874 0
    endloop
  endfacet
  facet normal -0.831432 0.555626 0
    outer loop
      vertex 30.4536 -0.707092 0
      vertex 30.6704 -0.382675 3
      vertex 30.6704 -0.382675 0
    endloop
  endfacet
  facet normal -0.831432 0.555626 0
    outer loop
      vertex 30.6704 -0.382675 3
      vertex 30.4536 -0.707092 0
      vertex 30.4536 -0.707092 3
    endloop
  endfacet
  facet normal -0.980794 0.195044 0
    outer loop
      vertex 30.6704 -0.382675 0
      vertex 30.7465 0 3
      vertex 30.7465 0 0
    endloop
  endfacet
  facet normal -0.980794 0.195044 0
    outer loop
      vertex 30.7465 0 3
      vertex 30.6704 -0.382675 0
      vertex 30.6704 -0.382675 3
    endloop
  endfacet
  facet normal -0.980794 -0.195044 0
    outer loop
      vertex 30.7465 0 0
      vertex 30.6704 0.382675 3
      vertex 30.6704 0.382675 0
    endloop
  endfacet
  facet normal -0.980794 -0.195044 0
    outer loop
      vertex 30.6704 0.382675 3
      vertex 30.7465 0 0
      vertex 30.7465 0 3
    endloop
  endfacet
  facet normal -0.831432 -0.555626 0
    outer loop
      vertex 30.6704 0.382675 0
      vertex 30.4536 0.707092 3
      vertex 30.4536 0.707092 0
    endloop
  endfacet
  facet normal -0.831432 -0.555626 0
    outer loop
      vertex 30.4536 0.707092 3
      vertex 30.6704 0.382675 0
      vertex 30.6704 0.382675 3
    endloop
  endfacet
  facet normal -0.555614 -0.83144 0
    outer loop
      vertex 30.1292 0.923874 0
      vertex 30.4536 0.707092 3
      vertex 30.1292 0.923874 3
    endloop
  endfacet
  facet normal -0.555614 -0.83144 -0
    outer loop
      vertex 30.4536 0.707092 3
      vertex 30.1292 0.923874 0
      vertex 30.4536 0.707092 0
    endloop
  endfacet
  facet normal -0.195096 -0.980784 0
    outer loop
      vertex 29.7465 1 0
      vertex 30.1292 0.923874 3
      vertex 29.7465 1 3
    endloop
  endfacet
  facet normal -0.195096 -0.980784 -0
    outer loop
      vertex 30.1292 0.923874 3
      vertex 29.7465 1 0
      vertex 30.1292 0.923874 0
    endloop
  endfacet
  facet normal 0.195096 -0.980784 0
    outer loop
      vertex 29.3638 0.923874 0
      vertex 29.7465 1 3
      vertex 29.3638 0.923874 3
    endloop
  endfacet
  facet normal 0.195096 -0.980784 0
    outer loop
      vertex 29.7465 1 3
      vertex 29.3638 0.923874 0
      vertex 29.7465 1 0
    endloop
  endfacet
  facet normal 0.555614 -0.83144 0
    outer loop
      vertex 29.0394 0.707092 0
      vertex 29.3638 0.923874 3
      vertex 29.0394 0.707092 3
    endloop
  endfacet
  facet normal 0.555614 -0.83144 0
    outer loop
      vertex 29.3638 0.923874 3
      vertex 29.0394 0.707092 0
      vertex 29.3638 0.923874 0
    endloop
  endfacet
  facet normal 0.831432 -0.555626 0
    outer loop
      vertex 28.8226 0.382675 3
      vertex 29.0394 0.707092 0
      vertex 29.0394 0.707092 3
    endloop
  endfacet
  facet normal 0.831432 -0.555626 0
    outer loop
      vertex 29.0394 0.707092 0
      vertex 28.8226 0.382675 3
      vertex 28.8226 0.382675 0
    endloop
  endfacet
  facet normal 0.980794 -0.195044 0
    outer loop
      vertex 28.7465 0 3
      vertex 28.8226 0.382675 0
      vertex 28.8226 0.382675 3
    endloop
  endfacet
  facet normal 0.980794 -0.195044 0
    outer loop
      vertex 28.8226 0.382675 0
      vertex 28.7465 0 3
      vertex 28.7465 0 0
    endloop
  endfacet
  facet normal 0.980794 0.195044 0
    outer loop
      vertex 28.8226 -0.382675 3
      vertex 28.7465 0 0
      vertex 28.7465 0 3
    endloop
  endfacet
  facet normal 0.980794 0.195044 0
    outer loop
      vertex 28.7465 0 0
      vertex 28.8226 -0.382675 3
      vertex 28.8226 -0.382675 0
    endloop
  endfacet
  facet normal 0.831432 0.555626 0
    outer loop
      vertex 29.0394 -0.707092 3
      vertex 28.8226 -0.382675 0
      vertex 28.8226 -0.382675 3
    endloop
  endfacet
  facet normal 0.831432 0.555626 0
    outer loop
      vertex 28.8226 -0.382675 0
      vertex 29.0394 -0.707092 3
      vertex 29.0394 -0.707092 0
    endloop
  endfacet
  facet normal 0.555614 0.83144 -0
    outer loop
      vertex 29.3638 -0.923874 0
      vertex 29.0394 -0.707092 3
      vertex 29.3638 -0.923874 3
    endloop
  endfacet
  facet normal 0.555614 0.83144 0
    outer loop
      vertex 29.0394 -0.707092 3
      vertex 29.3638 -0.923874 0
      vertex 29.0394 -0.707092 0
    endloop
  endfacet
  facet normal 0.195096 0.980784 -0
    outer loop
      vertex 29.7465 -1 0
      vertex 29.3638 -0.923874 3
      vertex 29.7465 -1 3
    endloop
  endfacet
  facet normal 0.195096 0.980784 0
    outer loop
      vertex 29.3638 -0.923874 3
      vertex 29.7465 -1 0
      vertex 29.3638 -0.923874 0
    endloop
  endfacet
  facet normal -0.195096 0.980784 0
    outer loop
      vertex 30.1292 -0.923874 0
      vertex 29.7465 -1 3
      vertex 30.1292 -0.923874 3
    endloop
  endfacet
  facet normal -0.195096 0.980784 0
    outer loop
      vertex 29.7465 -1 3
      vertex 30.1292 -0.923874 0
      vertex 29.7465 -1 0
    endloop
  endfacet
  facet normal -0.555614 0.83144 0
    outer loop
      vertex 34.4536 -0.707092 0
      vertex 34.1292 -0.923874 3
      vertex 34.4536 -0.707092 3
    endloop
  endfacet
  facet normal -0.555614 0.83144 0
    outer loop
      vertex 34.1292 -0.923874 3
      vertex 34.4536 -0.707092 0
      vertex 34.1292 -0.923874 0
    endloop
  endfacet
  facet normal -0.831432 0.555626 0
    outer loop
      vertex 34.4536 -0.707092 0
      vertex 34.6704 -0.382675 3
      vertex 34.6704 -0.382675 0
    endloop
  endfacet
  facet normal -0.831432 0.555626 0
    outer loop
      vertex 34.6704 -0.382675 3
      vertex 34.4536 -0.707092 0
      vertex 34.4536 -0.707092 3
    endloop
  endfacet
  facet normal -0.980794 0.195044 0
    outer loop
      vertex 34.6704 -0.382675 0
      vertex 34.7465 0 3
      vertex 34.7465 0 0
    endloop
  endfacet
  facet normal -0.980794 0.195044 0
    outer loop
      vertex 34.7465 0 3
      vertex 34.6704 -0.382675 0
      vertex 34.6704 -0.382675 3
    endloop
  endfacet
  facet normal -0.980794 -0.195044 0
    outer loop
      vertex 34.7465 0 0
      vertex 34.6704 0.382675 3
      vertex 34.6704 0.382675 0
    endloop
  endfacet
  facet normal -0.980794 -0.195044 0
    outer loop
      vertex 34.6704 0.382675 3
      vertex 34.7465 0 0
      vertex 34.7465 0 3
    endloop
  endfacet
  facet normal -0.831432 -0.555626 0
    outer loop
      vertex 34.6704 0.382675 0
      vertex 34.4536 0.707092 3
      vertex 34.4536 0.707092 0
    endloop
  endfacet
  facet normal -0.831432 -0.555626 0
    outer loop
      vertex 34.4536 0.707092 3
      vertex 34.6704 0.382675 0
      vertex 34.6704 0.382675 3
    endloop
  endfacet
  facet normal -0.555614 -0.83144 0
    outer loop
      vertex 34.1292 0.923874 0
      vertex 34.4536 0.707092 3
      vertex 34.1292 0.923874 3
    endloop
  endfacet
  facet normal -0.555614 -0.83144 -0
    outer loop
      vertex 34.4536 0.707092 3
      vertex 34.1292 0.923874 0
      vertex 34.4536 0.707092 0
    endloop
  endfacet
  facet normal -0.195096 -0.980784 0
    outer loop
      vertex 33.7465 1 0
      vertex 34.1292 0.923874 3
      vertex 33.7465 1 3
    endloop
  endfacet
  facet normal -0.195096 -0.980784 -0
    outer loop
      vertex 34.1292 0.923874 3
      vertex 33.7465 1 0
      vertex 34.1292 0.923874 0
    endloop
  endfacet
  facet normal 0.195096 -0.980784 0
    outer loop
      vertex 33.3638 0.923874 0
      vertex 33.7465 1 3
      vertex 33.3638 0.923874 3
    endloop
  endfacet
  facet normal 0.195096 -0.980784 0
    outer loop
      vertex 33.7465 1 3
      vertex 33.3638 0.923874 0
      vertex 33.7465 1 0
    endloop
  endfacet
  facet normal 0.555614 -0.83144 0
    outer loop
      vertex 33.0394 0.707092 0
      vertex 33.3638 0.923874 3
      vertex 33.0394 0.707092 3
    endloop
  endfacet
  facet normal 0.555614 -0.83144 0
    outer loop
      vertex 33.3638 0.923874 3
      vertex 33.0394 0.707092 0
      vertex 33.3638 0.923874 0
    endloop
  endfacet
  facet normal 0.831432 -0.555626 0
    outer loop
      vertex 32.8226 0.382675 3
      vertex 33.0394 0.707092 0
      vertex 33.0394 0.707092 3
    endloop
  endfacet
  facet normal 0.831432 -0.555626 0
    outer loop
      vertex 33.0394 0.707092 0
      vertex 32.8226 0.382675 3
      vertex 32.8226 0.382675 0
    endloop
  endfacet
  facet normal 0.980794 -0.195044 0
    outer loop
      vertex 32.7465 0 3
      vertex 32.8226 0.382675 0
      vertex 32.8226 0.382675 3
    endloop
  endfacet
  facet normal 0.980794 -0.195044 0
    outer loop
      vertex 32.8226 0.382675 0
      vertex 32.7465 0 3
      vertex 32.7465 0 0
    endloop
  endfacet
  facet normal 0.980794 0.195044 0
    outer loop
      vertex 32.8226 -0.382675 3
      vertex 32.7465 0 0
      vertex 32.7465 0 3
    endloop
  endfacet
  facet normal 0.980794 0.195044 0
    outer loop
      vertex 32.7465 0 0
      vertex 32.8226 -0.382675 3
      vertex 32.8226 -0.382675 0
    endloop
  endfacet
  facet normal 0.831432 0.555626 0
    outer loop
      vertex 33.0394 -0.707092 3
      vertex 32.8226 -0.382675 0
      vertex 32.8226 -0.382675 3
    endloop
  endfacet
  facet normal 0.831432 0.555626 0
    outer loop
      vertex 32.8226 -0.382675 0
      vertex 33.0394 -0.707092 3
      vertex 33.0394 -0.707092 0
    endloop
  endfacet
  facet normal 0.555614 0.83144 -0
    outer loop
      vertex 33.3638 -0.923874 0
      vertex 33.0394 -0.707092 3
      vertex 33.3638 -0.923874 3
    endloop
  endfacet
  facet normal 0.555614 0.83144 0
    outer loop
      vertex 33.0394 -0.707092 3
      vertex 33.3638 -0.923874 0
      vertex 33.0394 -0.707092 0
    endloop
  endfacet
  facet normal 0.195096 0.980784 -0
    outer loop
      vertex 33.7465 -1 0
      vertex 33.3638 -0.923874 3
      vertex 33.7465 -1 3
    endloop
  endfacet
  facet normal 0.195096 0.980784 0
    outer loop
      vertex 33.3638 -0.923874 3
      vertex 33.7465 -1 0
      vertex 33.3638 -0.923874 0
    endloop
  endfacet
  facet normal -0.195096 0.980784 0
    outer loop
      vertex 34.1292 -0.923874 0
      vertex 33.7465 -1 3
      vertex 34.1292 -0.923874 3
    endloop
  endfacet
  facet normal -0.195096 0.980784 0
    outer loop
      vertex 33.7465 -1 3
      vertex 34.1292 -0.923874 0
      vertex 33.7465 -1 0
    endloop
  endfacet
  facet normal -0.555611 0.831443 0
    outer loop
      vertex 26.4536 -4.70709 0
      vertex 26.1292 -4.92387 3
      vertex 26.4536 -4.70709 3
    endloop
  endfacet
  facet normal -0.555611 0.831443 0
    outer loop
      vertex 26.1292 -4.92387 3
      vertex 26.4536 -4.70709 0
      vertex 26.1292 -4.92387 0
    endloop
  endfacet
  facet normal -0.831427 0.555634 0
    outer loop
      vertex 26.4536 -4.70709 0
      vertex 26.6704 -4.38268 3
      vertex 26.6704 -4.38268 0
    endloop
  endfacet
  facet normal -0.831427 0.555634 0
    outer loop
      vertex 26.6704 -4.38268 3
      vertex 26.4536 -4.70709 0
      vertex 26.4536 -4.70709 3
    endloop
  endfacet
  facet normal -0.980795 0.195042 0
    outer loop
      vertex 26.6704 -4.38268 0
      vertex 26.7465 -4 3
      vertex 26.7465 -4 0
    endloop
  endfacet
  facet normal -0.980795 0.195042 0
    outer loop
      vertex 26.7465 -4 3
      vertex 26.6704 -4.38268 0
      vertex 26.6704 -4.38268 3
    endloop
  endfacet
  facet normal -0.980796 -0.195037 0
    outer loop
      vertex 26.7465 -4 0
      vertex 26.6704 -3.61731 3
      vertex 26.6704 -3.61731 0
    endloop
  endfacet
  facet normal -0.980796 -0.195037 0
    outer loop
      vertex 26.6704 -3.61731 3
      vertex 26.7465 -4 0
      vertex 26.7465 -4 3
    endloop
  endfacet
  facet normal -0.831435 -0.555622 0
    outer loop
      vertex 26.6704 -3.61731 0
      vertex 26.4536 -3.29289 3
      vertex 26.4536 -3.29289 0
    endloop
  endfacet
  facet normal -0.831435 -0.555622 0
    outer loop
      vertex 26.4536 -3.29289 3
      vertex 26.6704 -3.61731 0
      vertex 26.6704 -3.61731 3
    endloop
  endfacet
  facet normal -0.555611 -0.831443 0
    outer loop
      vertex 26.1292 -3.07611 0
      vertex 26.4536 -3.29289 3
      vertex 26.1292 -3.07611 3
    endloop
  endfacet
  facet normal -0.555611 -0.831443 -0
    outer loop
      vertex 26.4536 -3.29289 3
      vertex 26.1292 -3.07611 0
      vertex 26.4536 -3.29289 0
    endloop
  endfacet
  facet normal -0.195056 -0.980792 0
    outer loop
      vertex 25.7465 -3 0
      vertex 26.1292 -3.07611 3
      vertex 25.7465 -3 3
    endloop
  endfacet
  facet normal -0.195056 -0.980792 -0
    outer loop
      vertex 26.1292 -3.07611 3
      vertex 25.7465 -3 0
      vertex 26.1292 -3.07611 0
    endloop
  endfacet
  facet normal 0.195056 -0.980792 0
    outer loop
      vertex 25.3638 -3.07611 0
      vertex 25.7465 -3 3
      vertex 25.3638 -3.07611 3
    endloop
  endfacet
  facet normal 0.195056 -0.980792 0
    outer loop
      vertex 25.7465 -3 3
      vertex 25.3638 -3.07611 0
      vertex 25.7465 -3 0
    endloop
  endfacet
  facet normal 0.555611 -0.831443 0
    outer loop
      vertex 25.0394 -3.29289 0
      vertex 25.3638 -3.07611 3
      vertex 25.0394 -3.29289 3
    endloop
  endfacet
  facet normal 0.555611 -0.831443 0
    outer loop
      vertex 25.3638 -3.07611 3
      vertex 25.0394 -3.29289 0
      vertex 25.3638 -3.07611 0
    endloop
  endfacet
  facet normal 0.831435 -0.555622 0
    outer loop
      vertex 24.8226 -3.61731 3
      vertex 25.0394 -3.29289 0
      vertex 25.0394 -3.29289 3
    endloop
  endfacet
  facet normal 0.831435 -0.555622 0
    outer loop
      vertex 25.0394 -3.29289 0
      vertex 24.8226 -3.61731 3
      vertex 24.8226 -3.61731 0
    endloop
  endfacet
  facet normal 0.980796 -0.195037 0
    outer loop
      vertex 24.7465 -4 3
      vertex 24.8226 -3.61731 0
      vertex 24.8226 -3.61731 3
    endloop
  endfacet
  facet normal 0.980796 -0.195037 0
    outer loop
      vertex 24.8226 -3.61731 0
      vertex 24.7465 -4 3
      vertex 24.7465 -4 0
    endloop
  endfacet
  facet normal 0.980795 0.195042 0
    outer loop
      vertex 24.8226 -4.38268 3
      vertex 24.7465 -4 0
      vertex 24.7465 -4 3
    endloop
  endfacet
  facet normal 0.980795 0.195042 0
    outer loop
      vertex 24.7465 -4 0
      vertex 24.8226 -4.38268 3
      vertex 24.8226 -4.38268 0
    endloop
  endfacet
  facet normal 0.831427 0.555634 0
    outer loop
      vertex 25.0394 -4.70709 3
      vertex 24.8226 -4.38268 0
      vertex 24.8226 -4.38268 3
    endloop
  endfacet
  facet normal 0.831427 0.555634 0
    outer loop
      vertex 24.8226 -4.38268 0
      vertex 25.0394 -4.70709 3
      vertex 25.0394 -4.70709 0
    endloop
  endfacet
  facet normal 0.555611 0.831443 -0
    outer loop
      vertex 25.3638 -4.92387 0
      vertex 25.0394 -4.70709 3
      vertex 25.3638 -4.92387 3
    endloop
  endfacet
  facet normal 0.555611 0.831443 0
    outer loop
      vertex 25.0394 -4.70709 3
      vertex 25.3638 -4.92387 0
      vertex 25.0394 -4.70709 0
    endloop
  endfacet
  facet normal 0.195106 0.980782 -0
    outer loop
      vertex 25.7465 -5 0
      vertex 25.3638 -4.92387 3
      vertex 25.7465 -5 3
    endloop
  endfacet
  facet normal 0.195106 0.980782 0
    outer loop
      vertex 25.3638 -4.92387 3
      vertex 25.7465 -5 0
      vertex 25.3638 -4.92387 0
    endloop
  endfacet
  facet normal -0.195106 0.980782 0
    outer loop
      vertex 26.1292 -4.92387 0
      vertex 25.7465 -5 3
      vertex 26.1292 -4.92387 3
    endloop
  endfacet
  facet normal -0.195106 0.980782 0
    outer loop
      vertex 25.7465 -5 3
      vertex 26.1292 -4.92387 0
      vertex 25.7465 -5 0
    endloop
  endfacet
  facet normal -0.555611 0.831443 0
    outer loop
      vertex 30.4536 -4.70709 0
      vertex 30.1292 -4.92387 3
      vertex 30.4536 -4.70709 3
    endloop
  endfacet
  facet normal -0.555611 0.831443 0
    outer loop
      vertex 30.1292 -4.92387 3
      vertex 30.4536 -4.70709 0
      vertex 30.1292 -4.92387 0
    endloop
  endfacet
  facet normal -0.831427 0.555634 0
    outer loop
      vertex 30.4536 -4.70709 0
      vertex 30.6704 -4.38268 3
      vertex 30.6704 -4.38268 0
    endloop
  endfacet
  facet normal -0.831427 0.555634 0
    outer loop
      vertex 30.6704 -4.38268 3
      vertex 30.4536 -4.70709 0
      vertex 30.4536 -4.70709 3
    endloop
  endfacet
  facet normal -0.980795 0.195042 0
    outer loop
      vertex 30.6704 -4.38268 0
      vertex 30.7465 -4 3
      vertex 30.7465 -4 0
    endloop
  endfacet
  facet normal -0.980795 0.195042 0
    outer loop
      vertex 30.7465 -4 3
      vertex 30.6704 -4.38268 0
      vertex 30.6704 -4.38268 3
    endloop
  endfacet
  facet normal -0.980796 -0.195037 0
    outer loop
      vertex 30.7465 -4 0
      vertex 30.6704 -3.61731 3
      vertex 30.6704 -3.61731 0
    endloop
  endfacet
  facet normal -0.980796 -0.195037 0
    outer loop
      vertex 30.6704 -3.61731 3
      vertex 30.7465 -4 0
      vertex 30.7465 -4 3
    endloop
  endfacet
  facet normal -0.831435 -0.555622 0
    outer loop
      vertex 30.6704 -3.61731 0
      vertex 30.4536 -3.29289 3
      vertex 30.4536 -3.29289 0
    endloop
  endfacet
  facet normal -0.831435 -0.555622 0
    outer loop
      vertex 30.4536 -3.29289 3
      vertex 30.6704 -3.61731 0
      vertex 30.6704 -3.61731 3
    endloop
  endfacet
  facet normal -0.555611 -0.831443 0
    outer loop
      vertex 30.1292 -3.07611 0
      vertex 30.4536 -3.29289 3
      vertex 30.1292 -3.07611 3
    endloop
  endfacet
  facet normal -0.555611 -0.831443 -0
    outer loop
      vertex 30.4536 -3.29289 3
      vertex 30.1292 -3.07611 0
      vertex 30.4536 -3.29289 0
    endloop
  endfacet
  facet normal -0.195056 -0.980792 0
    outer loop
      vertex 29.7465 -3 0
      vertex 30.1292 -3.07611 3
      vertex 29.7465 -3 3
    endloop
  endfacet
  facet normal -0.195056 -0.980792 -0
    outer loop
      vertex 30.1292 -3.07611 3
      vertex 29.7465 -3 0
      vertex 30.1292 -3.07611 0
    endloop
  endfacet
  facet normal 0.195056 -0.980792 0
    outer loop
      vertex 29.3638 -3.07611 0
      vertex 29.7465 -3 3
      vertex 29.3638 -3.07611 3
    endloop
  endfacet
  facet normal 0.195056 -0.980792 0
    outer loop
      vertex 29.7465 -3 3
      vertex 29.3638 -3.07611 0
      vertex 29.7465 -3 0
    endloop
  endfacet
  facet normal 0.555611 -0.831443 0
    outer loop
      vertex 29.0394 -3.29289 0
      vertex 29.3638 -3.07611 3
      vertex 29.0394 -3.29289 3
    endloop
  endfacet
  facet normal 0.555611 -0.831443 0
    outer loop
      vertex 29.3638 -3.07611 3
      vertex 29.0394 -3.29289 0
      vertex 29.3638 -3.07611 0
    endloop
  endfacet
  facet normal 0.831435 -0.555622 0
    outer loop
      vertex 28.8226 -3.61731 3
      vertex 29.0394 -3.29289 0
      vertex 29.0394 -3.29289 3
    endloop
  endfacet
  facet normal 0.831435 -0.555622 0
    outer loop
      vertex 29.0394 -3.29289 0
      vertex 28.8226 -3.61731 3
      vertex 28.8226 -3.61731 0
    endloop
  endfacet
  facet normal 0.980796 -0.195037 0
    outer loop
      vertex 28.7465 -4 3
      vertex 28.8226 -3.61731 0
      vertex 28.8226 -3.61731 3
    endloop
  endfacet
  facet normal 0.980796 -0.195037 0
    outer loop
      vertex 28.8226 -3.61731 0
      vertex 28.7465 -4 3
      vertex 28.7465 -4 0
    endloop
  endfacet
  facet normal 0.980795 0.195042 0
    outer loop
      vertex 28.8226 -4.38268 3
      vertex 28.7465 -4 0
      vertex 28.7465 -4 3
    endloop
  endfacet
  facet normal 0.980795 0.195042 0
    outer loop
      vertex 28.7465 -4 0
      vertex 28.8226 -4.38268 3
      vertex 28.8226 -4.38268 0
    endloop
  endfacet
  facet normal 0.831427 0.555634 0
    outer loop
      vertex 29.0394 -4.70709 3
      vertex 28.8226 -4.38268 0
      vertex 28.8226 -4.38268 3
    endloop
  endfacet
  facet normal 0.831427 0.555634 0
    outer loop
      vertex 28.8226 -4.38268 0
      vertex 29.0394 -4.70709 3
      vertex 29.0394 -4.70709 0
    endloop
  endfacet
  facet normal 0.555611 0.831443 -0
    outer loop
      vertex 29.3638 -4.92387 0
      vertex 29.0394 -4.70709 3
      vertex 29.3638 -4.92387 3
    endloop
  endfacet
  facet normal 0.555611 0.831443 0
    outer loop
      vertex 29.0394 -4.70709 3
      vertex 29.3638 -4.92387 0
      vertex 29.0394 -4.70709 0
    endloop
  endfacet
  facet normal 0.195106 0.980782 -0
    outer loop
      vertex 29.7465 -5 0
      vertex 29.3638 -4.92387 3
      vertex 29.7465 -5 3
    endloop
  endfacet
  facet normal 0.195106 0.980782 0
    outer loop
      vertex 29.3638 -4.92387 3
      vertex 29.7465 -5 0
      vertex 29.3638 -4.92387 0
    endloop
  endfacet
  facet normal -0.195106 0.980782 0
    outer loop
      vertex 30.1292 -4.92387 0
      vertex 29.7465 -5 3
      vertex 30.1292 -4.92387 3
    endloop
  endfacet
  facet normal -0.195106 0.980782 0
    outer loop
      vertex 29.7465 -5 3
      vertex 30.1292 -4.92387 0
      vertex 29.7465 -5 0
    endloop
  endfacet
  facet normal -0.555611 0.831443 0
    outer loop
      vertex 34.4536 -4.70709 0
      vertex 34.1292 -4.92387 3
      vertex 34.4536 -4.70709 3
    endloop
  endfacet
  facet normal -0.555611 0.831443 0
    outer loop
      vertex 34.1292 -4.92387 3
      vertex 34.4536 -4.70709 0
      vertex 34.1292 -4.92387 0
    endloop
  endfacet
  facet normal -0.831427 0.555634 0
    outer loop
      vertex 34.4536 -4.70709 0
      vertex 34.6704 -4.38268 3
      vertex 34.6704 -4.38268 0
    endloop
  endfacet
  facet normal -0.831427 0.555634 0
    outer loop
      vertex 34.6704 -4.38268 3
      vertex 34.4536 -4.70709 0
      vertex 34.4536 -4.70709 3
    endloop
  endfacet
  facet normal -0.980795 0.195042 0
    outer loop
      vertex 34.6704 -4.38268 0
      vertex 34.7465 -4 3
      vertex 34.7465 -4 0
    endloop
  endfacet
  facet normal -0.980795 0.195042 0
    outer loop
      vertex 34.7465 -4 3
      vertex 34.6704 -4.38268 0
      vertex 34.6704 -4.38268 3
    endloop
  endfacet
  facet normal -0.980796 -0.195037 0
    outer loop
      vertex 34.7465 -4 0
      vertex 34.6704 -3.61731 3
      vertex 34.6704 -3.61731 0
    endloop
  endfacet
  facet normal -0.980796 -0.195037 0
    outer loop
      vertex 34.6704 -3.61731 3
      vertex 34.7465 -4 0
      vertex 34.7465 -4 3
    endloop
  endfacet
  facet normal -0.831435 -0.555622 0
    outer loop
      vertex 34.6704 -3.61731 0
      vertex 34.4536 -3.29289 3
      vertex 34.4536 -3.29289 0
    endloop
  endfacet
  facet normal -0.831435 -0.555622 0
    outer loop
      vertex 34.4536 -3.29289 3
      vertex 34.6704 -3.61731 0
      vertex 34.6704 -3.61731 3
    endloop
  endfacet
  facet normal -0.555611 -0.831443 0
    outer loop
      vertex 34.1292 -3.07611 0
      vertex 34.4536 -3.29289 3
      vertex 34.1292 -3.07611 3
    endloop
  endfacet
  facet normal -0.555611 -0.831443 -0
    outer loop
      vertex 34.4536 -3.29289 3
      vertex 34.1292 -3.07611 0
      vertex 34.4536 -3.29289 0
    endloop
  endfacet
  facet normal -0.195056 -0.980792 0
    outer loop
      vertex 33.7465 -3 0
      vertex 34.1292 -3.07611 3
      vertex 33.7465 -3 3
    endloop
  endfacet
  facet normal -0.195056 -0.980792 -0
    outer loop
      vertex 34.1292 -3.07611 3
      vertex 33.7465 -3 0
      vertex 34.1292 -3.07611 0
    endloop
  endfacet
  facet normal 0.195056 -0.980792 0
    outer loop
      vertex 33.3638 -3.07611 0
      vertex 33.7465 -3 3
      vertex 33.3638 -3.07611 3
    endloop
  endfacet
  facet normal 0.195056 -0.980792 0
    outer loop
      vertex 33.7465 -3 3
      vertex 33.3638 -3.07611 0
      vertex 33.7465 -3 0
    endloop
  endfacet
  facet normal 0.555611 -0.831443 0
    outer loop
      vertex 33.0394 -3.29289 0
      vertex 33.3638 -3.07611 3
      vertex 33.0394 -3.29289 3
    endloop
  endfacet
  facet normal 0.555611 -0.831443 0
    outer loop
      vertex 33.3638 -3.07611 3
      vertex 33.0394 -3.29289 0
      vertex 33.3638 -3.07611 0
    endloop
  endfacet
  facet normal 0.831435 -0.555622 0
    outer loop
      vertex 32.8226 -3.61731 3
      vertex 33.0394 -3.29289 0
      vertex 33.0394 -3.29289 3
    endloop
  endfacet
  facet normal 0.831435 -0.555622 0
    outer loop
      vertex 33.0394 -3.29289 0
      vertex 32.8226 -3.61731 3
      vertex 32.8226 -3.61731 0
    endloop
  endfacet
  facet normal 0.980796 -0.195037 0
    outer loop
      vertex 32.7465 -4 3
      vertex 32.8226 -3.61731 0
      vertex 32.8226 -3.61731 3
    endloop
  endfacet
  facet normal 0.980796 -0.195037 0
    outer loop
      vertex 32.8226 -3.61731 0
      vertex 32.7465 -4 3
      vertex 32.7465 -4 0
    endloop
  endfacet
  facet normal 0.980795 0.195042 0
    outer loop
      vertex 32.8226 -4.38268 3
      vertex 32.7465 -4 0
      vertex 32.7465 -4 3
    endloop
  endfacet
  facet normal 0.980795 0.195042 0
    outer loop
      vertex 32.7465 -4 0
      vertex 32.8226 -4.38268 3
      vertex 32.8226 -4.38268 0
    endloop
  endfacet
  facet normal 0.831427 0.555634 0
    outer loop
      vertex 33.0394 -4.70709 3
      vertex 32.8226 -4.38268 0
      vertex 32.8226 -4.38268 3
    endloop
  endfacet
  facet normal 0.831427 0.555634 0
    outer loop
      vertex 32.8226 -4.38268 0
      vertex 33.0394 -4.70709 3
      vertex 33.0394 -4.70709 0
    endloop
  endfacet
  facet normal 0.555611 0.831443 -0
    outer loop
      vertex 33.3638 -4.92387 0
      vertex 33.0394 -4.70709 3
      vertex 33.3638 -4.92387 3
    endloop
  endfacet
  facet normal 0.555611 0.831443 0
    outer loop
      vertex 33.0394 -4.70709 3
      vertex 33.3638 -4.92387 0
      vertex 33.0394 -4.70709 0
    endloop
  endfacet
  facet normal 0.195106 0.980782 -0
    outer loop
      vertex 33.7465 -5 0
      vertex 33.3638 -4.92387 3
      vertex 33.7465 -5 3
    endloop
  endfacet
  facet normal 0.195106 0.980782 0
    outer loop
      vertex 33.3638 -4.92387 3
      vertex 33.7465 -5 0
      vertex 33.3638 -4.92387 0
    endloop
  endfacet
  facet normal -0.195106 0.980782 0
    outer loop
      vertex 34.1292 -4.92387 0
      vertex 33.7465 -5 3
      vertex 34.1292 -4.92387 3
    endloop
  endfacet
  facet normal -0.195106 0.980782 0
    outer loop
      vertex 33.7465 -5 3
      vertex 34.1292 -4.92387 0
      vertex 33.7465 -5 0
    endloop
  endfacet
  facet normal -0.233526 0.972351 0
    outer loop
      vertex 1.91589 -16.4965 0
      vertex 0.969879 -16.7237 3
      vertex 1.91589 -16.4965 3
    endloop
  endfacet
  facet normal -0.233526 0.972351 0
    outer loop
      vertex 0.969879 -16.7237 3
      vertex 1.91589 -16.4965 0
      vertex 0.969879 -16.7237 0
    endloop
  endfacet
  facet normal -0.382673 0.923884 0
    outer loop
      vertex 2.81473 -16.1242 0
      vertex 1.91589 -16.4965 3
      vertex 2.81473 -16.1242 3
    endloop
  endfacet
  facet normal -0.382673 0.923884 0
    outer loop
      vertex 1.91589 -16.4965 3
      vertex 2.81473 -16.1242 0
      vertex 1.91589 -16.4965 0
    endloop
  endfacet
  facet normal -0.522471 0.852657 0
    outer loop
      vertex 3.64426 -15.6159 0
      vertex 2.81473 -16.1242 3
      vertex 3.64426 -15.6159 3
    endloop
  endfacet
  facet normal -0.522471 0.852657 0
    outer loop
      vertex 2.81473 -16.1242 3
      vertex 3.64426 -15.6159 0
      vertex 2.81473 -16.1242 0
    endloop
  endfacet
  facet normal -0.649424 0.760426 0
    outer loop
      vertex 4.38405 -14.9841 0
      vertex 3.64426 -15.6159 3
      vertex 4.38405 -14.9841 3
    endloop
  endfacet
  facet normal -0.649424 0.760426 0
    outer loop
      vertex 3.64426 -15.6159 3
      vertex 4.38405 -14.9841 0
      vertex 3.64426 -15.6159 0
    endloop
  endfacet
  facet normal -0.760405 0.649449 0
    outer loop
      vertex 4.38405 -14.9841 0
      vertex 5.0159 -14.2443 3
      vertex 5.0159 -14.2443 0
    endloop
  endfacet
  facet normal -0.760405 0.649449 0
    outer loop
      vertex 5.0159 -14.2443 3
      vertex 4.38405 -14.9841 0
      vertex 4.38405 -14.9841 3
    endloop
  endfacet
  facet normal -0.852663 0.522462 0
    outer loop
      vertex 5.0159 -14.2443 0
      vertex 5.52423 -13.4147 3
      vertex 5.52423 -13.4147 0
    endloop
  endfacet
  facet normal -0.852663 0.522462 0
    outer loop
      vertex 5.52423 -13.4147 3
      vertex 5.0159 -14.2443 0
      vertex 5.0159 -14.2443 3
    endloop
  endfacet
  facet normal -0.923871 0.382705 0
    outer loop
      vertex 5.52423 -13.4147 0
      vertex 5.89655 -12.5159 3
      vertex 5.89655 -12.5159 0
    endloop
  endfacet
  facet normal -0.923871 0.382705 0
    outer loop
      vertex 5.89655 -12.5159 3
      vertex 5.52423 -13.4147 0
      vertex 5.52423 -13.4147 3
    endloop
  endfacet
  facet normal -0.972371 0.233441 0
    outer loop
      vertex 5.89655 -12.5159 0
      vertex 6.12366 -11.5699 3
      vertex 6.12366 -11.5699 0
    endloop
  endfacet
  facet normal -0.972371 0.233441 0
    outer loop
      vertex 6.12366 -11.5699 3
      vertex 5.89655 -12.5159 0
      vertex 5.89655 -12.5159 3
    endloop
  endfacet
  facet normal -0.996917 0.0784665 0
    outer loop
      vertex 6.12366 -11.5699 0
      vertex 6.2 -10.6 3
      vertex 6.2 -10.6 0
    endloop
  endfacet
  facet normal -0.996917 0.0784665 0
    outer loop
      vertex 6.2 -10.6 3
      vertex 6.12366 -11.5699 0
      vertex 6.12366 -11.5699 3
    endloop
  endfacet
  facet normal -0.996917 -0.0784665 0
    outer loop
      vertex 6.2 -10.6 0
      vertex 6.12366 -9.6301 3
      vertex 6.12366 -9.6301 0
    endloop
  endfacet
  facet normal -0.996917 -0.0784665 0
    outer loop
      vertex 6.12366 -9.6301 3
      vertex 6.2 -10.6 0
      vertex 6.2 -10.6 3
    endloop
  endfacet
  facet normal -0.972372 -0.233436 0
    outer loop
      vertex 6.12366 -9.6301 0
      vertex 5.89655 -8.68408 3
      vertex 5.89655 -8.68408 0
    endloop
  endfacet
  facet normal -0.972372 -0.233436 0
    outer loop
      vertex 5.89655 -8.68408 3
      vertex 6.12366 -9.6301 0
      vertex 6.12366 -9.6301 3
    endloop
  endfacet
  facet normal -0.923875 -0.382694 0
    outer loop
      vertex 5.89655 -8.68408 0
      vertex 5.52423 -7.78525 3
      vertex 5.52423 -7.78525 0
    endloop
  endfacet
  facet normal -0.923875 -0.382694 0
    outer loop
      vertex 5.52423 -7.78525 3
      vertex 5.89655 -8.68408 0
      vertex 5.89655 -8.68408 3
    endloop
  endfacet
  facet normal -0.852643 -0.522494 0
    outer loop
      vertex 5.52423 -7.78525 0
      vertex 5.0159 -6.95572 3
      vertex 5.0159 -6.95572 0
    endloop
  endfacet
  facet normal -0.852643 -0.522494 0
    outer loop
      vertex 5.0159 -6.95572 3
      vertex 5.52423 -7.78525 0
      vertex 5.52423 -7.78525 3
    endloop
  endfacet
  facet normal -0.760401 -0.649454 0
    outer loop
      vertex 5.0159 -6.95572 0
      vertex 4.38405 -6.21593 3
      vertex 4.38405 -6.21593 0
    endloop
  endfacet
  facet normal -0.760401 -0.649454 0
    outer loop
      vertex 4.38405 -6.21593 3
      vertex 5.0159 -6.95572 0
      vertex 5.0159 -6.95572 3
    endloop
  endfacet
  facet normal -0.649448 -0.760406 0
    outer loop
      vertex 3.64426 -5.58409 0
      vertex 4.38405 -6.21593 3
      vertex 3.64426 -5.58409 3
    endloop
  endfacet
  facet normal -0.649448 -0.760406 -0
    outer loop
      vertex 4.38405 -6.21593 3
      vertex 3.64426 -5.58409 0
      vertex 4.38405 -6.21593 0
    endloop
  endfacet
  facet normal -0.522509 -0.852634 0
    outer loop
      vertex 2.81473 -5.07574 0
      vertex 3.64426 -5.58409 3
      vertex 2.81473 -5.07574 3
    endloop
  endfacet
  facet normal -0.522509 -0.852634 -0
    outer loop
      vertex 3.64426 -5.58409 3
      vertex 2.81473 -5.07574 0
      vertex 3.64426 -5.58409 0
    endloop
  endfacet
  facet normal -0.382664 -0.923887 0
    outer loop
      vertex 1.91589 -4.70345 0
      vertex 2.81473 -5.07574 3
      vertex 1.91589 -4.70345 3
    endloop
  endfacet
  facet normal -0.382664 -0.923887 -0
    outer loop
      vertex 2.81473 -5.07574 3
      vertex 1.91589 -4.70345 0
      vertex 2.81473 -5.07574 0
    endloop
  endfacet
  facet normal -0.233458 -0.972367 0
    outer loop
      vertex 0.969879 -4.47632 0
      vertex 1.91589 -4.70345 3
      vertex 0.969879 -4.47632 3
    endloop
  endfacet
  facet normal -0.233458 -0.972367 -0
    outer loop
      vertex 1.91589 -4.70345 3
      vertex 0.969879 -4.47632 0
      vertex 1.91589 -4.70345 0
    endloop
  endfacet
  facet normal -0.0784579 -0.996917 0
    outer loop
      vertex 0 -4.39999 0
      vertex 0.969879 -4.47632 3
      vertex 0 -4.39999 3
    endloop
  endfacet
  facet normal -0.0784579 -0.996917 -0
    outer loop
      vertex 0.969879 -4.47632 3
      vertex 0 -4.39999 0
      vertex 0.969879 -4.47632 0
    endloop
  endfacet
  facet normal 0.0784579 -0.996917 0
    outer loop
      vertex -0.969879 -4.47632 0
      vertex 0 -4.39999 3
      vertex -0.969879 -4.47632 3
    endloop
  endfacet
  facet normal 0.0784579 -0.996917 0
    outer loop
      vertex 0 -4.39999 3
      vertex -0.969879 -4.47632 0
      vertex 0 -4.39999 0
    endloop
  endfacet
  facet normal 0.233458 -0.972367 0
    outer loop
      vertex -1.91589 -4.70345 0
      vertex -0.969879 -4.47632 3
      vertex -1.91589 -4.70345 3
    endloop
  endfacet
  facet normal 0.233458 -0.972367 0
    outer loop
      vertex -0.969879 -4.47632 3
      vertex -1.91589 -4.70345 0
      vertex -0.969879 -4.47632 0
    endloop
  endfacet
  facet normal 0.382664 -0.923887 0
    outer loop
      vertex -2.81473 -5.07574 0
      vertex -1.91589 -4.70345 3
      vertex -2.81473 -5.07574 3
    endloop
  endfacet
  facet normal 0.382664 -0.923887 0
    outer loop
      vertex -1.91589 -4.70345 3
      vertex -2.81473 -5.07574 0
      vertex -1.91589 -4.70345 0
    endloop
  endfacet
  facet normal 0.522509 -0.852634 0
    outer loop
      vertex -3.64426 -5.58409 0
      vertex -2.81473 -5.07574 3
      vertex -3.64426 -5.58409 3
    endloop
  endfacet
  facet normal 0.522509 -0.852634 0
    outer loop
      vertex -2.81473 -5.07574 3
      vertex -3.64426 -5.58409 0
      vertex -2.81473 -5.07574 0
    endloop
  endfacet
  facet normal 0.649448 -0.760406 0
    outer loop
      vertex -4.38405 -6.21593 0
      vertex -3.64426 -5.58409 3
      vertex -4.38405 -6.21593 3
    endloop
  endfacet
  facet normal 0.649448 -0.760406 0
    outer loop
      vertex -3.64426 -5.58409 3
      vertex -4.38405 -6.21593 0
      vertex -3.64426 -5.58409 0
    endloop
  endfacet
  facet normal 0.760401 -0.649454 0
    outer loop
      vertex -5.0159 -6.95572 3
      vertex -4.38405 -6.21593 0
      vertex -4.38405 -6.21593 3
    endloop
  endfacet
  facet normal 0.760401 -0.649454 0
    outer loop
      vertex -4.38405 -6.21593 0
      vertex -5.0159 -6.95572 3
      vertex -5.0159 -6.95572 0
    endloop
  endfacet
  facet normal 0.852643 -0.522494 0
    outer loop
      vertex -5.52423 -7.78525 3
      vertex -5.0159 -6.95572 0
      vertex -5.0159 -6.95572 3
    endloop
  endfacet
  facet normal 0.852643 -0.522494 0
    outer loop
      vertex -5.0159 -6.95572 0
      vertex -5.52423 -7.78525 3
      vertex -5.52423 -7.78525 0
    endloop
  endfacet
  facet normal 0.923875 -0.382694 0
    outer loop
      vertex -5.89655 -8.68408 3
      vertex -5.52423 -7.78525 0
      vertex -5.52423 -7.78525 3
    endloop
  endfacet
  facet normal 0.923875 -0.382694 0
    outer loop
      vertex -5.52423 -7.78525 0
      vertex -5.89655 -8.68408 3
      vertex -5.89655 -8.68408 0
    endloop
  endfacet
  facet normal 0.972372 -0.233436 0
    outer loop
      vertex -6.12366 -9.6301 3
      vertex -5.89655 -8.68408 0
      vertex -5.89655 -8.68408 3
    endloop
  endfacet
  facet normal 0.972372 -0.233436 0
    outer loop
      vertex -5.89655 -8.68408 0
      vertex -6.12366 -9.6301 3
      vertex -6.12366 -9.6301 0
    endloop
  endfacet
  facet normal 0.996917 -0.0784665 0
    outer loop
      vertex -6.2 -10.6 3
      vertex -6.12366 -9.6301 0
      vertex -6.12366 -9.6301 3
    endloop
  endfacet
  facet normal 0.996917 -0.0784665 0
    outer loop
      vertex -6.12366 -9.6301 0
      vertex -6.2 -10.6 3
      vertex -6.2 -10.6 0
    endloop
  endfacet
  facet normal 0.996917 0.0784665 0
    outer loop
      vertex -6.12366 -11.5699 3
      vertex -6.2 -10.6 0
      vertex -6.2 -10.6 3
    endloop
  endfacet
  facet normal 0.996917 0.0784665 0
    outer loop
      vertex -6.2 -10.6 0
      vertex -6.12366 -11.5699 3
      vertex -6.12366 -11.5699 0
    endloop
  endfacet
  facet normal 0.972371 0.233441 0
    outer loop
      vertex -5.89655 -12.5159 3
      vertex -6.12366 -11.5699 0
      vertex -6.12366 -11.5699 3
    endloop
  endfacet
  facet normal 0.972371 0.233441 0
    outer loop
      vertex -6.12366 -11.5699 0
      vertex -5.89655 -12.5159 3
      vertex -5.89655 -12.5159 0
    endloop
  endfacet
  facet normal 0.923871 0.382705 0
    outer loop
      vertex -5.52423 -13.4147 3
      vertex -5.89655 -12.5159 0
      vertex -5.89655 -12.5159 3
    endloop
  endfacet
  facet normal 0.923871 0.382705 0
    outer loop
      vertex -5.89655 -12.5159 0
      vertex -5.52423 -13.4147 3
      vertex -5.52423 -13.4147 0
    endloop
  endfacet
  facet normal 0.852663 0.522462 0
    outer loop
      vertex -5.0159 -14.2443 3
      vertex -5.52423 -13.4147 0
      vertex -5.52423 -13.4147 3
    endloop
  endfacet
  facet normal 0.852663 0.522462 0
    outer loop
      vertex -5.52423 -13.4147 0
      vertex -5.0159 -14.2443 3
      vertex -5.0159 -14.2443 0
    endloop
  endfacet
  facet normal 0.760405 0.649449 0
    outer loop
      vertex -4.38405 -14.9841 3
      vertex -5.0159 -14.2443 0
      vertex -5.0159 -14.2443 3
    endloop
  endfacet
  facet normal 0.760405 0.649449 0
    outer loop
      vertex -5.0159 -14.2443 0
      vertex -4.38405 -14.9841 3
      vertex -4.38405 -14.9841 0
    endloop
  endfacet
  facet normal 0.649424 0.760426 -0
    outer loop
      vertex -3.64426 -15.6159 0
      vertex -4.38405 -14.9841 3
      vertex -3.64426 -15.6159 3
    endloop
  endfacet
  facet normal 0.649424 0.760426 0
    outer loop
      vertex -4.38405 -14.9841 3
      vertex -3.64426 -15.6159 0
      vertex -4.38405 -14.9841 0
    endloop
  endfacet
  facet normal 0.522471 0.852657 -0
    outer loop
      vertex -2.81473 -16.1242 0
      vertex -3.64426 -15.6159 3
      vertex -2.81473 -16.1242 3
    endloop
  endfacet
  facet normal 0.522471 0.852657 0
    outer loop
      vertex -3.64426 -15.6159 3
      vertex -2.81473 -16.1242 0
      vertex -3.64426 -15.6159 0
    endloop
  endfacet
  facet normal 0.382673 0.923884 -0
    outer loop
      vertex -1.91589 -16.4965 0
      vertex -2.81473 -16.1242 3
      vertex -1.91589 -16.4965 3
    endloop
  endfacet
  facet normal 0.382673 0.923884 0
    outer loop
      vertex -2.81473 -16.1242 3
      vertex -1.91589 -16.4965 0
      vertex -2.81473 -16.1242 0
    endloop
  endfacet
  facet normal 0.233526 0.972351 -0
    outer loop
      vertex -0.969879 -16.7237 0
      vertex -1.91589 -16.4965 3
      vertex -0.969879 -16.7237 3
    endloop
  endfacet
  facet normal 0.233526 0.972351 0
    outer loop
      vertex -1.91589 -16.4965 3
      vertex -0.969879 -16.7237 0
      vertex -1.91589 -16.4965 0
    endloop
  endfacet
  facet normal 0.0784273 0.99692 -0
    outer loop
      vertex 0 -16.8 0
      vertex -0.969879 -16.7237 3
      vertex 0 -16.8 3
    endloop
  endfacet
  facet normal 0.0784273 0.99692 0
    outer loop
      vertex -0.969879 -16.7237 3
      vertex 0 -16.8 0
      vertex -0.969879 -16.7237 0
    endloop
  endfacet
  facet normal -0.0784273 0.99692 0
    outer loop
      vertex 0.969879 -16.7237 0
      vertex 0 -16.8 3
      vertex 0.969879 -16.7237 3
    endloop
  endfacet
  facet normal -0.0784273 0.99692 0
    outer loop
      vertex 0 -16.8 3
      vertex 0.969879 -16.7237 0
      vertex 0 -16.8 0
    endloop
  endfacet
  facet normal -0.555611 0.831443 0
    outer loop
      vertex 26.4536 -8.70709 0
      vertex 26.1292 -8.92387 3
      vertex 26.4536 -8.70709 3
    endloop
  endfacet
  facet normal -0.555611 0.831443 0
    outer loop
      vertex 26.1292 -8.92387 3
      vertex 26.4536 -8.70709 0
      vertex 26.1292 -8.92387 0
    endloop
  endfacet
  facet normal -0.831427 0.555634 0
    outer loop
      vertex 26.4536 -8.70709 0
      vertex 26.6704 -8.38268 3
      vertex 26.6704 -8.38268 0
    endloop
  endfacet
  facet normal -0.831427 0.555634 0
    outer loop
      vertex 26.6704 -8.38268 3
      vertex 26.4536 -8.70709 0
      vertex 26.4536 -8.70709 3
    endloop
  endfacet
  facet normal -0.980795 0.195042 0
    outer loop
      vertex 26.6704 -8.38268 0
      vertex 26.7465 -8 3
      vertex 26.7465 -8 0
    endloop
  endfacet
  facet normal -0.980795 0.195042 0
    outer loop
      vertex 26.7465 -8 3
      vertex 26.6704 -8.38268 0
      vertex 26.6704 -8.38268 3
    endloop
  endfacet
  facet normal -0.980796 -0.195037 0
    outer loop
      vertex 26.7465 -8 0
      vertex 26.6704 -7.61731 3
      vertex 26.6704 -7.61731 0
    endloop
  endfacet
  facet normal -0.980796 -0.195037 0
    outer loop
      vertex 26.6704 -7.61731 3
      vertex 26.7465 -8 0
      vertex 26.7465 -8 3
    endloop
  endfacet
  facet normal -0.831435 -0.555622 0
    outer loop
      vertex 26.6704 -7.61731 0
      vertex 26.4536 -7.29289 3
      vertex 26.4536 -7.29289 0
    endloop
  endfacet
  facet normal -0.831435 -0.555622 0
    outer loop
      vertex 26.4536 -7.29289 3
      vertex 26.6704 -7.61731 0
      vertex 26.6704 -7.61731 3
    endloop
  endfacet
  facet normal -0.555611 -0.831443 0
    outer loop
      vertex 26.1292 -7.07611 0
      vertex 26.4536 -7.29289 3
      vertex 26.1292 -7.07611 3
    endloop
  endfacet
  facet normal -0.555611 -0.831443 -0
    outer loop
      vertex 26.4536 -7.29289 3
      vertex 26.1292 -7.07611 0
      vertex 26.4536 -7.29289 0
    endloop
  endfacet
  facet normal -0.195056 -0.980792 0
    outer loop
      vertex 25.7465 -7 0
      vertex 26.1292 -7.07611 3
      vertex 25.7465 -7 3
    endloop
  endfacet
  facet normal -0.195056 -0.980792 -0
    outer loop
      vertex 26.1292 -7.07611 3
      vertex 25.7465 -7 0
      vertex 26.1292 -7.07611 0
    endloop
  endfacet
  facet normal 0.195056 -0.980792 0
    outer loop
      vertex 25.3638 -7.07611 0
      vertex 25.7465 -7 3
      vertex 25.3638 -7.07611 3
    endloop
  endfacet
  facet normal 0.195056 -0.980792 0
    outer loop
      vertex 25.7465 -7 3
      vertex 25.3638 -7.07611 0
      vertex 25.7465 -7 0
    endloop
  endfacet
  facet normal 0.555611 -0.831443 0
    outer loop
      vertex 25.0394 -7.29289 0
      vertex 25.3638 -7.07611 3
      vertex 25.0394 -7.29289 3
    endloop
  endfacet
  facet normal 0.555611 -0.831443 0
    outer loop
      vertex 25.3638 -7.07611 3
      vertex 25.0394 -7.29289 0
      vertex 25.3638 -7.07611 0
    endloop
  endfacet
  facet normal 0.831435 -0.555622 0
    outer loop
      vertex 24.8226 -7.61731 3
      vertex 25.0394 -7.29289 0
      vertex 25.0394 -7.29289 3
    endloop
  endfacet
  facet normal 0.831435 -0.555622 0
    outer loop
      vertex 25.0394 -7.29289 0
      vertex 24.8226 -7.61731 3
      vertex 24.8226 -7.61731 0
    endloop
  endfacet
  facet normal 0.980796 -0.195037 0
    outer loop
      vertex 24.7465 -8 3
      vertex 24.8226 -7.61731 0
      vertex 24.8226 -7.61731 3
    endloop
  endfacet
  facet normal 0.980796 -0.195037 0
    outer loop
      vertex 24.8226 -7.61731 0
      vertex 24.7465 -8 3
      vertex 24.7465 -8 0
    endloop
  endfacet
  facet normal 0.980795 0.195042 0
    outer loop
      vertex 24.8226 -8.38268 3
      vertex 24.7465 -8 0
      vertex 24.7465 -8 3
    endloop
  endfacet
  facet normal 0.980795 0.195042 0
    outer loop
      vertex 24.7465 -8 0
      vertex 24.8226 -8.38268 3
      vertex 24.8226 -8.38268 0
    endloop
  endfacet
  facet normal 0.831427 0.555634 0
    outer loop
      vertex 25.0394 -8.70709 3
      vertex 24.8226 -8.38268 0
      vertex 24.8226 -8.38268 3
    endloop
  endfacet
  facet normal 0.831427 0.555634 0
    outer loop
      vertex 24.8226 -8.38268 0
      vertex 25.0394 -8.70709 3
      vertex 25.0394 -8.70709 0
    endloop
  endfacet
  facet normal 0.555611 0.831443 -0
    outer loop
      vertex 25.3638 -8.92387 0
      vertex 25.0394 -8.70709 3
      vertex 25.3638 -8.92387 3
    endloop
  endfacet
  facet normal 0.555611 0.831443 0
    outer loop
      vertex 25.0394 -8.70709 3
      vertex 25.3638 -8.92387 0
      vertex 25.0394 -8.70709 0
    endloop
  endfacet
  facet normal 0.195106 0.980782 -0
    outer loop
      vertex 25.7465 -9 0
      vertex 25.3638 -8.92387 3
      vertex 25.7465 -9 3
    endloop
  endfacet
  facet normal 0.195106 0.980782 0
    outer loop
      vertex 25.3638 -8.92387 3
      vertex 25.7465 -9 0
      vertex 25.3638 -8.92387 0
    endloop
  endfacet
  facet normal -0.195106 0.980782 0
    outer loop
      vertex 26.1292 -8.92387 0
      vertex 25.7465 -9 3
      vertex 26.1292 -8.92387 3
    endloop
  endfacet
  facet normal -0.195106 0.980782 0
    outer loop
      vertex 25.7465 -9 3
      vertex 26.1292 -8.92387 0
      vertex 25.7465 -9 0
    endloop
  endfacet
  facet normal -0.555611 0.831443 0
    outer loop
      vertex 30.4536 -8.70709 0
      vertex 30.1292 -8.92387 3
      vertex 30.4536 -8.70709 3
    endloop
  endfacet
  facet normal -0.555611 0.831443 0
    outer loop
      vertex 30.1292 -8.92387 3
      vertex 30.4536 -8.70709 0
      vertex 30.1292 -8.92387 0
    endloop
  endfacet
  facet normal -0.831427 0.555634 0
    outer loop
      vertex 30.4536 -8.70709 0
      vertex 30.6704 -8.38268 3
      vertex 30.6704 -8.38268 0
    endloop
  endfacet
  facet normal -0.831427 0.555634 0
    outer loop
      vertex 30.6704 -8.38268 3
      vertex 30.4536 -8.70709 0
      vertex 30.4536 -8.70709 3
    endloop
  endfacet
  facet normal -0.980795 0.195042 0
    outer loop
      vertex 30.6704 -8.38268 0
      vertex 30.7465 -8 3
      vertex 30.7465 -8 0
    endloop
  endfacet
  facet normal -0.980795 0.195042 0
    outer loop
      vertex 30.7465 -8 3
      vertex 30.6704 -8.38268 0
      vertex 30.6704 -8.38268 3
    endloop
  endfacet
  facet normal -0.980796 -0.195037 0
    outer loop
      vertex 30.7465 -8 0
      vertex 30.6704 -7.61731 3
      vertex 30.6704 -7.61731 0
    endloop
  endfacet
  facet normal -0.980796 -0.195037 0
    outer loop
      vertex 30.6704 -7.61731 3
      vertex 30.7465 -8 0
      vertex 30.7465 -8 3
    endloop
  endfacet
  facet normal -0.831435 -0.555622 0
    outer loop
      vertex 30.6704 -7.61731 0
      vertex 30.4536 -7.29289 3
      vertex 30.4536 -7.29289 0
    endloop
  endfacet
  facet normal -0.831435 -0.555622 0
    outer loop
      vertex 30.4536 -7.29289 3
      vertex 30.6704 -7.61731 0
      vertex 30.6704 -7.61731 3
    endloop
  endfacet
  facet normal -0.555611 -0.831443 0
    outer loop
      vertex 30.1292 -7.07611 0
      vertex 30.4536 -7.29289 3
      vertex 30.1292 -7.07611 3
    endloop
  endfacet
  facet normal -0.555611 -0.831443 -0
    outer loop
      vertex 30.4536 -7.29289 3
      vertex 30.1292 -7.07611 0
      vertex 30.4536 -7.29289 0
    endloop
  endfacet
  facet normal -0.195056 -0.980792 0
    outer loop
      vertex 29.7465 -7 0
      vertex 30.1292 -7.07611 3
      vertex 29.7465 -7 3
    endloop
  endfacet
  facet normal -0.195056 -0.980792 -0
    outer loop
      vertex 30.1292 -7.07611 3
      vertex 29.7465 -7 0
      vertex 30.1292 -7.07611 0
    endloop
  endfacet
  facet normal 0.195056 -0.980792 0
    outer loop
      vertex 29.3638 -7.07611 0
      vertex 29.7465 -7 3
      vertex 29.3638 -7.07611 3
    endloop
  endfacet
  facet normal 0.195056 -0.980792 0
    outer loop
      vertex 29.7465 -7 3
      vertex 29.3638 -7.07611 0
      vertex 29.7465 -7 0
    endloop
  endfacet
  facet normal 0.555611 -0.831443 0
    outer loop
      vertex 29.0394 -7.29289 0
      vertex 29.3638 -7.07611 3
      vertex 29.0394 -7.29289 3
    endloop
  endfacet
  facet normal 0.555611 -0.831443 0
    outer loop
      vertex 29.3638 -7.07611 3
      vertex 29.0394 -7.29289 0
      vertex 29.3638 -7.07611 0
    endloop
  endfacet
  facet normal 0.831435 -0.555622 0
    outer loop
      vertex 28.8226 -7.61731 3
      vertex 29.0394 -7.29289 0
      vertex 29.0394 -7.29289 3
    endloop
  endfacet
  facet normal 0.831435 -0.555622 0
    outer loop
      vertex 29.0394 -7.29289 0
      vertex 28.8226 -7.61731 3
      vertex 28.8226 -7.61731 0
    endloop
  endfacet
  facet normal 0.980796 -0.195037 0
    outer loop
      vertex 28.7465 -8 3
      vertex 28.8226 -7.61731 0
      vertex 28.8226 -7.61731 3
    endloop
  endfacet
  facet normal 0.980796 -0.195037 0
    outer loop
      vertex 28.8226 -7.61731 0
      vertex 28.7465 -8 3
      vertex 28.7465 -8 0
    endloop
  endfacet
  facet normal 0.980795 0.195042 0
    outer loop
      vertex 28.8226 -8.38268 3
      vertex 28.7465 -8 0
      vertex 28.7465 -8 3
    endloop
  endfacet
  facet normal 0.980795 0.195042 0
    outer loop
      vertex 28.7465 -8 0
      vertex 28.8226 -8.38268 3
      vertex 28.8226 -8.38268 0
    endloop
  endfacet
  facet normal 0.831427 0.555634 0
    outer loop
      vertex 29.0394 -8.70709 3
      vertex 28.8226 -8.38268 0
      vertex 28.8226 -8.38268 3
    endloop
  endfacet
  facet normal 0.831427 0.555634 0
    outer loop
      vertex 28.8226 -8.38268 0
      vertex 29.0394 -8.70709 3
      vertex 29.0394 -8.70709 0
    endloop
  endfacet
  facet normal 0.555611 0.831443 -0
    outer loop
      vertex 29.3638 -8.92387 0
      vertex 29.0394 -8.70709 3
      vertex 29.3638 -8.92387 3
    endloop
  endfacet
  facet normal 0.555611 0.831443 0
    outer loop
      vertex 29.0394 -8.70709 3
      vertex 29.3638 -8.92387 0
      vertex 29.0394 -8.70709 0
    endloop
  endfacet
  facet normal 0.195106 0.980782 -0
    outer loop
      vertex 29.7465 -9 0
      vertex 29.3638 -8.92387 3
      vertex 29.7465 -9 3
    endloop
  endfacet
  facet normal 0.195106 0.980782 0
    outer loop
      vertex 29.3638 -8.92387 3
      vertex 29.7465 -9 0
      vertex 29.3638 -8.92387 0
    endloop
  endfacet
  facet normal -0.195106 0.980782 0
    outer loop
      vertex 30.1292 -8.92387 0
      vertex 29.7465 -9 3
      vertex 30.1292 -8.92387 3
    endloop
  endfacet
  facet normal -0.195106 0.980782 0
    outer loop
      vertex 29.7465 -9 3
      vertex 30.1292 -8.92387 0
      vertex 29.7465 -9 0
    endloop
  endfacet
  facet normal -0.555611 0.831443 0
    outer loop
      vertex 34.4536 -8.70709 0
      vertex 34.1292 -8.92387 3
      vertex 34.4536 -8.70709 3
    endloop
  endfacet
  facet normal -0.555611 0.831443 0
    outer loop
      vertex 34.1292 -8.92387 3
      vertex 34.4536 -8.70709 0
      vertex 34.1292 -8.92387 0
    endloop
  endfacet
  facet normal -0.831427 0.555634 0
    outer loop
      vertex 34.4536 -8.70709 0
      vertex 34.6704 -8.38268 3
      vertex 34.6704 -8.38268 0
    endloop
  endfacet
  facet normal -0.831427 0.555634 0
    outer loop
      vertex 34.6704 -8.38268 3
      vertex 34.4536 -8.70709 0
      vertex 34.4536 -8.70709 3
    endloop
  endfacet
  facet normal -0.980795 0.195042 0
    outer loop
      vertex 34.6704 -8.38268 0
      vertex 34.7465 -8 3
      vertex 34.7465 -8 0
    endloop
  endfacet
  facet normal -0.980795 0.195042 0
    outer loop
      vertex 34.7465 -8 3
      vertex 34.6704 -8.38268 0
      vertex 34.6704 -8.38268 3
    endloop
  endfacet
  facet normal -0.980796 -0.195037 0
    outer loop
      vertex 34.7465 -8 0
      vertex 34.6704 -7.61731 3
      vertex 34.6704 -7.61731 0
    endloop
  endfacet
  facet normal -0.980796 -0.195037 0
    outer loop
      vertex 34.6704 -7.61731 3
      vertex 34.7465 -8 0
      vertex 34.7465 -8 3
    endloop
  endfacet
  facet normal -0.831435 -0.555622 0
    outer loop
      vertex 34.6704 -7.61731 0
      vertex 34.4536 -7.29289 3
      vertex 34.4536 -7.29289 0
    endloop
  endfacet
  facet normal -0.831435 -0.555622 0
    outer loop
      vertex 34.4536 -7.29289 3
      vertex 34.6704 -7.61731 0
      vertex 34.6704 -7.61731 3
    endloop
  endfacet
  facet normal -0.555611 -0.831443 0
    outer loop
      vertex 34.1292 -7.07611 0
      vertex 34.4536 -7.29289 3
      vertex 34.1292 -7.07611 3
    endloop
  endfacet
  facet normal -0.555611 -0.831443 -0
    outer loop
      vertex 34.4536 -7.29289 3
      vertex 34.1292 -7.07611 0
      vertex 34.4536 -7.29289 0
    endloop
  endfacet
  facet normal -0.195056 -0.980792 0
    outer loop
      vertex 33.7465 -7 0
      vertex 34.1292 -7.07611 3
      vertex 33.7465 -7 3
    endloop
  endfacet
  facet normal -0.195056 -0.980792 -0
    outer loop
      vertex 34.1292 -7.07611 3
      vertex 33.7465 -7 0
      vertex 34.1292 -7.07611 0
    endloop
  endfacet
  facet normal 0.195056 -0.980792 0
    outer loop
      vertex 33.3638 -7.07611 0
      vertex 33.7465 -7 3
      vertex 33.3638 -7.07611 3
    endloop
  endfacet
  facet normal 0.195056 -0.980792 0
    outer loop
      vertex 33.7465 -7 3
      vertex 33.3638 -7.07611 0
      vertex 33.7465 -7 0
    endloop
  endfacet
  facet normal 0.555611 -0.831443 0
    outer loop
      vertex 33.0394 -7.29289 0
      vertex 33.3638 -7.07611 3
      vertex 33.0394 -7.29289 3
    endloop
  endfacet
  facet normal 0.555611 -0.831443 0
    outer loop
      vertex 33.3638 -7.07611 3
      vertex 33.0394 -7.29289 0
      vertex 33.3638 -7.07611 0
    endloop
  endfacet
  facet normal 0.831435 -0.555622 0
    outer loop
      vertex 32.8226 -7.61731 3
      vertex 33.0394 -7.29289 0
      vertex 33.0394 -7.29289 3
    endloop
  endfacet
  facet normal 0.831435 -0.555622 0
    outer loop
      vertex 33.0394 -7.29289 0
      vertex 32.8226 -7.61731 3
      vertex 32.8226 -7.61731 0
    endloop
  endfacet
  facet normal 0.980796 -0.195037 0
    outer loop
      vertex 32.7465 -8 3
      vertex 32.8226 -7.61731 0
      vertex 32.8226 -7.61731 3
    endloop
  endfacet
  facet normal 0.980796 -0.195037 0
    outer loop
      vertex 32.8226 -7.61731 0
      vertex 32.7465 -8 3
      vertex 32.7465 -8 0
    endloop
  endfacet
  facet normal 0.980795 0.195042 0
    outer loop
      vertex 32.8226 -8.38268 3
      vertex 32.7465 -8 0
      vertex 32.7465 -8 3
    endloop
  endfacet
  facet normal 0.980795 0.195042 0
    outer loop
      vertex 32.7465 -8 0
      vertex 32.8226 -8.38268 3
      vertex 32.8226 -8.38268 0
    endloop
  endfacet
  facet normal 0.831427 0.555634 0
    outer loop
      vertex 33.0394 -8.70709 3
      vertex 32.8226 -8.38268 0
      vertex 32.8226 -8.38268 3
    endloop
  endfacet
  facet normal 0.831427 0.555634 0
    outer loop
      vertex 32.8226 -8.38268 0
      vertex 33.0394 -8.70709 3
      vertex 33.0394 -8.70709 0
    endloop
  endfacet
  facet normal 0.555611 0.831443 -0
    outer loop
      vertex 33.3638 -8.92387 0
      vertex 33.0394 -8.70709 3
      vertex 33.3638 -8.92387 3
    endloop
  endfacet
  facet normal 0.555611 0.831443 0
    outer loop
      vertex 33.0394 -8.70709 3
      vertex 33.3638 -8.92387 0
      vertex 33.0394 -8.70709 0
    endloop
  endfacet
  facet normal 0.195106 0.980782 -0
    outer loop
      vertex 33.7465 -9 0
      vertex 33.3638 -8.92387 3
      vertex 33.7465 -9 3
    endloop
  endfacet
  facet normal 0.195106 0.980782 0
    outer loop
      vertex 33.3638 -8.92387 3
      vertex 33.7465 -9 0
      vertex 33.3638 -8.92387 0
    endloop
  endfacet
  facet normal -0.195106 0.980782 0
    outer loop
      vertex 34.1292 -8.92387 0
      vertex 33.7465 -9 3
      vertex 34.1292 -8.92387 3
    endloop
  endfacet
  facet normal -0.195106 0.980782 0
    outer loop
      vertex 33.7465 -9 3
      vertex 34.1292 -8.92387 0
      vertex 33.7465 -9 0
    endloop
  endfacet
  facet normal -0.233528 0.97235 0
    outer loop
      vertex -17.0841 -35.4965 0
      vertex -18.0301 -35.7237 3
      vertex -17.0841 -35.4965 3
    endloop
  endfacet
  facet normal -0.233528 0.97235 0
    outer loop
      vertex -18.0301 -35.7237 3
      vertex -17.0841 -35.4965 0
      vertex -18.0301 -35.7237 0
    endloop
  endfacet
  facet normal -0.382688 0.923878 0
    outer loop
      vertex -16.1853 -35.1242 0
      vertex -17.0841 -35.4965 3
      vertex -16.1853 -35.1242 3
    endloop
  endfacet
  facet normal -0.382688 0.923878 0
    outer loop
      vertex -17.0841 -35.4965 3
      vertex -16.1853 -35.1242 0
      vertex -17.0841 -35.4965 0
    endloop
  endfacet
  facet normal -0.522439 0.852677 0
    outer loop
      vertex -15.3557 -34.6159 0
      vertex -16.1853 -35.1242 3
      vertex -15.3557 -34.6159 3
    endloop
  endfacet
  facet normal -0.522439 0.852677 0
    outer loop
      vertex -16.1853 -35.1242 3
      vertex -15.3557 -34.6159 0
      vertex -16.1853 -35.1242 0
    endloop
  endfacet
  facet normal -0.649419 0.760431 0
    outer loop
      vertex -14.6159 -33.9841 0
      vertex -15.3557 -34.6159 3
      vertex -14.6159 -33.9841 3
    endloop
  endfacet
  facet normal -0.649419 0.760431 0
    outer loop
      vertex -15.3557 -34.6159 3
      vertex -14.6159 -33.9841 0
      vertex -15.3557 -34.6159 0
    endloop
  endfacet
  facet normal -0.760431 0.649419 0
    outer loop
      vertex -14.6159 -33.9841 0
      vertex -13.9841 -33.2443 3
      vertex -13.9841 -33.2443 0
    endloop
  endfacet
  facet normal -0.760431 0.649419 0
    outer loop
      vertex -13.9841 -33.2443 3
      vertex -14.6159 -33.9841 0
      vertex -14.6159 -33.9841 3
    endloop
  endfacet
  facet normal -0.852677 0.522439 0
    outer loop
      vertex -13.9841 -33.2443 0
      vertex -13.4758 -32.4147 3
      vertex -13.4758 -32.4147 0
    endloop
  endfacet
  facet normal -0.852677 0.522439 0
    outer loop
      vertex -13.4758 -32.4147 3
      vertex -13.9841 -33.2443 0
      vertex -13.9841 -33.2443 3
    endloop
  endfacet
  facet normal -0.923841 0.382775 0
    outer loop
      vertex -13.4758 -32.4147 0
      vertex -13.1034 -31.5159 3
      vertex -13.1034 -31.5159 0
    endloop
  endfacet
  facet normal -0.923841 0.382775 0
    outer loop
      vertex -13.1034 -31.5159 3
      vertex -13.4758 -32.4147 0
      vertex -13.4758 -32.4147 3
    endloop
  endfacet
  facet normal -0.972373 0.233431 0
    outer loop
      vertex -13.1034 -31.5159 0
      vertex -12.8763 -30.5699 3
      vertex -12.8763 -30.5699 0
    endloop
  endfacet
  facet normal -0.972373 0.233431 0
    outer loop
      vertex -12.8763 -30.5699 3
      vertex -13.1034 -31.5159 0
      vertex -13.1034 -31.5159 3
    endloop
  endfacet
  facet normal -0.99692 0.0784256 0
    outer loop
      vertex -12.8763 -30.5699 0
      vertex -12.8 -29.6 3
      vertex -12.8 -29.6 0
    endloop
  endfacet
  facet normal -0.99692 0.0784256 0
    outer loop
      vertex -12.8 -29.6 3
      vertex -12.8763 -30.5699 0
      vertex -12.8763 -30.5699 3
    endloop
  endfacet
  facet normal -0.99692 -0.0784256 0
    outer loop
      vertex -12.8 -29.6 0
      vertex -12.8763 -28.6301 3
      vertex -12.8763 -28.6301 0
    endloop
  endfacet
  facet normal -0.99692 -0.0784256 0
    outer loop
      vertex -12.8763 -28.6301 3
      vertex -12.8 -29.6 0
      vertex -12.8 -29.6 3
    endloop
  endfacet
  facet normal -0.972373 -0.233431 0
    outer loop
      vertex -12.8763 -28.6301 0
      vertex -13.1034 -27.6841 3
      vertex -13.1034 -27.6841 0
    endloop
  endfacet
  facet normal -0.972373 -0.233431 0
    outer loop
      vertex -13.1034 -27.6841 3
      vertex -12.8763 -28.6301 0
      vertex -12.8763 -28.6301 3
    endloop
  endfacet
  facet normal -0.923856 -0.382739 0
    outer loop
      vertex -13.1034 -27.6841 0
      vertex -13.4758 -26.7852 3
      vertex -13.4758 -26.7852 0
    endloop
  endfacet
  facet normal -0.923856 -0.382739 0
    outer loop
      vertex -13.4758 -26.7852 3
      vertex -13.1034 -27.6841 0
      vertex -13.1034 -27.6841 3
    endloop
  endfacet
  facet normal -0.852649 -0.522485 0
    outer loop
      vertex -13.4758 -26.7852 0
      vertex -13.9841 -25.9557 3
      vertex -13.9841 -25.9557 0
    endloop
  endfacet
  facet normal -0.852649 -0.522485 0
    outer loop
      vertex -13.9841 -25.9557 3
      vertex -13.4758 -26.7852 0
      vertex -13.4758 -26.7852 3
    endloop
  endfacet
  facet normal -0.760431 -0.649419 0
    outer loop
      vertex -13.9841 -25.9557 0
      vertex -14.6159 -25.2159 3
      vertex -14.6159 -25.2159 0
    endloop
  endfacet
  facet normal -0.760431 -0.649419 0
    outer loop
      vertex -14.6159 -25.2159 3
      vertex -13.9841 -25.9557 0
      vertex -13.9841 -25.9557 3
    endloop
  endfacet
  facet normal -0.649419 -0.760431 0
    outer loop
      vertex -15.3557 -24.5841 0
      vertex -14.6159 -25.2159 3
      vertex -15.3557 -24.5841 3
    endloop
  endfacet
  facet normal -0.649419 -0.760431 -0
    outer loop
      vertex -14.6159 -25.2159 3
      vertex -15.3557 -24.5841 0
      vertex -14.6159 -25.2159 0
    endloop
  endfacet
  facet normal -0.522514 -0.852631 0
    outer loop
      vertex -16.1853 -24.0757 0
      vertex -15.3557 -24.5841 3
      vertex -16.1853 -24.0757 3
    endloop
  endfacet
  facet normal -0.522514 -0.852631 -0
    outer loop
      vertex -15.3557 -24.5841 3
      vertex -16.1853 -24.0757 0
      vertex -15.3557 -24.5841 0
    endloop
  endfacet
  facet normal -0.382688 -0.923878 0
    outer loop
      vertex -17.0841 -23.7034 0
      vertex -16.1853 -24.0757 3
      vertex -17.0841 -23.7034 3
    endloop
  endfacet
  facet normal -0.382688 -0.923878 -0
    outer loop
      vertex -16.1853 -24.0757 3
      vertex -17.0841 -23.7034 0
      vertex -16.1853 -24.0757 0
    endloop
  endfacet
  facet normal -0.233431 -0.972373 0
    outer loop
      vertex -18.0301 -23.4763 0
      vertex -17.0841 -23.7034 3
      vertex -18.0301 -23.4763 3
    endloop
  endfacet
  facet normal -0.233431 -0.972373 -0
    outer loop
      vertex -17.0841 -23.7034 3
      vertex -18.0301 -23.4763 0
      vertex -17.0841 -23.7034 0
    endloop
  endfacet
  facet normal -0.0784256 -0.99692 0
    outer loop
      vertex -19 -23.4 0
      vertex -18.0301 -23.4763 3
      vertex -19 -23.4 3
    endloop
  endfacet
  facet normal -0.0784256 -0.99692 -0
    outer loop
      vertex -18.0301 -23.4763 3
      vertex -19 -23.4 0
      vertex -18.0301 -23.4763 0
    endloop
  endfacet
  facet normal 0.0784256 -0.99692 0
    outer loop
      vertex -19.9699 -23.4763 0
      vertex -19 -23.4 3
      vertex -19.9699 -23.4763 3
    endloop
  endfacet
  facet normal 0.0784256 -0.99692 0
    outer loop
      vertex -19 -23.4 3
      vertex -19.9699 -23.4763 0
      vertex -19 -23.4 0
    endloop
  endfacet
  facet normal 0.233431 -0.972373 0
    outer loop
      vertex -20.9159 -23.7034 0
      vertex -19.9699 -23.4763 3
      vertex -20.9159 -23.7034 3
    endloop
  endfacet
  facet normal 0.233431 -0.972373 0
    outer loop
      vertex -19.9699 -23.4763 3
      vertex -20.9159 -23.7034 0
      vertex -19.9699 -23.4763 0
    endloop
  endfacet
  facet normal 0.382688 -0.923878 0
    outer loop
      vertex -21.8147 -24.0757 0
      vertex -20.9159 -23.7034 3
      vertex -21.8147 -24.0757 3
    endloop
  endfacet
  facet normal 0.382688 -0.923878 0
    outer loop
      vertex -20.9159 -23.7034 3
      vertex -21.8147 -24.0757 0
      vertex -20.9159 -23.7034 0
    endloop
  endfacet
  facet normal 0.522514 -0.852631 0
    outer loop
      vertex -22.6443 -24.5841 0
      vertex -21.8147 -24.0757 3
      vertex -22.6443 -24.5841 3
    endloop
  endfacet
  facet normal 0.522514 -0.852631 0
    outer loop
      vertex -21.8147 -24.0757 3
      vertex -22.6443 -24.5841 0
      vertex -21.8147 -24.0757 0
    endloop
  endfacet
  facet normal 0.64947 -0.760387 0
    outer loop
      vertex -23.384 -25.2159 0
      vertex -22.6443 -24.5841 3
      vertex -23.384 -25.2159 3
    endloop
  endfacet
  facet normal 0.64947 -0.760387 0
    outer loop
      vertex -22.6443 -24.5841 3
      vertex -23.384 -25.2159 0
      vertex -22.6443 -24.5841 0
    endloop
  endfacet
  facet normal 0.76038 -0.649478 0
    outer loop
      vertex -24.0159 -25.9557 3
      vertex -23.384 -25.2159 0
      vertex -23.384 -25.2159 3
    endloop
  endfacet
  facet normal 0.76038 -0.649478 0
    outer loop
      vertex -23.384 -25.2159 0
      vertex -24.0159 -25.9557 3
      vertex -24.0159 -25.9557 0
    endloop
  endfacet
  facet normal 0.852649 -0.522485 0
    outer loop
      vertex -24.5242 -26.7852 3
      vertex -24.0159 -25.9557 0
      vertex -24.0159 -25.9557 3
    endloop
  endfacet
  facet normal 0.852649 -0.522485 0
    outer loop
      vertex -24.0159 -25.9557 0
      vertex -24.5242 -26.7852 3
      vertex -24.5242 -26.7852 0
    endloop
  endfacet
  facet normal 0.923893 -0.382651 0
    outer loop
      vertex -24.8965 -27.6841 3
      vertex -24.5242 -26.7852 0
      vertex -24.5242 -26.7852 3
    endloop
  endfacet
  facet normal 0.923893 -0.382651 0
    outer loop
      vertex -24.5242 -26.7852 0
      vertex -24.8965 -27.6841 3
      vertex -24.8965 -27.6841 0
    endloop
  endfacet
  facet normal 0.97235 -0.233528 0
    outer loop
      vertex -25.1237 -28.6301 3
      vertex -24.8965 -27.6841 0
      vertex -24.8965 -27.6841 3
    endloop
  endfacet
  facet normal 0.97235 -0.233528 0
    outer loop
      vertex -24.8965 -27.6841 0
      vertex -25.1237 -28.6301 3
      vertex -25.1237 -28.6301 0
    endloop
  endfacet
  facet normal 0.99692 -0.0784256 0
    outer loop
      vertex -25.2 -29.6 3
      vertex -25.1237 -28.6301 0
      vertex -25.1237 -28.6301 3
    endloop
  endfacet
  facet normal 0.99692 -0.0784256 0
    outer loop
      vertex -25.1237 -28.6301 0
      vertex -25.2 -29.6 3
      vertex -25.2 -29.6 0
    endloop
  endfacet
  facet normal 0.99692 0.0784256 0
    outer loop
      vertex -25.1237 -30.5699 3
      vertex -25.2 -29.6 0
      vertex -25.2 -29.6 3
    endloop
  endfacet
  facet normal 0.99692 0.0784256 0
    outer loop
      vertex -25.2 -29.6 0
      vertex -25.1237 -30.5699 3
      vertex -25.1237 -30.5699 0
    endloop
  endfacet
  facet normal 0.97235 0.233528 0
    outer loop
      vertex -24.8965 -31.5159 3
      vertex -25.1237 -30.5699 0
      vertex -25.1237 -30.5699 3
    endloop
  endfacet
  facet normal 0.97235 0.233528 0
    outer loop
      vertex -25.1237 -30.5699 0
      vertex -24.8965 -31.5159 3
      vertex -24.8965 -31.5159 0
    endloop
  endfacet
  facet normal 0.923878 0.382688 0
    outer loop
      vertex -24.5242 -32.4147 3
      vertex -24.8965 -31.5159 0
      vertex -24.8965 -31.5159 3
    endloop
  endfacet
  facet normal 0.923878 0.382688 0
    outer loop
      vertex -24.8965 -31.5159 0
      vertex -24.5242 -32.4147 3
      vertex -24.5242 -32.4147 0
    endloop
  endfacet
  facet normal 0.852677 0.522439 0
    outer loop
      vertex -24.0159 -33.2443 3
      vertex -24.5242 -32.4147 0
      vertex -24.5242 -32.4147 3
    endloop
  endfacet
  facet normal 0.852677 0.522439 0
    outer loop
      vertex -24.5242 -32.4147 0
      vertex -24.0159 -33.2443 3
      vertex -24.0159 -33.2443 0
    endloop
  endfacet
  facet normal 0.76038 0.649478 0
    outer loop
      vertex -23.384 -33.9841 3
      vertex -24.0159 -33.2443 0
      vertex -24.0159 -33.2443 3
    endloop
  endfacet
  facet normal 0.76038 0.649478 0
    outer loop
      vertex -24.0159 -33.2443 0
      vertex -23.384 -33.9841 3
      vertex -23.384 -33.9841 0
    endloop
  endfacet
  facet normal 0.64947 0.760387 -0
    outer loop
      vertex -22.6443 -34.6159 0
      vertex -23.384 -33.9841 3
      vertex -22.6443 -34.6159 3
    endloop
  endfacet
  facet normal 0.64947 0.760387 0
    outer loop
      vertex -23.384 -33.9841 3
      vertex -22.6443 -34.6159 0
      vertex -23.384 -33.9841 0
    endloop
  endfacet
  facet normal 0.522439 0.852677 -0
    outer loop
      vertex -21.8147 -35.1242 0
      vertex -22.6443 -34.6159 3
      vertex -21.8147 -35.1242 3
    endloop
  endfacet
  facet normal 0.522439 0.852677 0
    outer loop
      vertex -22.6443 -34.6159 3
      vertex -21.8147 -35.1242 0
      vertex -22.6443 -34.6159 0
    endloop
  endfacet
  facet normal 0.382688 0.923878 -0
    outer loop
      vertex -20.9159 -35.4965 0
      vertex -21.8147 -35.1242 3
      vertex -20.9159 -35.4965 3
    endloop
  endfacet
  facet normal 0.382688 0.923878 0
    outer loop
      vertex -21.8147 -35.1242 3
      vertex -20.9159 -35.4965 0
      vertex -21.8147 -35.1242 0
    endloop
  endfacet
  facet normal 0.233528 0.97235 -0
    outer loop
      vertex -19.9699 -35.7237 0
      vertex -20.9159 -35.4965 3
      vertex -19.9699 -35.7237 3
    endloop
  endfacet
  facet normal 0.233528 0.97235 0
    outer loop
      vertex -20.9159 -35.4965 3
      vertex -19.9699 -35.7237 0
      vertex -20.9159 -35.4965 0
    endloop
  endfacet
  facet normal 0.0784256 0.99692 -0
    outer loop
      vertex -19 -35.8 0
      vertex -19.9699 -35.7237 3
      vertex -19 -35.8 3
    endloop
  endfacet
  facet normal 0.0784256 0.99692 0
    outer loop
      vertex -19.9699 -35.7237 3
      vertex -19 -35.8 0
      vertex -19.9699 -35.7237 0
    endloop
  endfacet
  facet normal -0.0784256 0.99692 0
    outer loop
      vertex -18.0301 -35.7237 0
      vertex -19 -35.8 3
      vertex -18.0301 -35.7237 3
    endloop
  endfacet
  facet normal -0.0784256 0.99692 0
    outer loop
      vertex -19 -35.8 3
      vertex -18.0301 -35.7237 0
      vertex -19 -35.8 0
    endloop
  endfacet
  facet normal -0.233528 0.97235 0
    outer loop
      vertex 20.9159 -35.4965 0
      vertex 19.9699 -35.7237 3
      vertex 20.9159 -35.4965 3
    endloop
  endfacet
  facet normal -0.233528 0.97235 0
    outer loop
      vertex 19.9699 -35.7237 3
      vertex 20.9159 -35.4965 0
      vertex 19.9699 -35.7237 0
    endloop
  endfacet
  facet normal -0.382688 0.923878 0
    outer loop
      vertex 21.8147 -35.1242 0
      vertex 20.9159 -35.4965 3
      vertex 21.8147 -35.1242 3
    endloop
  endfacet
  facet normal -0.382688 0.923878 0
    outer loop
      vertex 20.9159 -35.4965 3
      vertex 21.8147 -35.1242 0
      vertex 20.9159 -35.4965 0
    endloop
  endfacet
  facet normal -0.522439 0.852677 0
    outer loop
      vertex 22.6443 -34.6159 0
      vertex 21.8147 -35.1242 3
      vertex 22.6443 -34.6159 3
    endloop
  endfacet
  facet normal -0.522439 0.852677 0
    outer loop
      vertex 21.8147 -35.1242 3
      vertex 22.6443 -34.6159 0
      vertex 21.8147 -35.1242 0
    endloop
  endfacet
  facet normal -0.64947 0.760387 0
    outer loop
      vertex 23.384 -33.9841 0
      vertex 22.6443 -34.6159 3
      vertex 23.384 -33.9841 3
    endloop
  endfacet
  facet normal -0.64947 0.760387 0
    outer loop
      vertex 22.6443 -34.6159 3
      vertex 23.384 -33.9841 0
      vertex 22.6443 -34.6159 0
    endloop
  endfacet
  facet normal -0.76038 0.649478 0
    outer loop
      vertex 23.384 -33.9841 0
      vertex 24.0159 -33.2443 3
      vertex 24.0159 -33.2443 0
    endloop
  endfacet
  facet normal -0.76038 0.649478 0
    outer loop
      vertex 24.0159 -33.2443 3
      vertex 23.384 -33.9841 0
      vertex 23.384 -33.9841 3
    endloop
  endfacet
  facet normal -0.852677 0.522439 0
    outer loop
      vertex 24.0159 -33.2443 0
      vertex 24.5242 -32.4147 3
      vertex 24.5242 -32.4147 0
    endloop
  endfacet
  facet normal -0.852677 0.522439 0
    outer loop
      vertex 24.5242 -32.4147 3
      vertex 24.0159 -33.2443 0
      vertex 24.0159 -33.2443 3
    endloop
  endfacet
  facet normal -0.923878 0.382688 0
    outer loop
      vertex 24.5242 -32.4147 0
      vertex 24.8965 -31.5159 3
      vertex 24.8965 -31.5159 0
    endloop
  endfacet
  facet normal -0.923878 0.382688 0
    outer loop
      vertex 24.8965 -31.5159 3
      vertex 24.5242 -32.4147 0
      vertex 24.5242 -32.4147 3
    endloop
  endfacet
  facet normal -0.97235 0.233528 0
    outer loop
      vertex 24.8965 -31.5159 0
      vertex 25.1237 -30.5699 3
      vertex 25.1237 -30.5699 0
    endloop
  endfacet
  facet normal -0.97235 0.233528 0
    outer loop
      vertex 25.1237 -30.5699 3
      vertex 24.8965 -31.5159 0
      vertex 24.8965 -31.5159 3
    endloop
  endfacet
  facet normal -0.99692 0.0784256 0
    outer loop
      vertex 25.1237 -30.5699 0
      vertex 25.2 -29.6 3
      vertex 25.2 -29.6 0
    endloop
  endfacet
  facet normal -0.99692 0.0784256 0
    outer loop
      vertex 25.2 -29.6 3
      vertex 25.1237 -30.5699 0
      vertex 25.1237 -30.5699 3
    endloop
  endfacet
  facet normal -0.99692 -0.0784256 0
    outer loop
      vertex 25.2 -29.6 0
      vertex 25.1237 -28.6301 3
      vertex 25.1237 -28.6301 0
    endloop
  endfacet
  facet normal -0.99692 -0.0784256 0
    outer loop
      vertex 25.1237 -28.6301 3
      vertex 25.2 -29.6 0
      vertex 25.2 -29.6 3
    endloop
  endfacet
  facet normal -0.97235 -0.233528 0
    outer loop
      vertex 25.1237 -28.6301 0
      vertex 24.8965 -27.6841 3
      vertex 24.8965 -27.6841 0
    endloop
  endfacet
  facet normal -0.97235 -0.233528 0
    outer loop
      vertex 24.8965 -27.6841 3
      vertex 25.1237 -28.6301 0
      vertex 25.1237 -28.6301 3
    endloop
  endfacet
  facet normal -0.923893 -0.382651 0
    outer loop
      vertex 24.8965 -27.6841 0
      vertex 24.5242 -26.7852 3
      vertex 24.5242 -26.7852 0
    endloop
  endfacet
  facet normal -0.923893 -0.382651 0
    outer loop
      vertex 24.5242 -26.7852 3
      vertex 24.8965 -27.6841 0
      vertex 24.8965 -27.6841 3
    endloop
  endfacet
  facet normal -0.852649 -0.522485 0
    outer loop
      vertex 24.5242 -26.7852 0
      vertex 24.0159 -25.9557 3
      vertex 24.0159 -25.9557 0
    endloop
  endfacet
  facet normal -0.852649 -0.522485 0
    outer loop
      vertex 24.0159 -25.9557 3
      vertex 24.5242 -26.7852 0
      vertex 24.5242 -26.7852 3
    endloop
  endfacet
  facet normal -0.76038 -0.649478 0
    outer loop
      vertex 24.0159 -25.9557 0
      vertex 23.384 -25.2159 3
      vertex 23.384 -25.2159 0
    endloop
  endfacet
  facet normal -0.76038 -0.649478 0
    outer loop
      vertex 23.384 -25.2159 3
      vertex 24.0159 -25.9557 0
      vertex 24.0159 -25.9557 3
    endloop
  endfacet
  facet normal -0.64947 -0.760387 0
    outer loop
      vertex 22.6443 -24.5841 0
      vertex 23.384 -25.2159 3
      vertex 22.6443 -24.5841 3
    endloop
  endfacet
  facet normal -0.64947 -0.760387 -0
    outer loop
      vertex 23.384 -25.2159 3
      vertex 22.6443 -24.5841 0
      vertex 23.384 -25.2159 0
    endloop
  endfacet
  facet normal -0.522514 -0.852631 0
    outer loop
      vertex 21.8147 -24.0757 0
      vertex 22.6443 -24.5841 3
      vertex 21.8147 -24.0757 3
    endloop
  endfacet
  facet normal -0.522514 -0.852631 -0
    outer loop
      vertex 22.6443 -24.5841 3
      vertex 21.8147 -24.0757 0
      vertex 22.6443 -24.5841 0
    endloop
  endfacet
  facet normal -0.382688 -0.923878 0
    outer loop
      vertex 20.9159 -23.7034 0
      vertex 21.8147 -24.0757 3
      vertex 20.9159 -23.7034 3
    endloop
  endfacet
  facet normal -0.382688 -0.923878 -0
    outer loop
      vertex 21.8147 -24.0757 3
      vertex 20.9159 -23.7034 0
      vertex 21.8147 -24.0757 0
    endloop
  endfacet
  facet normal -0.233431 -0.972373 0
    outer loop
      vertex 19.9699 -23.4763 0
      vertex 20.9159 -23.7034 3
      vertex 19.9699 -23.4763 3
    endloop
  endfacet
  facet normal -0.233431 -0.972373 -0
    outer loop
      vertex 20.9159 -23.7034 3
      vertex 19.9699 -23.4763 0
      vertex 20.9159 -23.7034 0
    endloop
  endfacet
  facet normal -0.0784256 -0.99692 0
    outer loop
      vertex 19 -23.4 0
      vertex 19.9699 -23.4763 3
      vertex 19 -23.4 3
    endloop
  endfacet
  facet normal -0.0784256 -0.99692 -0
    outer loop
      vertex 19.9699 -23.4763 3
      vertex 19 -23.4 0
      vertex 19.9699 -23.4763 0
    endloop
  endfacet
  facet normal 0.0784256 -0.99692 0
    outer loop
      vertex 18.0301 -23.4763 0
      vertex 19 -23.4 3
      vertex 18.0301 -23.4763 3
    endloop
  endfacet
  facet normal 0.0784256 -0.99692 0
    outer loop
      vertex 19 -23.4 3
      vertex 18.0301 -23.4763 0
      vertex 19 -23.4 0
    endloop
  endfacet
  facet normal 0.233431 -0.972373 0
    outer loop
      vertex 17.0841 -23.7034 0
      vertex 18.0301 -23.4763 3
      vertex 17.0841 -23.7034 3
    endloop
  endfacet
  facet normal 0.233431 -0.972373 0
    outer loop
      vertex 18.0301 -23.4763 3
      vertex 17.0841 -23.7034 0
      vertex 18.0301 -23.4763 0
    endloop
  endfacet
  facet normal 0.382688 -0.923878 0
    outer loop
      vertex 16.1853 -24.0757 0
      vertex 17.0841 -23.7034 3
      vertex 16.1853 -24.0757 3
    endloop
  endfacet
  facet normal 0.382688 -0.923878 0
    outer loop
      vertex 17.0841 -23.7034 3
      vertex 16.1853 -24.0757 0
      vertex 17.0841 -23.7034 0
    endloop
  endfacet
  facet normal 0.522514 -0.852631 0
    outer loop
      vertex 15.3557 -24.5841 0
      vertex 16.1853 -24.0757 3
      vertex 15.3557 -24.5841 3
    endloop
  endfacet
  facet normal 0.522514 -0.852631 0
    outer loop
      vertex 16.1853 -24.0757 3
      vertex 15.3557 -24.5841 0
      vertex 16.1853 -24.0757 0
    endloop
  endfacet
  facet normal 0.649419 -0.760431 0
    outer loop
      vertex 14.6159 -25.2159 0
      vertex 15.3557 -24.5841 3
      vertex 14.6159 -25.2159 3
    endloop
  endfacet
  facet normal 0.649419 -0.760431 0
    outer loop
      vertex 15.3557 -24.5841 3
      vertex 14.6159 -25.2159 0
      vertex 15.3557 -24.5841 0
    endloop
  endfacet
  facet normal 0.760431 -0.649419 0
    outer loop
      vertex 13.9841 -25.9557 3
      vertex 14.6159 -25.2159 0
      vertex 14.6159 -25.2159 3
    endloop
  endfacet
  facet normal 0.760431 -0.649419 0
    outer loop
      vertex 14.6159 -25.2159 0
      vertex 13.9841 -25.9557 3
      vertex 13.9841 -25.9557 0
    endloop
  endfacet
  facet normal 0.852649 -0.522485 0
    outer loop
      vertex 13.4758 -26.7852 3
      vertex 13.9841 -25.9557 0
      vertex 13.9841 -25.9557 3
    endloop
  endfacet
  facet normal 0.852649 -0.522485 0
    outer loop
      vertex 13.9841 -25.9557 0
      vertex 13.4758 -26.7852 3
      vertex 13.4758 -26.7852 0
    endloop
  endfacet
  facet normal 0.923856 -0.382739 0
    outer loop
      vertex 13.1034 -27.6841 3
      vertex 13.4758 -26.7852 0
      vertex 13.4758 -26.7852 3
    endloop
  endfacet
  facet normal 0.923856 -0.382739 0
    outer loop
      vertex 13.4758 -26.7852 0
      vertex 13.1034 -27.6841 3
      vertex 13.1034 -27.6841 0
    endloop
  endfacet
  facet normal 0.972373 -0.233431 0
    outer loop
      vertex 12.8763 -28.6301 3
      vertex 13.1034 -27.6841 0
      vertex 13.1034 -27.6841 3
    endloop
  endfacet
  facet normal 0.972373 -0.233431 0
    outer loop
      vertex 13.1034 -27.6841 0
      vertex 12.8763 -28.6301 3
      vertex 12.8763 -28.6301 0
    endloop
  endfacet
  facet normal 0.99692 -0.0784256 0
    outer loop
      vertex 12.8 -29.6 3
      vertex 12.8763 -28.6301 0
      vertex 12.8763 -28.6301 3
    endloop
  endfacet
  facet normal 0.99692 -0.0784256 0
    outer loop
      vertex 12.8763 -28.6301 0
      vertex 12.8 -29.6 3
      vertex 12.8 -29.6 0
    endloop
  endfacet
  facet normal 0.99692 0.0784256 0
    outer loop
      vertex 12.8763 -30.5699 3
      vertex 12.8 -29.6 0
      vertex 12.8 -29.6 3
    endloop
  endfacet
  facet normal 0.99692 0.0784256 0
    outer loop
      vertex 12.8 -29.6 0
      vertex 12.8763 -30.5699 3
      vertex 12.8763 -30.5699 0
    endloop
  endfacet
  facet normal 0.972373 0.233431 0
    outer loop
      vertex 13.1034 -31.5159 3
      vertex 12.8763 -30.5699 0
      vertex 12.8763 -30.5699 3
    endloop
  endfacet
  facet normal 0.972373 0.233431 0
    outer loop
      vertex 12.8763 -30.5699 0
      vertex 13.1034 -31.5159 3
      vertex 13.1034 -31.5159 0
    endloop
  endfacet
  facet normal 0.923841 0.382775 0
    outer loop
      vertex 13.4758 -32.4147 3
      vertex 13.1034 -31.5159 0
      vertex 13.1034 -31.5159 3
    endloop
  endfacet
  facet normal 0.923841 0.382775 0
    outer loop
      vertex 13.1034 -31.5159 0
      vertex 13.4758 -32.4147 3
      vertex 13.4758 -32.4147 0
    endloop
  endfacet
  facet normal 0.852677 0.522439 0
    outer loop
      vertex 13.9841 -33.2443 3
      vertex 13.4758 -32.4147 0
      vertex 13.4758 -32.4147 3
    endloop
  endfacet
  facet normal 0.852677 0.522439 0
    outer loop
      vertex 13.4758 -32.4147 0
      vertex 13.9841 -33.2443 3
      vertex 13.9841 -33.2443 0
    endloop
  endfacet
  facet normal 0.760431 0.649419 0
    outer loop
      vertex 14.6159 -33.9841 3
      vertex 13.9841 -33.2443 0
      vertex 13.9841 -33.2443 3
    endloop
  endfacet
  facet normal 0.760431 0.649419 0
    outer loop
      vertex 13.9841 -33.2443 0
      vertex 14.6159 -33.9841 3
      vertex 14.6159 -33.9841 0
    endloop
  endfacet
  facet normal 0.649419 0.760431 -0
    outer loop
      vertex 15.3557 -34.6159 0
      vertex 14.6159 -33.9841 3
      vertex 15.3557 -34.6159 3
    endloop
  endfacet
  facet normal 0.649419 0.760431 0
    outer loop
      vertex 14.6159 -33.9841 3
      vertex 15.3557 -34.6159 0
      vertex 14.6159 -33.9841 0
    endloop
  endfacet
  facet normal 0.522439 0.852677 -0
    outer loop
      vertex 16.1853 -35.1242 0
      vertex 15.3557 -34.6159 3
      vertex 16.1853 -35.1242 3
    endloop
  endfacet
  facet normal 0.522439 0.852677 0
    outer loop
      vertex 15.3557 -34.6159 3
      vertex 16.1853 -35.1242 0
      vertex 15.3557 -34.6159 0
    endloop
  endfacet
  facet normal 0.382688 0.923878 -0
    outer loop
      vertex 17.0841 -35.4965 0
      vertex 16.1853 -35.1242 3
      vertex 17.0841 -35.4965 3
    endloop
  endfacet
  facet normal 0.382688 0.923878 0
    outer loop
      vertex 16.1853 -35.1242 3
      vertex 17.0841 -35.4965 0
      vertex 16.1853 -35.1242 0
    endloop
  endfacet
  facet normal 0.233528 0.97235 -0
    outer loop
      vertex 18.0301 -35.7237 0
      vertex 17.0841 -35.4965 3
      vertex 18.0301 -35.7237 3
    endloop
  endfacet
  facet normal 0.233528 0.97235 0
    outer loop
      vertex 17.0841 -35.4965 3
      vertex 18.0301 -35.7237 0
      vertex 17.0841 -35.4965 0
    endloop
  endfacet
  facet normal 0.0784256 0.99692 -0
    outer loop
      vertex 19 -35.8 0
      vertex 18.0301 -35.7237 3
      vertex 19 -35.8 3
    endloop
  endfacet
  facet normal 0.0784256 0.99692 0
    outer loop
      vertex 18.0301 -35.7237 3
      vertex 19 -35.8 0
      vertex 18.0301 -35.7237 0
    endloop
  endfacet
  facet normal -0.0784256 0.99692 0
    outer loop
      vertex 19.9699 -35.7237 0
      vertex 19 -35.8 3
      vertex 19.9699 -35.7237 3
    endloop
  endfacet
  facet normal -0.0784256 0.99692 0
    outer loop
      vertex 19 -35.8 3
      vertex 19.9699 -35.7237 0
      vertex 19 -35.8 0
    endloop
  endfacet
  facet normal -0.233526 0.972351 0
    outer loop
      vertex 1.91589 -54.4965 0
      vertex 0.969879 -54.7237 3
      vertex 1.91589 -54.4965 3
    endloop
  endfacet
  facet normal -0.233526 0.972351 0
    outer loop
      vertex 0.969879 -54.7237 3
      vertex 1.91589 -54.4965 0
      vertex 0.969879 -54.7237 0
    endloop
  endfacet
  facet normal -0.382673 0.923884 0
    outer loop
      vertex 2.81473 -54.1242 0
      vertex 1.91589 -54.4965 3
      vertex 2.81473 -54.1242 3
    endloop
  endfacet
  facet normal -0.382673 0.923884 0
    outer loop
      vertex 1.91589 -54.4965 3
      vertex 2.81473 -54.1242 0
      vertex 1.91589 -54.4965 0
    endloop
  endfacet
  facet normal -0.522471 0.852657 0
    outer loop
      vertex 3.64426 -53.6159 0
      vertex 2.81473 -54.1242 3
      vertex 3.64426 -53.6159 3
    endloop
  endfacet
  facet normal -0.522471 0.852657 0
    outer loop
      vertex 2.81473 -54.1242 3
      vertex 3.64426 -53.6159 0
      vertex 2.81473 -54.1242 0
    endloop
  endfacet
  facet normal -0.649424 0.760426 0
    outer loop
      vertex 4.38405 -52.9841 0
      vertex 3.64426 -53.6159 3
      vertex 4.38405 -52.9841 3
    endloop
  endfacet
  facet normal -0.649424 0.760426 0
    outer loop
      vertex 3.64426 -53.6159 3
      vertex 4.38405 -52.9841 0
      vertex 3.64426 -53.6159 0
    endloop
  endfacet
  facet normal -0.760405 0.649449 0
    outer loop
      vertex 4.38405 -52.9841 0
      vertex 5.0159 -52.2443 3
      vertex 5.0159 -52.2443 0
    endloop
  endfacet
  facet normal -0.760405 0.649449 0
    outer loop
      vertex 5.0159 -52.2443 3
      vertex 4.38405 -52.9841 0
      vertex 4.38405 -52.9841 3
    endloop
  endfacet
  facet normal -0.852663 0.522462 0
    outer loop
      vertex 5.0159 -52.2443 0
      vertex 5.52423 -51.4147 3
      vertex 5.52423 -51.4147 0
    endloop
  endfacet
  facet normal -0.852663 0.522462 0
    outer loop
      vertex 5.52423 -51.4147 3
      vertex 5.0159 -52.2443 0
      vertex 5.0159 -52.2443 3
    endloop
  endfacet
  facet normal -0.923871 0.382705 0
    outer loop
      vertex 5.52423 -51.4147 0
      vertex 5.89655 -50.5159 3
      vertex 5.89655 -50.5159 0
    endloop
  endfacet
  facet normal -0.923871 0.382705 0
    outer loop
      vertex 5.89655 -50.5159 3
      vertex 5.52423 -51.4147 0
      vertex 5.52423 -51.4147 3
    endloop
  endfacet
  facet normal -0.972371 0.233441 0
    outer loop
      vertex 5.89655 -50.5159 0
      vertex 6.12366 -49.5699 3
      vertex 6.12366 -49.5699 0
    endloop
  endfacet
  facet normal -0.972371 0.233441 0
    outer loop
      vertex 6.12366 -49.5699 3
      vertex 5.89655 -50.5159 0
      vertex 5.89655 -50.5159 3
    endloop
  endfacet
  facet normal -0.996917 0.0784665 0
    outer loop
      vertex 6.12366 -49.5699 0
      vertex 6.2 -48.6 3
      vertex 6.2 -48.6 0
    endloop
  endfacet
  facet normal -0.996917 0.0784665 0
    outer loop
      vertex 6.2 -48.6 3
      vertex 6.12366 -49.5699 0
      vertex 6.12366 -49.5699 3
    endloop
  endfacet
  facet normal -0.996917 -0.0784665 0
    outer loop
      vertex 6.2 -48.6 0
      vertex 6.12366 -47.6301 3
      vertex 6.12366 -47.6301 0
    endloop
  endfacet
  facet normal -0.996917 -0.0784665 0
    outer loop
      vertex 6.12366 -47.6301 3
      vertex 6.2 -48.6 0
      vertex 6.2 -48.6 3
    endloop
  endfacet
  facet normal -0.972371 -0.233441 0
    outer loop
      vertex 6.12366 -47.6301 0
      vertex 5.89655 -46.6841 3
      vertex 5.89655 -46.6841 0
    endloop
  endfacet
  facet normal -0.972371 -0.233441 0
    outer loop
      vertex 5.89655 -46.6841 3
      vertex 6.12366 -47.6301 0
      vertex 6.12366 -47.6301 3
    endloop
  endfacet
  facet normal -0.923886 -0.382669 0
    outer loop
      vertex 5.89655 -46.6841 0
      vertex 5.52423 -45.7852 3
      vertex 5.52423 -45.7852 0
    endloop
  endfacet
  facet normal -0.923886 -0.382669 0
    outer loop
      vertex 5.52423 -45.7852 3
      vertex 5.89655 -46.6841 0
      vertex 5.89655 -46.6841 3
    endloop
  endfacet
  facet normal -0.852635 -0.522507 0
    outer loop
      vertex 5.52423 -45.7852 0
      vertex 5.0159 -44.9557 3
      vertex 5.0159 -44.9557 0
    endloop
  endfacet
  facet normal -0.852635 -0.522507 0
    outer loop
      vertex 5.0159 -44.9557 3
      vertex 5.52423 -45.7852 0
      vertex 5.52423 -45.7852 3
    endloop
  endfacet
  facet normal -0.760405 -0.649449 0
    outer loop
      vertex 5.0159 -44.9557 0
      vertex 4.38405 -44.2159 3
      vertex 4.38405 -44.2159 0
    endloop
  endfacet
  facet normal -0.760405 -0.649449 0
    outer loop
      vertex 4.38405 -44.2159 3
      vertex 5.0159 -44.9557 0
      vertex 5.0159 -44.9557 3
    endloop
  endfacet
  facet normal -0.649424 -0.760426 0
    outer loop
      vertex 3.64426 -43.5841 0
      vertex 4.38405 -44.2159 3
      vertex 3.64426 -43.5841 3
    endloop
  endfacet
  facet normal -0.649424 -0.760426 -0
    outer loop
      vertex 4.38405 -44.2159 3
      vertex 3.64426 -43.5841 0
      vertex 4.38405 -44.2159 0
    endloop
  endfacet
  facet normal -0.522546 -0.852611 0
    outer loop
      vertex 2.81473 -43.0757 0
      vertex 3.64426 -43.5841 3
      vertex 2.81473 -43.0757 3
    endloop
  endfacet
  facet normal -0.522546 -0.852611 -0
    outer loop
      vertex 3.64426 -43.5841 3
      vertex 2.81473 -43.0757 0
      vertex 3.64426 -43.5841 0
    endloop
  endfacet
  facet normal -0.382673 -0.923884 0
    outer loop
      vertex 1.91589 -42.7034 0
      vertex 2.81473 -43.0757 3
      vertex 1.91589 -42.7034 3
    endloop
  endfacet
  facet normal -0.382673 -0.923884 -0
    outer loop
      vertex 2.81473 -43.0757 3
      vertex 1.91589 -42.7034 0
      vertex 2.81473 -43.0757 0
    endloop
  endfacet
  facet normal -0.233429 -0.972374 0
    outer loop
      vertex 0.969879 -42.4763 0
      vertex 1.91589 -42.7034 3
      vertex 0.969879 -42.4763 3
    endloop
  endfacet
  facet normal -0.233429 -0.972374 -0
    outer loop
      vertex 1.91589 -42.7034 3
      vertex 0.969879 -42.4763 0
      vertex 1.91589 -42.7034 0
    endloop
  endfacet
  facet normal -0.0784273 -0.99692 0
    outer loop
      vertex 0 -42.4 0
      vertex 0.969879 -42.4763 3
      vertex 0 -42.4 3
    endloop
  endfacet
  facet normal -0.0784273 -0.99692 -0
    outer loop
      vertex 0.969879 -42.4763 3
      vertex 0 -42.4 0
      vertex 0.969879 -42.4763 0
    endloop
  endfacet
  facet normal 0.0784273 -0.99692 0
    outer loop
      vertex -0.969879 -42.4763 0
      vertex 0 -42.4 3
      vertex -0.969879 -42.4763 3
    endloop
  endfacet
  facet normal 0.0784273 -0.99692 0
    outer loop
      vertex 0 -42.4 3
      vertex -0.969879 -42.4763 0
      vertex 0 -42.4 0
    endloop
  endfacet
  facet normal 0.233429 -0.972374 0
    outer loop
      vertex -1.91589 -42.7034 0
      vertex -0.969879 -42.4763 3
      vertex -1.91589 -42.7034 3
    endloop
  endfacet
  facet normal 0.233429 -0.972374 0
    outer loop
      vertex -0.969879 -42.4763 3
      vertex -1.91589 -42.7034 0
      vertex -0.969879 -42.4763 0
    endloop
  endfacet
  facet normal 0.382673 -0.923884 0
    outer loop
      vertex -2.81473 -43.0757 0
      vertex -1.91589 -42.7034 3
      vertex -2.81473 -43.0757 3
    endloop
  endfacet
  facet normal 0.382673 -0.923884 0
    outer loop
      vertex -1.91589 -42.7034 3
      vertex -2.81473 -43.0757 0
      vertex -1.91589 -42.7034 0
    endloop
  endfacet
  facet normal 0.522546 -0.852611 0
    outer loop
      vertex -3.64426 -43.5841 0
      vertex -2.81473 -43.0757 3
      vertex -3.64426 -43.5841 3
    endloop
  endfacet
  facet normal 0.522546 -0.852611 0
    outer loop
      vertex -2.81473 -43.0757 3
      vertex -3.64426 -43.5841 0
      vertex -2.81473 -43.0757 0
    endloop
  endfacet
  facet normal 0.649424 -0.760426 0
    outer loop
      vertex -4.38405 -44.2159 0
      vertex -3.64426 -43.5841 3
      vertex -4.38405 -44.2159 3
    endloop
  endfacet
  facet normal 0.649424 -0.760426 0
    outer loop
      vertex -3.64426 -43.5841 3
      vertex -4.38405 -44.2159 0
      vertex -3.64426 -43.5841 0
    endloop
  endfacet
  facet normal 0.760405 -0.649449 0
    outer loop
      vertex -5.0159 -44.9557 3
      vertex -4.38405 -44.2159 0
      vertex -4.38405 -44.2159 3
    endloop
  endfacet
  facet normal 0.760405 -0.649449 0
    outer loop
      vertex -4.38405 -44.2159 0
      vertex -5.0159 -44.9557 3
      vertex -5.0159 -44.9557 0
    endloop
  endfacet
  facet normal 0.852635 -0.522507 0
    outer loop
      vertex -5.52423 -45.7852 3
      vertex -5.0159 -44.9557 0
      vertex -5.0159 -44.9557 3
    endloop
  endfacet
  facet normal 0.852635 -0.522507 0
    outer loop
      vertex -5.0159 -44.9557 0
      vertex -5.52423 -45.7852 3
      vertex -5.52423 -45.7852 0
    endloop
  endfacet
  facet normal 0.923886 -0.382669 0
    outer loop
      vertex -5.89655 -46.6841 3
      vertex -5.52423 -45.7852 0
      vertex -5.52423 -45.7852 3
    endloop
  endfacet
  facet normal 0.923886 -0.382669 0
    outer loop
      vertex -5.52423 -45.7852 0
      vertex -5.89655 -46.6841 3
      vertex -5.89655 -46.6841 0
    endloop
  endfacet
  facet normal 0.972371 -0.233441 0
    outer loop
      vertex -6.12366 -47.6301 3
      vertex -5.89655 -46.6841 0
      vertex -5.89655 -46.6841 3
    endloop
  endfacet
  facet normal 0.972371 -0.233441 0
    outer loop
      vertex -5.89655 -46.6841 0
      vertex -6.12366 -47.6301 3
      vertex -6.12366 -47.6301 0
    endloop
  endfacet
  facet normal 0.996917 -0.0784665 0
    outer loop
      vertex -6.2 -48.6 3
      vertex -6.12366 -47.6301 0
      vertex -6.12366 -47.6301 3
    endloop
  endfacet
  facet normal 0.996917 -0.0784665 0
    outer loop
      vertex -6.12366 -47.6301 0
      vertex -6.2 -48.6 3
      vertex -6.2 -48.6 0
    endloop
  endfacet
  facet normal 0.996917 0.0784665 0
    outer loop
      vertex -6.12366 -49.5699 3
      vertex -6.2 -48.6 0
      vertex -6.2 -48.6 3
    endloop
  endfacet
  facet normal 0.996917 0.0784665 0
    outer loop
      vertex -6.2 -48.6 0
      vertex -6.12366 -49.5699 3
      vertex -6.12366 -49.5699 0
    endloop
  endfacet
  facet normal 0.972371 0.233441 0
    outer loop
      vertex -5.89655 -50.5159 3
      vertex -6.12366 -49.5699 0
      vertex -6.12366 -49.5699 3
    endloop
  endfacet
  facet normal 0.972371 0.233441 0
    outer loop
      vertex -6.12366 -49.5699 0
      vertex -5.89655 -50.5159 3
      vertex -5.89655 -50.5159 0
    endloop
  endfacet
  facet normal 0.923871 0.382705 0
    outer loop
      vertex -5.52423 -51.4147 3
      vertex -5.89655 -50.5159 0
      vertex -5.89655 -50.5159 3
    endloop
  endfacet
  facet normal 0.923871 0.382705 0
    outer loop
      vertex -5.89655 -50.5159 0
      vertex -5.52423 -51.4147 3
      vertex -5.52423 -51.4147 0
    endloop
  endfacet
  facet normal 0.852663 0.522462 0
    outer loop
      vertex -5.0159 -52.2443 3
      vertex -5.52423 -51.4147 0
      vertex -5.52423 -51.4147 3
    endloop
  endfacet
  facet normal 0.852663 0.522462 0
    outer loop
      vertex -5.52423 -51.4147 0
      vertex -5.0159 -52.2443 3
      vertex -5.0159 -52.2443 0
    endloop
  endfacet
  facet normal 0.760405 0.649449 0
    outer loop
      vertex -4.38405 -52.9841 3
      vertex -5.0159 -52.2443 0
      vertex -5.0159 -52.2443 3
    endloop
  endfacet
  facet normal 0.760405 0.649449 0
    outer loop
      vertex -5.0159 -52.2443 0
      vertex -4.38405 -52.9841 3
      vertex -4.38405 -52.9841 0
    endloop
  endfacet
  facet normal 0.649424 0.760426 -0
    outer loop
      vertex -3.64426 -53.6159 0
      vertex -4.38405 -52.9841 3
      vertex -3.64426 -53.6159 3
    endloop
  endfacet
  facet normal 0.649424 0.760426 0
    outer loop
      vertex -4.38405 -52.9841 3
      vertex -3.64426 -53.6159 0
      vertex -4.38405 -52.9841 0
    endloop
  endfacet
  facet normal 0.522471 0.852657 -0
    outer loop
      vertex -2.81473 -54.1242 0
      vertex -3.64426 -53.6159 3
      vertex -2.81473 -54.1242 3
    endloop
  endfacet
  facet normal 0.522471 0.852657 0
    outer loop
      vertex -3.64426 -53.6159 3
      vertex -2.81473 -54.1242 0
      vertex -3.64426 -53.6159 0
    endloop
  endfacet
  facet normal 0.382673 0.923884 -0
    outer loop
      vertex -1.91589 -54.4965 0
      vertex -2.81473 -54.1242 3
      vertex -1.91589 -54.4965 3
    endloop
  endfacet
  facet normal 0.382673 0.923884 0
    outer loop
      vertex -2.81473 -54.1242 3
      vertex -1.91589 -54.4965 0
      vertex -2.81473 -54.1242 0
    endloop
  endfacet
  facet normal 0.233526 0.972351 -0
    outer loop
      vertex -0.969879 -54.7237 0
      vertex -1.91589 -54.4965 3
      vertex -0.969879 -54.7237 3
    endloop
  endfacet
  facet normal 0.233526 0.972351 0
    outer loop
      vertex -1.91589 -54.4965 3
      vertex -0.969879 -54.7237 0
      vertex -1.91589 -54.4965 0
    endloop
  endfacet
  facet normal 0.0784273 0.99692 -0
    outer loop
      vertex 0 -54.8 0
      vertex -0.969879 -54.7237 3
      vertex 0 -54.8 3
    endloop
  endfacet
  facet normal 0.0784273 0.99692 0
    outer loop
      vertex -0.969879 -54.7237 3
      vertex 0 -54.8 0
      vertex -0.969879 -54.7237 0
    endloop
  endfacet
  facet normal -0.0784273 0.99692 0
    outer loop
      vertex 0.969879 -54.7237 0
      vertex 0 -54.8 3
      vertex 0.969879 -54.7237 3
    endloop
  endfacet
  facet normal -0.0784273 0.99692 0
    outer loop
      vertex 0 -54.8 3
      vertex 0.969879 -54.7237 0
      vertex 0 -54.8 0
    endloop
  endfacet
  facet normal -0.23344 0.972371 0
    outer loop
      vertex 1.17426 -79.214 0
      vertex 0.594437 -79.3532 3
      vertex 1.17426 -79.214 3
    endloop
  endfacet
  facet normal -0.23344 0.972371 0
    outer loop
      vertex 0.594437 -79.3532 3
      vertex 1.17426 -79.214 0
      vertex 0.594437 -79.3532 0
    endloop
  endfacet
  facet normal -0.382697 0.923874 0
    outer loop
      vertex 1.72516 -78.9858 0
      vertex 1.17426 -79.214 3
      vertex 1.72516 -78.9858 3
    endloop
  endfacet
  facet normal -0.382697 0.923874 0
    outer loop
      vertex 1.17426 -79.214 3
      vertex 1.72516 -78.9858 0
      vertex 1.17426 -79.214 0
    endloop
  endfacet
  facet normal -0.522425 0.852685 0
    outer loop
      vertex 2.23358 -78.6743 0
      vertex 1.72516 -78.9858 3
      vertex 2.23358 -78.6743 3
    endloop
  endfacet
  facet normal -0.522425 0.852685 0
    outer loop
      vertex 1.72516 -78.9858 3
      vertex 2.23358 -78.6743 0
      vertex 1.72516 -78.9858 0
    endloop
  endfacet
  facet normal -0.649489 0.760371 0
    outer loop
      vertex 2.687 -78.287 0
      vertex 2.23358 -78.6743 3
      vertex 2.687 -78.287 3
    endloop
  endfacet
  facet normal -0.649489 0.760371 0
    outer loop
      vertex 2.23358 -78.6743 3
      vertex 2.687 -78.287 0
      vertex 2.23358 -78.6743 0
    endloop
  endfacet
  facet normal -0.76039 0.649467 0
    outer loop
      vertex 2.687 -78.287 0
      vertex 3.07426 -77.8336 3
      vertex 3.07426 -77.8336 0
    endloop
  endfacet
  facet normal -0.76039 0.649467 0
    outer loop
      vertex 3.07426 -77.8336 3
      vertex 2.687 -78.287 0
      vertex 2.687 -78.287 3
    endloop
  endfacet
  facet normal -0.852677 0.522439 0
    outer loop
      vertex 3.07426 -77.8336 0
      vertex 3.38582 -77.3251 3
      vertex 3.38582 -77.3251 0
    endloop
  endfacet
  facet normal -0.852677 0.522439 0
    outer loop
      vertex 3.38582 -77.3251 3
      vertex 3.07426 -77.8336 0
      vertex 3.07426 -77.8336 3
    endloop
  endfacet
  facet normal -0.923855 0.382742 0
    outer loop
      vertex 3.38582 -77.3251 0
      vertex 3.61401 -76.7743 3
      vertex 3.61401 -76.7743 0
    endloop
  endfacet
  facet normal -0.923855 0.382742 0
    outer loop
      vertex 3.61401 -76.7743 3
      vertex 3.38582 -77.3251 0
      vertex 3.38582 -77.3251 3
    endloop
  endfacet
  facet normal -0.972382 0.233395 0
    outer loop
      vertex 3.61401 -76.7743 0
      vertex 3.7532 -76.1944 3
      vertex 3.7532 -76.1944 0
    endloop
  endfacet
  facet normal -0.972382 0.233395 0
    outer loop
      vertex 3.7532 -76.1944 3
      vertex 3.61401 -76.7743 0
      vertex 3.61401 -76.7743 3
    endloop
  endfacet
  facet normal -0.996916 0.0784753 0
    outer loop
      vertex 3.7532 -76.1944 0
      vertex 3.79999 -75.6 3
      vertex 3.79999 -75.6 0
    endloop
  endfacet
  facet normal -0.996916 0.0784753 0
    outer loop
      vertex 3.79999 -75.6 3
      vertex 3.7532 -76.1944 0
      vertex 3.7532 -76.1944 3
    endloop
  endfacet
  facet normal -0.996917 -0.0784622 0
    outer loop
      vertex 3.79999 -75.6 0
      vertex 3.7532 -75.0055 3
      vertex 3.7532 -75.0055 0
    endloop
  endfacet
  facet normal -0.996917 -0.0784622 0
    outer loop
      vertex 3.7532 -75.0055 3
      vertex 3.79999 -75.6 0
      vertex 3.79999 -75.6 3
    endloop
  endfacet
  facet normal -0.972373 -0.233433 0
    outer loop
      vertex 3.7532 -75.0055 0
      vertex 3.61401 -74.4257 3
      vertex 3.61401 -74.4257 0
    endloop
  endfacet
  facet normal -0.972373 -0.233433 0
    outer loop
      vertex 3.61401 -74.4257 3
      vertex 3.7532 -75.0055 0
      vertex 3.7532 -75.0055 3
    endloop
  endfacet
  facet normal -0.92388 -0.382683 0
    outer loop
      vertex 3.61401 -74.4257 0
      vertex 3.38582 -73.8748 3
      vertex 3.38582 -73.8748 0
    endloop
  endfacet
  facet normal -0.92388 -0.382683 0
    outer loop
      vertex 3.38582 -73.8748 3
      vertex 3.61401 -74.4257 0
      vertex 3.61401 -74.4257 3
    endloop
  endfacet
  facet normal -0.852631 -0.522513 0
    outer loop
      vertex 3.38582 -73.8748 0
      vertex 3.07426 -73.3664 3
      vertex 3.07426 -73.3664 0
    endloop
  endfacet
  facet normal -0.852631 -0.522513 0
    outer loop
      vertex 3.07426 -73.3664 3
      vertex 3.38582 -73.8748 0
      vertex 3.38582 -73.8748 3
    endloop
  endfacet
  facet normal -0.76039 -0.649467 0
    outer loop
      vertex 3.07426 -73.3664 0
      vertex 2.687 -72.913 3
      vertex 2.687 -72.913 0
    endloop
  endfacet
  facet normal -0.76039 -0.649467 0
    outer loop
      vertex 2.687 -72.913 3
      vertex 3.07426 -73.3664 0
      vertex 3.07426 -73.3664 3
    endloop
  endfacet
  facet normal -0.649489 -0.760371 0
    outer loop
      vertex 2.23358 -72.5257 0
      vertex 2.687 -72.913 3
      vertex 2.23358 -72.5257 3
    endloop
  endfacet
  facet normal -0.649489 -0.760371 -0
    outer loop
      vertex 2.687 -72.913 3
      vertex 2.23358 -72.5257 0
      vertex 2.687 -72.913 0
    endloop
  endfacet
  facet normal -0.522425 -0.852685 0
    outer loop
      vertex 1.72516 -72.2142 0
      vertex 2.23358 -72.5257 3
      vertex 1.72516 -72.2142 3
    endloop
  endfacet
  facet normal -0.522425 -0.852685 -0
    outer loop
      vertex 2.23358 -72.5257 3
      vertex 1.72516 -72.2142 0
      vertex 2.23358 -72.5257 0
    endloop
  endfacet
  facet normal -0.382697 -0.923874 0
    outer loop
      vertex 1.17426 -71.986 0
      vertex 1.72516 -72.2142 3
      vertex 1.17426 -71.986 3
    endloop
  endfacet
  facet normal -0.382697 -0.923874 -0
    outer loop
      vertex 1.72516 -72.2142 3
      vertex 1.17426 -71.986 0
      vertex 1.72516 -72.2142 0
    endloop
  endfacet
  facet normal -0.23344 -0.972371 0
    outer loop
      vertex 0.594437 -71.8468 0
      vertex 1.17426 -71.986 3
      vertex 0.594437 -71.8468 3
    endloop
  endfacet
  facet normal -0.23344 -0.972371 -0
    outer loop
      vertex 1.17426 -71.986 3
      vertex 0.594437 -71.8468 0
      vertex 1.17426 -71.986 0
    endloop
  endfacet
  facet normal -0.0784871 -0.996915 0
    outer loop
      vertex 0 -71.8 0
      vertex 0.594437 -71.8468 3
      vertex 0 -71.8 3
    endloop
  endfacet
  facet normal -0.0784871 -0.996915 -0
    outer loop
      vertex 0.594437 -71.8468 3
      vertex 0 -71.8 0
      vertex 0.594437 -71.8468 0
    endloop
  endfacet
  facet normal 0.0784871 -0.996915 0
    outer loop
      vertex -0.594437 -71.8468 0
      vertex 0 -71.8 3
      vertex -0.594437 -71.8468 3
    endloop
  endfacet
  facet normal 0.0784871 -0.996915 0
    outer loop
      vertex 0 -71.8 3
      vertex -0.594437 -71.8468 0
      vertex 0 -71.8 0
    endloop
  endfacet
  facet normal 0.23344 -0.972371 0
    outer loop
      vertex -1.17426 -71.986 0
      vertex -0.594437 -71.8468 3
      vertex -1.17426 -71.986 3
    endloop
  endfacet
  facet normal 0.23344 -0.972371 0
    outer loop
      vertex -0.594437 -71.8468 3
      vertex -1.17426 -71.986 0
      vertex -0.594437 -71.8468 0
    endloop
  endfacet
  facet normal 0.382697 -0.923874 0
    outer loop
      vertex -1.72516 -72.2142 0
      vertex -1.17426 -71.986 3
      vertex -1.72516 -72.2142 3
    endloop
  endfacet
  facet normal 0.382697 -0.923874 0
    outer loop
      vertex -1.17426 -71.986 3
      vertex -1.72516 -72.2142 0
      vertex -1.17426 -71.986 0
    endloop
  endfacet
  facet normal 0.522425 -0.852685 0
    outer loop
      vertex -2.23358 -72.5257 0
      vertex -1.72516 -72.2142 3
      vertex -2.23358 -72.5257 3
    endloop
  endfacet
  facet normal 0.522425 -0.852685 0
    outer loop
      vertex -1.72516 -72.2142 3
      vertex -2.23358 -72.5257 0
      vertex -1.72516 -72.2142 0
    endloop
  endfacet
  facet normal 0.649489 -0.760371 0
    outer loop
      vertex -2.687 -72.913 0
      vertex -2.23358 -72.5257 3
      vertex -2.687 -72.913 3
    endloop
  endfacet
  facet normal 0.649489 -0.760371 0
    outer loop
      vertex -2.23358 -72.5257 3
      vertex -2.687 -72.913 0
      vertex -2.23358 -72.5257 0
    endloop
  endfacet
  facet normal 0.76039 -0.649467 0
    outer loop
      vertex -3.07426 -73.3664 3
      vertex -2.687 -72.913 0
      vertex -2.687 -72.913 3
    endloop
  endfacet
  facet normal 0.76039 -0.649467 0
    outer loop
      vertex -2.687 -72.913 0
      vertex -3.07426 -73.3664 3
      vertex -3.07426 -73.3664 0
    endloop
  endfacet
  facet normal 0.852631 -0.522513 0
    outer loop
      vertex -3.38582 -73.8748 3
      vertex -3.07426 -73.3664 0
      vertex -3.07426 -73.3664 3
    endloop
  endfacet
  facet normal 0.852631 -0.522513 0
    outer loop
      vertex -3.07426 -73.3664 0
      vertex -3.38582 -73.8748 3
      vertex -3.38582 -73.8748 0
    endloop
  endfacet
  facet normal 0.92388 -0.382683 0
    outer loop
      vertex -3.61401 -74.4257 3
      vertex -3.38582 -73.8748 0
      vertex -3.38582 -73.8748 3
    endloop
  endfacet
  facet normal 0.92388 -0.382683 0
    outer loop
      vertex -3.38582 -73.8748 0
      vertex -3.61401 -74.4257 3
      vertex -3.61401 -74.4257 0
    endloop
  endfacet
  facet normal 0.972373 -0.233433 0
    outer loop
      vertex -3.7532 -75.0055 3
      vertex -3.61401 -74.4257 0
      vertex -3.61401 -74.4257 3
    endloop
  endfacet
  facet normal 0.972373 -0.233433 0
    outer loop
      vertex -3.61401 -74.4257 0
      vertex -3.7532 -75.0055 3
      vertex -3.7532 -75.0055 0
    endloop
  endfacet
  facet normal 0.996917 -0.0784622 0
    outer loop
      vertex -3.79999 -75.6 3
      vertex -3.7532 -75.0055 0
      vertex -3.7532 -75.0055 3
    endloop
  endfacet
  facet normal 0.996917 -0.0784622 0
    outer loop
      vertex -3.7532 -75.0055 0
      vertex -3.79999 -75.6 3
      vertex -3.79999 -75.6 0
    endloop
  endfacet
  facet normal 0.996916 0.0784753 0
    outer loop
      vertex -3.7532 -76.1944 3
      vertex -3.79999 -75.6 0
      vertex -3.79999 -75.6 3
    endloop
  endfacet
  facet normal 0.996916 0.0784753 0
    outer loop
      vertex -3.79999 -75.6 0
      vertex -3.7532 -76.1944 3
      vertex -3.7532 -76.1944 0
    endloop
  endfacet
  facet normal 0.972382 0.233395 0
    outer loop
      vertex -3.61401 -76.7743 3
      vertex -3.7532 -76.1944 0
      vertex -3.7532 -76.1944 3
    endloop
  endfacet
  facet normal 0.972382 0.233395 0
    outer loop
      vertex -3.7532 -76.1944 0
      vertex -3.61401 -76.7743 3
      vertex -3.61401 -76.7743 0
    endloop
  endfacet
  facet normal 0.923855 0.382742 0
    outer loop
      vertex -3.38582 -77.3251 3
      vertex -3.61401 -76.7743 0
      vertex -3.61401 -76.7743 3
    endloop
  endfacet
  facet normal 0.923855 0.382742 0
    outer loop
      vertex -3.61401 -76.7743 0
      vertex -3.38582 -77.3251 3
      vertex -3.38582 -77.3251 0
    endloop
  endfacet
  facet normal 0.852677 0.522439 0
    outer loop
      vertex -3.07426 -77.8336 3
      vertex -3.38582 -77.3251 0
      vertex -3.38582 -77.3251 3
    endloop
  endfacet
  facet normal 0.852677 0.522439 0
    outer loop
      vertex -3.38582 -77.3251 0
      vertex -3.07426 -77.8336 3
      vertex -3.07426 -77.8336 0
    endloop
  endfacet
  facet normal 0.76039 0.649467 0
    outer loop
      vertex -2.687 -78.287 3
      vertex -3.07426 -77.8336 0
      vertex -3.07426 -77.8336 3
    endloop
  endfacet
  facet normal 0.76039 0.649467 0
    outer loop
      vertex -3.07426 -77.8336 0
      vertex -2.687 -78.287 3
      vertex -2.687 -78.287 0
    endloop
  endfacet
  facet normal 0.649489 0.760371 -0
    outer loop
      vertex -2.23358 -78.6743 0
      vertex -2.687 -78.287 3
      vertex -2.23358 -78.6743 3
    endloop
  endfacet
  facet normal 0.649489 0.760371 0
    outer loop
      vertex -2.687 -78.287 3
      vertex -2.23358 -78.6743 0
      vertex -2.687 -78.287 0
    endloop
  endfacet
  facet normal 0.522425 0.852685 -0
    outer loop
      vertex -1.72516 -78.9858 0
      vertex -2.23358 -78.6743 3
      vertex -1.72516 -78.9858 3
    endloop
  endfacet
  facet normal 0.522425 0.852685 0
    outer loop
      vertex -2.23358 -78.6743 3
      vertex -1.72516 -78.9858 0
      vertex -2.23358 -78.6743 0
    endloop
  endfacet
  facet normal 0.382697 0.923874 -0
    outer loop
      vertex -1.17426 -79.214 0
      vertex -1.72516 -78.9858 3
      vertex -1.17426 -79.214 3
    endloop
  endfacet
  facet normal 0.382697 0.923874 0
    outer loop
      vertex -1.72516 -78.9858 3
      vertex -1.17426 -79.214 0
      vertex -1.72516 -78.9858 0
    endloop
  endfacet
  facet normal 0.23344 0.972371 -0
    outer loop
      vertex -0.594437 -79.3532 0
      vertex -1.17426 -79.214 3
      vertex -0.594437 -79.3532 3
    endloop
  endfacet
  facet normal 0.23344 0.972371 0
    outer loop
      vertex -1.17426 -79.214 3
      vertex -0.594437 -79.3532 0
      vertex -1.17426 -79.214 0
    endloop
  endfacet
  facet normal 0.0784871 0.996915 -0
    outer loop
      vertex 0 -79.4 0
      vertex -0.594437 -79.3532 3
      vertex 0 -79.4 3
    endloop
  endfacet
  facet normal 0.0784871 0.996915 0
    outer loop
      vertex -0.594437 -79.3532 3
      vertex 0 -79.4 0
      vertex -0.594437 -79.3532 0
    endloop
  endfacet
  facet normal -0.0784871 0.996915 0
    outer loop
      vertex 0.594437 -79.3532 0
      vertex 0 -79.4 3
      vertex 0.594437 -79.3532 3
    endloop
  endfacet
  facet normal -0.0784871 0.996915 0
    outer loop
      vertex 0 -79.4 3
      vertex 0.594437 -79.3532 0
      vertex 0 -79.4 0
    endloop
  endfacet
  facet normal -0.406832 0.913503 0
    outer loop
      vertex -32.9465 -94.9856 0
      vertex -33.2521 -95.1217 3
      vertex -32.9465 -94.9856 3
    endloop
  endfacet
  facet normal -0.406832 0.913503 0
    outer loop
      vertex -33.2521 -95.1217 3
      vertex -32.9465 -94.9856 0
      vertex -33.2521 -95.1217 0
    endloop
  endfacet
  facet normal -0.587781 0.80902 0
    outer loop
      vertex -32.6759 -94.789 0
      vertex -32.9465 -94.9856 3
      vertex -32.6759 -94.789 3
    endloop
  endfacet
  facet normal -0.587781 0.80902 0
    outer loop
      vertex -32.9465 -94.9856 3
      vertex -32.6759 -94.789 0
      vertex -32.9465 -94.9856 0
    endloop
  endfacet
  facet normal -0.743071 0.669213 0
    outer loop
      vertex -32.6759 -94.789 0
      vertex -32.4521 -94.5405 3
      vertex -32.4521 -94.5405 0
    endloop
  endfacet
  facet normal -0.743071 0.669213 0
    outer loop
      vertex -32.4521 -94.5405 3
      vertex -32.6759 -94.789 0
      vertex -32.6759 -94.789 3
    endloop
  endfacet
  facet normal -0.865972 0.500093 0
    outer loop
      vertex -32.4521 -94.5405 0
      vertex -32.2848 -94.2508 3
      vertex -32.2848 -94.2508 0
    endloop
  endfacet
  facet normal -0.865972 0.500093 0
    outer loop
      vertex -32.2848 -94.2508 3
      vertex -32.4521 -94.5405 0
      vertex -32.4521 -94.5405 3
    endloop
  endfacet
  facet normal -0.951135 0.308775 0
    outer loop
      vertex -32.2848 -94.2508 0
      vertex -32.1815 -93.9326 3
      vertex -32.1815 -93.9326 0
    endloop
  endfacet
  facet normal -0.951135 0.308775 0
    outer loop
      vertex -32.1815 -93.9326 3
      vertex -32.2848 -94.2508 0
      vertex -32.2848 -94.2508 3
    endloop
  endfacet
  facet normal -0.994509 0.104654 0
    outer loop
      vertex -32.1815 -93.9326 0
      vertex -32.1465 -93.6 3
      vertex -32.1465 -93.6 0
    endloop
  endfacet
  facet normal -0.994509 0.104654 0
    outer loop
      vertex -32.1465 -93.6 3
      vertex -32.1815 -93.9326 0
      vertex -32.1815 -93.9326 3
    endloop
  endfacet
  facet normal -0.994512 -0.104623 0
    outer loop
      vertex -32.1465 -93.6 0
      vertex -32.1815 -93.2673 3
      vertex -32.1815 -93.2673 0
    endloop
  endfacet
  facet normal -0.994512 -0.104623 0
    outer loop
      vertex -32.1815 -93.2673 3
      vertex -32.1465 -93.6 0
      vertex -32.1465 -93.6 3
    endloop
  endfacet
  facet normal -0.951107 -0.308863 0
    outer loop
      vertex -32.1815 -93.2673 0
      vertex -32.2848 -92.9492 3
      vertex -32.2848 -92.9492 0
    endloop
  endfacet
  facet normal -0.951107 -0.308863 0
    outer loop
      vertex -32.2848 -92.9492 3
      vertex -32.1815 -93.2673 0
      vertex -32.1815 -93.2673 3
    endloop
  endfacet
  facet normal -0.865972 -0.500093 0
    outer loop
      vertex -32.2848 -92.9492 0
      vertex -32.4521 -92.6595 3
      vertex -32.4521 -92.6595 0
    endloop
  endfacet
  facet normal -0.865972 -0.500093 0
    outer loop
      vertex -32.4521 -92.6595 3
      vertex -32.2848 -92.9492 0
      vertex -32.2848 -92.9492 3
    endloop
  endfacet
  facet normal -0.743071 -0.669213 0
    outer loop
      vertex -32.4521 -92.6595 0
      vertex -32.6759 -92.411 3
      vertex -32.6759 -92.411 0
    endloop
  endfacet
  facet normal -0.743071 -0.669213 0
    outer loop
      vertex -32.6759 -92.411 3
      vertex -32.4521 -92.6595 0
      vertex -32.4521 -92.6595 3
    endloop
  endfacet
  facet normal -0.587781 -0.80902 0
    outer loop
      vertex -32.9465 -92.2144 0
      vertex -32.6759 -92.411 3
      vertex -32.9465 -92.2144 3
    endloop
  endfacet
  facet normal -0.587781 -0.80902 -0
    outer loop
      vertex -32.6759 -92.411 3
      vertex -32.9465 -92.2144 0
      vertex -32.6759 -92.411 0
    endloop
  endfacet
  facet normal -0.406832 -0.913503 0
    outer loop
      vertex -33.2521 -92.0783 0
      vertex -32.9465 -92.2144 3
      vertex -33.2521 -92.0783 3
    endloop
  endfacet
  facet normal -0.406832 -0.913503 -0
    outer loop
      vertex -32.9465 -92.2144 3
      vertex -33.2521 -92.0783 0
      vertex -32.9465 -92.2144 0
    endloop
  endfacet
  facet normal -0.207773 -0.978177 0
    outer loop
      vertex -33.5793 -92.0088 0
      vertex -33.2521 -92.0783 3
      vertex -33.5793 -92.0088 3
    endloop
  endfacet
  facet normal -0.207773 -0.978177 -0
    outer loop
      vertex -33.2521 -92.0783 3
      vertex -33.5793 -92.0088 0
      vertex -33.2521 -92.0783 0
    endloop
  endfacet
  facet normal 0 -1 0
    outer loop
      vertex -33.9137 -92.0088 0
      vertex -33.5793 -92.0088 3
      vertex -33.9137 -92.0088 3
    endloop
  endfacet
  facet normal 0 -1 -0
    outer loop
      vertex -33.5793 -92.0088 3
      vertex -33.9137 -92.0088 0
      vertex -33.5793 -92.0088 0
    endloop
  endfacet
  facet normal 0.207773 -0.978177 0
    outer loop
      vertex -34.2409 -92.0783 0
      vertex -33.9137 -92.0088 3
      vertex -34.2409 -92.0783 3
    endloop
  endfacet
  facet normal 0.207773 -0.978177 0
    outer loop
      vertex -33.9137 -92.0088 3
      vertex -34.2409 -92.0783 0
      vertex -33.9137 -92.0088 0
    endloop
  endfacet
  facet normal 0.406832 -0.913503 0
    outer loop
      vertex -34.5465 -92.2144 0
      vertex -34.2409 -92.0783 3
      vertex -34.5465 -92.2144 3
    endloop
  endfacet
  facet normal 0.406832 -0.913503 0
    outer loop
      vertex -34.2409 -92.0783 3
      vertex -34.5465 -92.2144 0
      vertex -34.2409 -92.0783 0
    endloop
  endfacet
  facet normal 0.587781 -0.80902 0
    outer loop
      vertex -34.8171 -92.411 0
      vertex -34.5465 -92.2144 3
      vertex -34.8171 -92.411 3
    endloop
  endfacet
  facet normal 0.587781 -0.80902 0
    outer loop
      vertex -34.5465 -92.2144 3
      vertex -34.8171 -92.411 0
      vertex -34.5465 -92.2144 0
    endloop
  endfacet
  facet normal 0.743071 -0.669213 0
    outer loop
      vertex -35.0409 -92.6595 3
      vertex -34.8171 -92.411 0
      vertex -34.8171 -92.411 3
    endloop
  endfacet
  facet normal 0.743071 -0.669213 0
    outer loop
      vertex -34.8171 -92.411 0
      vertex -35.0409 -92.6595 3
      vertex -35.0409 -92.6595 0
    endloop
  endfacet
  facet normal 0.865972 -0.500093 0
    outer loop
      vertex -35.2082 -92.9492 3
      vertex -35.0409 -92.6595 0
      vertex -35.0409 -92.6595 3
    endloop
  endfacet
  facet normal 0.865972 -0.500093 0
    outer loop
      vertex -35.0409 -92.6595 0
      vertex -35.2082 -92.9492 3
      vertex -35.2082 -92.9492 0
    endloop
  endfacet
  facet normal 0.951107 -0.308863 0
    outer loop
      vertex -35.3115 -93.2673 3
      vertex -35.2082 -92.9492 0
      vertex -35.2082 -92.9492 3
    endloop
  endfacet
  facet normal 0.951107 -0.308863 0
    outer loop
      vertex -35.2082 -92.9492 0
      vertex -35.3115 -93.2673 3
      vertex -35.3115 -93.2673 0
    endloop
  endfacet
  facet normal 0.994512 -0.104623 0
    outer loop
      vertex -35.3465 -93.6 3
      vertex -35.3115 -93.2673 0
      vertex -35.3115 -93.2673 3
    endloop
  endfacet
  facet normal 0.994512 -0.104623 0
    outer loop
      vertex -35.3115 -93.2673 0
      vertex -35.3465 -93.6 3
      vertex -35.3465 -93.6 0
    endloop
  endfacet
  facet normal 0.994509 0.104654 0
    outer loop
      vertex -35.3115 -93.9326 3
      vertex -35.3465 -93.6 0
      vertex -35.3465 -93.6 3
    endloop
  endfacet
  facet normal 0.994509 0.104654 0
    outer loop
      vertex -35.3465 -93.6 0
      vertex -35.3115 -93.9326 3
      vertex -35.3115 -93.9326 0
    endloop
  endfacet
  facet normal 0.951135 0.308775 0
    outer loop
      vertex -35.2082 -94.2508 3
      vertex -35.3115 -93.9326 0
      vertex -35.3115 -93.9326 3
    endloop
  endfacet
  facet normal 0.951135 0.308775 0
    outer loop
      vertex -35.3115 -93.9326 0
      vertex -35.2082 -94.2508 3
      vertex -35.2082 -94.2508 0
    endloop
  endfacet
  facet normal 0.865972 0.500093 0
    outer loop
      vertex -35.0409 -94.5405 3
      vertex -35.2082 -94.2508 0
      vertex -35.2082 -94.2508 3
    endloop
  endfacet
  facet normal 0.865972 0.500093 0
    outer loop
      vertex -35.2082 -94.2508 0
      vertex -35.0409 -94.5405 3
      vertex -35.0409 -94.5405 0
    endloop
  endfacet
  facet normal 0.743071 0.669213 0
    outer loop
      vertex -34.8171 -94.789 3
      vertex -35.0409 -94.5405 0
      vertex -35.0409 -94.5405 3
    endloop
  endfacet
  facet normal 0.743071 0.669213 0
    outer loop
      vertex -35.0409 -94.5405 0
      vertex -34.8171 -94.789 3
      vertex -34.8171 -94.789 0
    endloop
  endfacet
  facet normal 0.587781 0.80902 -0
    outer loop
      vertex -34.5465 -94.9856 0
      vertex -34.8171 -94.789 3
      vertex -34.5465 -94.9856 3
    endloop
  endfacet
  facet normal 0.587781 0.80902 0
    outer loop
      vertex -34.8171 -94.789 3
      vertex -34.5465 -94.9856 0
      vertex -34.8171 -94.789 0
    endloop
  endfacet
  facet normal 0.406832 0.913503 -0
    outer loop
      vertex -34.2409 -95.1217 0
      vertex -34.5465 -94.9856 3
      vertex -34.2409 -95.1217 3
    endloop
  endfacet
  facet normal 0.406832 0.913503 0
    outer loop
      vertex -34.5465 -94.9856 3
      vertex -34.2409 -95.1217 0
      vertex -34.5465 -94.9856 0
    endloop
  endfacet
  facet normal 0.207773 0.978177 -0
    outer loop
      vertex -33.9137 -95.1912 0
      vertex -34.2409 -95.1217 3
      vertex -33.9137 -95.1912 3
    endloop
  endfacet
  facet normal 0.207773 0.978177 0
    outer loop
      vertex -34.2409 -95.1217 3
      vertex -33.9137 -95.1912 0
      vertex -34.2409 -95.1217 0
    endloop
  endfacet
  facet normal 0 1 -0
    outer loop
      vertex -33.5793 -95.1912 0
      vertex -33.9137 -95.1912 3
      vertex -33.5793 -95.1912 3
    endloop
  endfacet
  facet normal 0 1 0
    outer loop
      vertex -33.9137 -95.1912 3
      vertex -33.5793 -95.1912 0
      vertex -33.9137 -95.1912 0
    endloop
  endfacet
  facet normal -0.207773 0.978177 0
    outer loop
      vertex -33.2521 -95.1217 0
      vertex -33.5793 -95.1912 3
      vertex -33.2521 -95.1217 3
    endloop
  endfacet
  facet normal -0.207773 0.978177 0
    outer loop
      vertex -33.5793 -95.1912 3
      vertex -33.2521 -95.1217 0
      vertex -33.5793 -95.1912 0
    endloop
  endfacet
  facet normal -0.406832 0.913503 0
    outer loop
      vertex 34.5465 -94.9856 0
      vertex 34.2409 -95.1217 3
      vertex 34.5465 -94.9856 3
    endloop
  endfacet
  facet normal -0.406832 0.913503 0
    outer loop
      vertex 34.2409 -95.1217 3
      vertex 34.5465 -94.9856 0
      vertex 34.2409 -95.1217 0
    endloop
  endfacet
  facet normal -0.587781 0.80902 0
    outer loop
      vertex 34.8171 -94.789 0
      vertex 34.5465 -94.9856 3
      vertex 34.8171 -94.789 3
    endloop
  endfacet
  facet normal -0.587781 0.80902 0
    outer loop
      vertex 34.5465 -94.9856 3
      vertex 34.8171 -94.789 0
      vertex 34.5465 -94.9856 0
    endloop
  endfacet
  facet normal -0.743071 0.669213 0
    outer loop
      vertex 34.8171 -94.789 0
      vertex 35.0409 -94.5405 3
      vertex 35.0409 -94.5405 0
    endloop
  endfacet
  facet normal -0.743071 0.669213 0
    outer loop
      vertex 35.0409 -94.5405 3
      vertex 34.8171 -94.789 0
      vertex 34.8171 -94.789 3
    endloop
  endfacet
  facet normal -0.865972 0.500093 0
    outer loop
      vertex 35.0409 -94.5405 0
      vertex 35.2082 -94.2508 3
      vertex 35.2082 -94.2508 0
    endloop
  endfacet
  facet normal -0.865972 0.500093 0
    outer loop
      vertex 35.2082 -94.2508 3
      vertex 35.0409 -94.5405 0
      vertex 35.0409 -94.5405 3
    endloop
  endfacet
  facet normal -0.951135 0.308775 0
    outer loop
      vertex 35.2082 -94.2508 0
      vertex 35.3115 -93.9326 3
      vertex 35.3115 -93.9326 0
    endloop
  endfacet
  facet normal -0.951135 0.308775 0
    outer loop
      vertex 35.3115 -93.9326 3
      vertex 35.2082 -94.2508 0
      vertex 35.2082 -94.2508 3
    endloop
  endfacet
  facet normal -0.994509 0.104654 0
    outer loop
      vertex 35.3115 -93.9326 0
      vertex 35.3465 -93.6 3
      vertex 35.3465 -93.6 0
    endloop
  endfacet
  facet normal -0.994509 0.104654 0
    outer loop
      vertex 35.3465 -93.6 3
      vertex 35.3115 -93.9326 0
      vertex 35.3115 -93.9326 3
    endloop
  endfacet
  facet normal -0.994512 -0.104623 0
    outer loop
      vertex 35.3465 -93.6 0
      vertex 35.3115 -93.2673 3
      vertex 35.3115 -93.2673 0
    endloop
  endfacet
  facet normal -0.994512 -0.104623 0
    outer loop
      vertex 35.3115 -93.2673 3
      vertex 35.3465 -93.6 0
      vertex 35.3465 -93.6 3
    endloop
  endfacet
  facet normal -0.951107 -0.308863 0
    outer loop
      vertex 35.3115 -93.2673 0
      vertex 35.2082 -92.9492 3
      vertex 35.2082 -92.9492 0
    endloop
  endfacet
  facet normal -0.951107 -0.308863 0
    outer loop
      vertex 35.2082 -92.9492 3
      vertex 35.3115 -93.2673 0
      vertex 35.3115 -93.2673 3
    endloop
  endfacet
  facet normal -0.865972 -0.500093 0
    outer loop
      vertex 35.2082 -92.9492 0
      vertex 35.0409 -92.6595 3
      vertex 35.0409 -92.6595 0
    endloop
  endfacet
  facet normal -0.865972 -0.500093 0
    outer loop
      vertex 35.0409 -92.6595 3
      vertex 35.2082 -92.9492 0
      vertex 35.2082 -92.9492 3
    endloop
  endfacet
  facet normal -0.743071 -0.669213 0
    outer loop
      vertex 35.0409 -92.6595 0
      vertex 34.8171 -92.411 3
      vertex 34.8171 -92.411 0
    endloop
  endfacet
  facet normal -0.743071 -0.669213 0
    outer loop
      vertex 34.8171 -92.411 3
      vertex 35.0409 -92.6595 0
      vertex 35.0409 -92.6595 3
    endloop
  endfacet
  facet normal -0.587781 -0.80902 0
    outer loop
      vertex 34.5465 -92.2144 0
      vertex 34.8171 -92.411 3
      vertex 34.5465 -92.2144 3
    endloop
  endfacet
  facet normal -0.587781 -0.80902 -0
    outer loop
      vertex 34.8171 -92.411 3
      vertex 34.5465 -92.2144 0
      vertex 34.8171 -92.411 0
    endloop
  endfacet
  facet normal -0.406832 -0.913503 0
    outer loop
      vertex 34.2409 -92.0783 0
      vertex 34.5465 -92.2144 3
      vertex 34.2409 -92.0783 3
    endloop
  endfacet
  facet normal -0.406832 -0.913503 -0
    outer loop
      vertex 34.5465 -92.2144 3
      vertex 34.2409 -92.0783 0
      vertex 34.5465 -92.2144 0
    endloop
  endfacet
  facet normal -0.207773 -0.978177 0
    outer loop
      vertex 33.9137 -92.0088 0
      vertex 34.2409 -92.0783 3
      vertex 33.9137 -92.0088 3
    endloop
  endfacet
  facet normal -0.207773 -0.978177 -0
    outer loop
      vertex 34.2409 -92.0783 3
      vertex 33.9137 -92.0088 0
      vertex 34.2409 -92.0783 0
    endloop
  endfacet
  facet normal 0 -1 0
    outer loop
      vertex 33.5793 -92.0088 0
      vertex 33.9137 -92.0088 3
      vertex 33.5793 -92.0088 3
    endloop
  endfacet
  facet normal 0 -1 -0
    outer loop
      vertex 33.9137 -92.0088 3
      vertex 33.5793 -92.0088 0
      vertex 33.9137 -92.0088 0
    endloop
  endfacet
  facet normal 0.207773 -0.978177 0
    outer loop
      vertex 33.2521 -92.0783 0
      vertex 33.5793 -92.0088 3
      vertex 33.2521 -92.0783 3
    endloop
  endfacet
  facet normal 0.207773 -0.978177 0
    outer loop
      vertex 33.5793 -92.0088 3
      vertex 33.2521 -92.0783 0
      vertex 33.5793 -92.0088 0
    endloop
  endfacet
  facet normal 0.406832 -0.913503 0
    outer loop
      vertex 32.9465 -92.2144 0
      vertex 33.2521 -92.0783 3
      vertex 32.9465 -92.2144 3
    endloop
  endfacet
  facet normal 0.406832 -0.913503 0
    outer loop
      vertex 33.2521 -92.0783 3
      vertex 32.9465 -92.2144 0
      vertex 33.2521 -92.0783 0
    endloop
  endfacet
  facet normal 0.587781 -0.80902 0
    outer loop
      vertex 32.6759 -92.411 0
      vertex 32.9465 -92.2144 3
      vertex 32.6759 -92.411 3
    endloop
  endfacet
  facet normal 0.587781 -0.80902 0
    outer loop
      vertex 32.9465 -92.2144 3
      vertex 32.6759 -92.411 0
      vertex 32.9465 -92.2144 0
    endloop
  endfacet
  facet normal 0.743071 -0.669213 0
    outer loop
      vertex 32.4521 -92.6595 3
      vertex 32.6759 -92.411 0
      vertex 32.6759 -92.411 3
    endloop
  endfacet
  facet normal 0.743071 -0.669213 0
    outer loop
      vertex 32.6759 -92.411 0
      vertex 32.4521 -92.6595 3
      vertex 32.4521 -92.6595 0
    endloop
  endfacet
  facet normal 0.865972 -0.500093 0
    outer loop
      vertex 32.2848 -92.9492 3
      vertex 32.4521 -92.6595 0
      vertex 32.4521 -92.6595 3
    endloop
  endfacet
  facet normal 0.865972 -0.500093 0
    outer loop
      vertex 32.4521 -92.6595 0
      vertex 32.2848 -92.9492 3
      vertex 32.2848 -92.9492 0
    endloop
  endfacet
  facet normal 0.951107 -0.308863 0
    outer loop
      vertex 32.1815 -93.2673 3
      vertex 32.2848 -92.9492 0
      vertex 32.2848 -92.9492 3
    endloop
  endfacet
  facet normal 0.951107 -0.308863 0
    outer loop
      vertex 32.2848 -92.9492 0
      vertex 32.1815 -93.2673 3
      vertex 32.1815 -93.2673 0
    endloop
  endfacet
  facet normal 0.994512 -0.104623 0
    outer loop
      vertex 32.1465 -93.6 3
      vertex 32.1815 -93.2673 0
      vertex 32.1815 -93.2673 3
    endloop
  endfacet
  facet normal 0.994512 -0.104623 0
    outer loop
      vertex 32.1815 -93.2673 0
      vertex 32.1465 -93.6 3
      vertex 32.1465 -93.6 0
    endloop
  endfacet
  facet normal 0.994509 0.104654 0
    outer loop
      vertex 32.1815 -93.9326 3
      vertex 32.1465 -93.6 0
      vertex 32.1465 -93.6 3
    endloop
  endfacet
  facet normal 0.994509 0.104654 0
    outer loop
      vertex 32.1465 -93.6 0
      vertex 32.1815 -93.9326 3
      vertex 32.1815 -93.9326 0
    endloop
  endfacet
  facet normal 0.951135 0.308775 0
    outer loop
      vertex 32.2848 -94.2508 3
      vertex 32.1815 -93.9326 0
      vertex 32.1815 -93.9326 3
    endloop
  endfacet
  facet normal 0.951135 0.308775 0
    outer loop
      vertex 32.1815 -93.9326 0
      vertex 32.2848 -94.2508 3
      vertex 32.2848 -94.2508 0
    endloop
  endfacet
  facet normal 0.865972 0.500093 0
    outer loop
      vertex 32.4521 -94.5405 3
      vertex 32.2848 -94.2508 0
      vertex 32.2848 -94.2508 3
    endloop
  endfacet
  facet normal 0.865972 0.500093 0
    outer loop
      vertex 32.2848 -94.2508 0
      vertex 32.4521 -94.5405 3
      vertex 32.4521 -94.5405 0
    endloop
  endfacet
  facet normal 0.743071 0.669213 0
    outer loop
      vertex 32.6759 -94.789 3
      vertex 32.4521 -94.5405 0
      vertex 32.4521 -94.5405 3
    endloop
  endfacet
  facet normal 0.743071 0.669213 0
    outer loop
      vertex 32.4521 -94.5405 0
      vertex 32.6759 -94.789 3
      vertex 32.6759 -94.789 0
    endloop
  endfacet
  facet normal 0.587781 0.80902 -0
    outer loop
      vertex 32.9465 -94.9856 0
      vertex 32.6759 -94.789 3
      vertex 32.9465 -94.9856 3
    endloop
  endfacet
  facet normal 0.587781 0.80902 0
    outer loop
      vertex 32.6759 -94.789 3
      vertex 32.9465 -94.9856 0
      vertex 32.6759 -94.789 0
    endloop
  endfacet
  facet normal 0.406832 0.913503 -0
    outer loop
      vertex 33.2521 -95.1217 0
      vertex 32.9465 -94.9856 3
      vertex 33.2521 -95.1217 3
    endloop
  endfacet
  facet normal 0.406832 0.913503 0
    outer loop
      vertex 32.9465 -94.9856 3
      vertex 33.2521 -95.1217 0
      vertex 32.9465 -94.9856 0
    endloop
  endfacet
  facet normal 0.207773 0.978177 -0
    outer loop
      vertex 33.5793 -95.1912 0
      vertex 33.2521 -95.1217 3
      vertex 33.5793 -95.1912 3
    endloop
  endfacet
  facet normal 0.207773 0.978177 0
    outer loop
      vertex 33.2521 -95.1217 3
      vertex 33.5793 -95.1912 0
      vertex 33.2521 -95.1217 0
    endloop
  endfacet
  facet normal 0 1 -0
    outer loop
      vertex 33.9137 -95.1912 0
      vertex 33.5793 -95.1912 3
      vertex 33.9137 -95.1912 3
    endloop
  endfacet
  facet normal 0 1 0
    outer loop
      vertex 33.5793 -95.1912 3
      vertex 33.9137 -95.1912 0
      vertex 33.5793 -95.1912 0
    endloop
  endfacet
  facet normal -0.207773 0.978177 0
    outer loop
      vertex 34.2409 -95.1217 0
      vertex 33.9137 -95.1912 3
      vertex 34.2409 -95.1217 3
    endloop
  endfacet
  facet normal -0.207773 0.978177 0
    outer loop
      vertex 33.9137 -95.1912 3
      vertex 34.2409 -95.1217 0
      vertex 33.9137 -95.1912 0
    endloop
  endfacet
endsolid OpenSCAD_Model
